-- MySQL dump 10.13  Distrib 5.7.42, for Linux (x86_64)
--
-- Host: localhost    Database: waterworks
-- ------------------------------------------------------
-- Server version	5.7.42-0ubuntu0.18.04.1

/*!40101 SET @OLD_CHARACTER_SET_CLIENT=@@CHARACTER_SET_CLIENT */;
/*!40101 SET @OLD_CHARACTER_SET_RESULTS=@@CHARACTER_SET_RESULTS */;
/*!40101 SET @OLD_COLLATION_CONNECTION=@@COLLATION_CONNECTION */;
/*!40101 SET NAMES utf8 */;
/*!40103 SET @OLD_TIME_ZONE=@@TIME_ZONE */;
/*!40103 SET TIME_ZONE='+00:00' */;
/*!40014 SET @OLD_UNIQUE_CHECKS=@@UNIQUE_CHECKS, UNIQUE_CHECKS=0 */;
/*!40014 SET @OLD_FOREIGN_KEY_CHECKS=@@FOREIGN_KEY_CHECKS, FOREIGN_KEY_CHECKS=0 */;
/*!40101 SET @OLD_SQL_MODE=@@SQL_MODE, SQL_MODE='NO_AUTO_VALUE_ON_ZERO' */;
/*!40111 SET @OLD_SQL_NOTES=@@SQL_NOTES, SQL_NOTES=0 */;

--
-- Table structure for table `sys_email_template`
--

DROP TABLE IF EXISTS `sys_email_template`;
/*!40101 SET @saved_cs_client     = @@character_set_client */;
/*!40101 SET character_set_client = utf8 */;
CREATE TABLE `sys_email_template` (
  `objid` varchar(50) NOT NULL,
  `message` mediumtext,
  PRIMARY KEY (`objid`)
) ENGINE=InnoDB DEFAULT CHARSET=utf8;
/*!40101 SET character_set_client = @saved_cs_client */;

--
-- Dumping data for table `sys_email_template`
--

LOCK TABLES `sys_email_template` WRITE;
/*!40000 ALTER TABLE `sys_email_template` DISABLE KEYS */;
/*!40000 ALTER TABLE `sys_email_template` ENABLE KEYS */;
UNLOCK TABLES;

--
-- Table structure for table `sys_rule`
--

DROP TABLE IF EXISTS `sys_rule`;
/*!40101 SET @saved_cs_client     = @@character_set_client */;
/*!40101 SET character_set_client = utf8 */;
CREATE TABLE `sys_rule` (
  `objid` varchar(50) NOT NULL,
  `state` varchar(25) DEFAULT NULL,
  `name` varchar(50) NOT NULL,
  `ruleset` varchar(50) NOT NULL,
  `rulegroup` varchar(50) DEFAULT NULL,
  `title` varchar(250) DEFAULT NULL,
  `description` longtext,
  `salience` int(11) DEFAULT NULL,
  `effectivefrom` date DEFAULT NULL,
  `effectiveto` date DEFAULT NULL,
  `dtfiled` datetime DEFAULT NULL,
  `user_objid` varchar(50) DEFAULT NULL,
  `user_name` varchar(100) DEFAULT NULL,
  `noloop` int(11) DEFAULT NULL,
  PRIMARY KEY (`objid`),
  KEY `ix_rulegroup_ruleset` (`rulegroup`,`ruleset`),
  KEY `ix_ruleset` (`ruleset`),
  CONSTRAINT `fk_sys_rule_rulegroup_ruleset` FOREIGN KEY (`rulegroup`, `ruleset`) REFERENCES `sys_rulegroup` (`name`, `ruleset`),
  CONSTRAINT `fk_sys_rule_ruleset` FOREIGN KEY (`ruleset`) REFERENCES `sys_ruleset` (`name`)
) ENGINE=InnoDB DEFAULT CHARSET=utf8;
/*!40101 SET character_set_client = @saved_cs_client */;

--
-- Dumping data for table `sys_rule`
--

LOCK TABLES `sys_rule` WRITE;
/*!40000 ALTER TABLE `sys_rule` DISABLE KEYS */;
INSERT INTO `sys_rule` VALUES ('RUL-11bed5a3:183b001786f:-7724','APPROVED','NEW_WATER_CONNECTION','waterworksbilling','computefee','NEW WATER CONNECTION',NULL,50000,NULL,NULL,'2022-10-07 09:44:01','USR-6969defc:157f79cdab6:-7fe8','MARJUN',1),('RUL-11bed5a3:183b001786f:-7f9a','APPROVED','NEW_APPLICATION','waterworksapplication','computefee','NEW APPLICATION',NULL,50000,NULL,NULL,'2022-10-07 09:11:26','USR-6969defc:157f79cdab6:-7fe8','MARJUN',1),('RUL-237cdc8a:17a5a4b6ad6:-7b8f','DEPLOYED','RECONNECTION','waterworksapplication','computefee','RECONNECTION',NULL,50000,NULL,NULL,'2021-06-30 08:25:11','USR-6969defc:157f79cdab6:-7fe8','MARJUN',1),('RUL-27cb0e25:171e78a3ff8:-7f51','DEPLOYED','WATER_SURCHARGE_PREV_YEARS','waterworksbilling','surcharge','water surcharge previous years',NULL,50000,NULL,NULL,'2020-05-06 09:14:00','USR-6969defc:157f79cdab6:-7fe8','MARJUN',1),('RUL-2de32a32:17340d99c05:-4d8f','APPROVED','RESIDENTIAL_LOT_DONOR','waterworkscomputation','initial','Residential Lot Donor',NULL,100000,NULL,NULL,'2020-07-12 18:41:00','USR-ADMIN','ADMIN',1),('RUL-3122a9f8:1719a2d6391:-7cd2','APPROVED','WATERWBILL_DISCOUNT','waterworkspayment','discount','water bill discount',NULL,50000,NULL,NULL,'2020-04-21 08:41:03','USR-ADMIN','ADMIN',1),('RUL-3e73499b:188fa27c08e:-6a99','APPROVED','RESIDENTIAL_CATIGBIAN','waterworkscomputation','initial','RESIDENTIAL',NULL,50000,NULL,NULL,'2023-06-27 13:37:38','USR7e15465b:14a51353b1a:-7fb7','ADMIN',1),('RUL-40c963f2:189aec343e9:-6ba8','APPROVED','WATER_METER','waterworksbilling','computefee','WATER METER',NULL,50000,NULL,NULL,'2023-08-01 02:11:07','USR7e15465b:14a51353b1a:-7fb7','ADMIN',1),('RUL-41ebd74d:18827bf65dc:-7ab6','DEPLOYED','S20','waterworksbillingschedule','initial','Billing Schedule Due Date 20',NULL,50000,NULL,NULL,'2023-05-17 14:01:25','USR7e15465b:14a51353b1a:-7fb7','ADMIN',1),('RUL-43b1e736:189877bfd37:-10f6','DEPLOYED','NEW_WATER_CONNECTION','waterworksapplication','computefee','NEW WATER CONNECTION',NULL,50000,NULL,NULL,'2023-07-25 05:25:19','USR7e15465b:14a51353b1a:-7fb7','ADMIN',1),('RUL-43b1e736:189877bfd37:-7ecc','DEPLOYED','CHANGE_OWNER','waterworksapplication','computefee','CHANGE OWNER',NULL,50000,NULL,NULL,'2023-07-25 01:51:19','USR7e15465b:14a51353b1a:-7fb7','ADMIN',1),('RUL-4a9bb9ff:181272b41bf:-7f64','APPROVED','RECONECTION','waterworksbilling','computefee','RECONECTION',NULL,50000,NULL,NULL,'2022-06-03 09:24:35','USR-6969defc:157f79cdab6:-7fe8','MARJUN',1),('RUL-70f27024:18976d5cdd8:-7a19','DEPLOYED','INSTITUTIONAL_GH','waterworkscomputation','initial','INSTITUTIONAL_GH',NULL,50000,NULL,NULL,'2023-07-21 05:29:33','USR7e15465b:14a51353b1a:-7fb7','ADMIN',1),('RUL-70f27024:18976d5cdd8:-7c48','DEPLOYED','COMMERCIAL_GH','waterworkscomputation','initial','COMMERCIAL_GH',NULL,50000,NULL,NULL,'2023-07-21 05:26:05','USR7e15465b:14a51353b1a:-7fb7','ADMIN',1),('RUL-7c70974f:171aef4aa82:-7c95','DEPLOYED','APPLY_DEPOSIT','waterworkspayment','payment','APPLY DEPOSIT',NULL,50000,NULL,NULL,'2020-04-25 09:45:10','USR-ADMIN','ADMIN',1),('RUL-7c7445be:18904845749:-33d5','APPROVED','COMMERCIAL_CATIGBIAN','waterworkscomputation','initial','COMMERCIAL',NULL,50000,NULL,NULL,'2023-06-29 13:17:38','USR7e15465b:14a51353b1a:-7fb7','ADMIN',1),('RUL304e882a:171c8fba402:-70ce','APPROVED','COMMERCIAL','waterworkscomputation','initial','COMMERCIAL',NULL,50000,NULL,NULL,'2020-04-30 12:02:23','USR-6969defc:157f79cdab6:-7fe8','MARJUN',1),('RUL304e882a:171c8fba402:-74d0','DEPLOYED','RESIDENTIAL','waterworkscomputation','initial','RESIDENTIAL',NULL,50000,NULL,NULL,'2020-04-30 11:01:41','USR-6969defc:157f79cdab6:-7fe8','MARJUN',1),('RUL5de3f7b7:171951e807a:-746c','DEPLOYED','WATER_SURCHARGE','waterworksbilling','surcharge','WATER SURCHARGE',NULL,50000,NULL,NULL,'2020-04-20 09:36:14','USR-ADMIN','ADMIN',1),('RUL5fabf4a4:18961f59a58:-65d8','DEPLOYED','MAP_WATER_PENALTY_PREVIOUS','waterworkspayment','account-mapping','MAP  WATER Penalty for the previous period',NULL,50000,NULL,NULL,'2023-07-17 13:50:45','USR7e15465b:14a51353b1a:-7fb7','ADMIN',1),('RUL5fabf4a4:18961f59a58:-6632','DEPLOYED','MAP_WATER_PENALTY_CURRENT','waterworkspayment','account-mapping','MAP  WATER Penalty for the current period',NULL,50000,NULL,NULL,'2023-07-17 13:50:02','USR7e15465b:14a51353b1a:-7fb7','ADMIN',1),('RUL5fabf4a4:18961f59a58:-6770','DEPLOYED','MAP_WATER_FEE_PREVIOUS','waterworkspayment','account-mapping','MAP WATER FEE for the previous period',NULL,50000,NULL,NULL,'2023-07-17 13:48:18','USR7e15465b:14a51353b1a:-7fb7','ADMIN',1),('RUL5fabf4a4:18961f59a58:-6a22','DEPLOYED','MAP_WATER_FEE_CURRENT','waterworkspayment','account-mapping','MAP WATER FEE for the current period',NULL,50000,NULL,NULL,'2023-07-17 13:44:48','USR7e15465b:14a51353b1a:-7fb7','ADMIN',1),('RUL6467d37d:1728451ba8a:-6340','APPROVED','S30','waterworksbillingschedule','initial','Billing Schedule Due Date 30',NULL,50000,NULL,NULL,'2020-06-05 20:52:54','USR-ADMIN','ADMIN',1),('RUL6467d37d:1728451ba8a:-6579','APPROVED','S21','waterworksbillingschedule','initial','Billing Schedule Due Date 21',NULL,50000,NULL,NULL,'2020-06-05 20:46:05','USR-ADMIN','ADMIN',1),('RUL6467d37d:1728451ba8a:-6f49','APPROVED','S15','waterworksbillingschedule','initial','Billing Schedule Due Date 15',NULL,50000,NULL,NULL,'2020-06-05 20:14:17','USR-ADMIN','ADMIN',1),('RUL6467d37d:1728451ba8a:-6fc4','APPROVED','S07','waterworksbillingschedule','initial','Billing Schedule Due Date 7',NULL,50000,NULL,NULL,'2020-06-05 20:13:45','USR-ADMIN','ADMIN',1),('RUL746193b0:1684af9777d:-760b','DEPLOYED','APPLY_EXCESS_PAYMENT','waterworkspayment','payment','APPLY EXCESS PAYMENT',NULL,50000,NULL,NULL,'2019-01-14 14:17:09','USR-ADMIN','ADMIN',1),('RUL746193b0:1684af9777d:-77bd','DEPLOYED','APPLY_PAYMENT','waterworkspayment','payment','APPLY PAYMENT',NULL,50000,NULL,NULL,'2019-01-14 14:16:20','USR-ADMIN','ADMIN',1),('RUL7b139fa4:171e2269d93:-7e90','DEPLOYED','ADD_WATER_BILL_ITEM','waterworksbilling','computefee','Add water bill item',NULL,50000,NULL,NULL,'2020-05-05 08:13:56','USR-6969defc:157f79cdab6:-7fe8','MARJUN',1);
/*!40000 ALTER TABLE `sys_rule` ENABLE KEYS */;
UNLOCK TABLES;

--
-- Table structure for table `sys_rule_action`
--

DROP TABLE IF EXISTS `sys_rule_action`;
/*!40101 SET @saved_cs_client     = @@character_set_client */;
/*!40101 SET character_set_client = utf8 */;
CREATE TABLE `sys_rule_action` (
  `objid` varchar(50) NOT NULL,
  `parentid` varchar(50) DEFAULT NULL,
  `actiondef_objid` varchar(50) DEFAULT NULL,
  `actiondef_name` varchar(50) DEFAULT NULL,
  `pos` int(11) DEFAULT NULL,
  PRIMARY KEY (`objid`),
  KEY `ix_parentid` (`parentid`),
  KEY `ix_actiondef_objid` (`actiondef_objid`),
  CONSTRAINT `fk_sys_rule_action_actiondef_objid` FOREIGN KEY (`actiondef_objid`) REFERENCES `sys_rule_actiondef` (`objid`),
  CONSTRAINT `fk_sys_rule_action_parentid` FOREIGN KEY (`parentid`) REFERENCES `sys_rule` (`objid`)
) ENGINE=InnoDB DEFAULT CHARSET=utf8;
/*!40101 SET character_set_client = @saved_cs_client */;

--
-- Dumping data for table `sys_rule_action`
--

LOCK TABLES `sys_rule_action` WRITE;
/*!40000 ALTER TABLE `sys_rule_action` DISABLE KEYS */;
INSERT INTO `sys_rule_action` VALUES ('RA-53916268:188284c8d57:-7ffb','RUL-41ebd74d:18827bf65dc:-7ab6','waterworks.actions.SetWaterBillingPeriod','set-waterworks-billing-period',0),('RA-5553913a:188655cd51b:-7650','RUL-7c7445be:18904845749:-33d5','waterworks.actions.ComputeConsumption','compute-consumption',0),('RA-5553913a:188655cd51b:-7833','RUL-3e73499b:188fa27c08e:-6a99','waterworks.actions.ComputeConsumption','compute-consumption',0),('RA-7dc52fea:1896224ee96:-7faf','RUL5fabf4a4:18961f59a58:-65d8','treasury.actions.SetBillItemAccount','set-billitem-account',0),('RA-7dc52fea:1896224ee96:-7fb9','RUL5fabf4a4:18961f59a58:-6632','treasury.actions.SetBillItemAccount','set-billitem-account',0),('RA-7dc52fea:1896224ee96:-7fc1','RUL5fabf4a4:18961f59a58:-6770','treasury.actions.SetBillItemAccount','set-billitem-account',0),('RA-7dc52fea:1896224ee96:-7fc9','RUL5fabf4a4:18961f59a58:-6a22','treasury.actions.SetBillItemAccount','set-billitem-account',0),('RA-7eb5df34:1728466bdf1:-7fd4','RUL6467d37d:1728451ba8a:-6340','waterworks.actions.SetWaterBillingPeriod','set-waterworks-billing-period',0),('RA-7eb5df34:1728466bdf1:-7fe1','RUL6467d37d:1728451ba8a:-6579','waterworks.actions.SetWaterBillingPeriod','set-waterworks-billing-period',0),('RA-7eb5df34:1728466bdf1:-7fee','RUL6467d37d:1728451ba8a:-6f49','waterworks.actions.SetWaterBillingPeriod','set-waterworks-billing-period',0),('RA-7eb5df34:1728466bdf1:-7ffb','RUL6467d37d:1728451ba8a:-6fc4','waterworks.actions.SetWaterBillingPeriod','set-waterworks-billing-period',0),('RACT-27cb0e25:171e78a3ff8:-79a6','RUL-27cb0e25:171e78a3ff8:-7f51','waterworks.actions.AddWaterBillItem','add-waterbillitem',0),('RACT-2de32a32:17340d99c05:-4d29','RUL-2de32a32:17340d99c05:-4d8f','waterworks.actions.ComputeConsumption','compute-consumption',0),('RACT-40c963f2:189aec343e9:-67ee','RUL-40c963f2:189aec343e9:-6ba8','waterworks.actions.AddRecurringWaterBillItem','add-recurring-waterbillitem',0),('RACT-43b1e736:189877bfd37:-7d33','RUL-43b1e736:189877bfd37:-7ecc','treasury.actions.AddBillItem','add-billitem',0),('RACT-43b1e736:189877bfd37:-960','RUL-11bed5a3:183b001786f:-7f9a','treasury.actions.AddBillItem','add-billitem',0),('RACT-43b1e736:189877bfd37:-9dd','RUL-11bed5a3:183b001786f:-7f9a','treasury.actions.AddBillItem','add-billitem',0),('RACT-43b1e736:189877bfd37:-a53','RUL-11bed5a3:183b001786f:-7f9a','treasury.actions.AddBillItem','add-billitem',0),('RACT-43b1e736:189877bfd37:-abc','RUL-11bed5a3:183b001786f:-7f9a','treasury.actions.AddBillItem','add-billitem',0),('RACT-43b1e736:189877bfd37:-e9a','RUL-43b1e736:189877bfd37:-10f6','treasury.actions.AddBillItem','add-billitem',0),('RACT-43b1e736:189877bfd37:-f03','RUL-43b1e736:189877bfd37:-10f6','treasury.actions.AddBillItem','add-billitem',0),('RACT-43b1e736:189877bfd37:-f90','RUL-43b1e736:189877bfd37:-10f6','treasury.actions.AddBillItem','add-billitem',0),('RACT-43b1e736:189877bfd37:120a','RUL-43b1e736:189877bfd37:-10f6','treasury.actions.AddBillItem','add-billitem',0),('RACT-43b1e736:189877bfd37:211e','RUL-43b1e736:189877bfd37:-10f6','treasury.actions.AddBillItem','add-billitem',0),('RACT-6471644e:171b69fea57:-6758','RUL-3122a9f8:1719a2d6391:-7cd2','treasury.actions.AddDiscountItem','add-discount-item',0),('RACT-677e18e0:1897651ee1b:-7b29','RUL304e882a:171c8fba402:-74d0','waterworks.actions.ComputeConsumption','compute-consumption',0),('RACT-6bdca530:16fa295b523:-7b93','RUL746193b0:1684af9777d:-760b','treasury.actions.AddCreditBillItem','add-credit-billitem',0),('RACT-70f27024:18976d5cdd8:-7408','RUL-11bed5a3:183b001786f:-7724','waterworks.actions.AddRecurringWaterBillItem','add-recurring-waterbillitem',0),('RACT-70f27024:18976d5cdd8:-78e5','RUL-70f27024:18976d5cdd8:-7a19','waterworks.actions.ComputeConsumption','compute-consumption',0),('RACT-70f27024:18976d5cdd8:-7abe','RUL-70f27024:18976d5cdd8:-7c48','waterworks.actions.ComputeConsumption','compute-consumption',0),('RACT-7c70974f:171aef4aa82:-7bc1','RUL-7c70974f:171aef4aa82:-7c95','treasury.actions.AddCreditBillItem','add-credit-billitem',0),('RACT304e882a:171c8fba402:-6f67','RUL304e882a:171c8fba402:-70ce','waterworks.actions.ComputeConsumption','compute-consumption',0),('RACT5de3f7b7:171951e807a:-667f','RUL5de3f7b7:171951e807a:-746c','waterworks.actions.AddWaterBillItem','add-waterbillitem',0),('RACT746193b0:1684af9777d:-7656','RUL746193b0:1684af9777d:-77bd','treasury.actions.ApplyPayment','apply-payment',0),('RACT765e5636:1814c08fcad:-714d','RUL-237cdc8a:17a5a4b6ad6:-7b8f','treasury.actions.AddBillItem','add-billitem',0),('RACT7b139fa4:171e2269d93:-7b4a','RUL7b139fa4:171e2269d93:-7e90','waterworks.actions.AddWaterBillItem','add-waterbillitem',0);
/*!40000 ALTER TABLE `sys_rule_action` ENABLE KEYS */;
UNLOCK TABLES;

--
-- Table structure for table `sys_rule_action_param`
--

DROP TABLE IF EXISTS `sys_rule_action_param`;
/*!40101 SET @saved_cs_client     = @@character_set_client */;
/*!40101 SET character_set_client = utf8 */;
CREATE TABLE `sys_rule_action_param` (
  `objid` varchar(50) NOT NULL,
  `parentid` varchar(50) DEFAULT NULL,
  `actiondefparam_objid` varchar(100) DEFAULT NULL,
  `stringvalue` varchar(255) DEFAULT NULL,
  `booleanvalue` int(11) DEFAULT NULL,
  `var_objid` varchar(50) DEFAULT NULL,
  `var_name` varchar(50) DEFAULT NULL,
  `expr` longtext,
  `exprtype` varchar(25) DEFAULT NULL,
  `pos` int(11) DEFAULT NULL,
  `obj_key` varchar(50) DEFAULT NULL,
  `obj_value` varchar(255) DEFAULT NULL,
  `listvalue` longtext,
  `lov` varchar(50) DEFAULT NULL,
  `rangeoption` int(11) DEFAULT NULL,
  PRIMARY KEY (`objid`),
  KEY `ix_parentid` (`parentid`),
  KEY `ix_var_objid` (`var_objid`),
  KEY `ix_actiondefparam_objid` (`actiondefparam_objid`),
  CONSTRAINT `fk_sys_rule_action_param_actiondefparam_objid` FOREIGN KEY (`actiondefparam_objid`) REFERENCES `sys_rule_actiondef_param` (`objid`),
  CONSTRAINT `fk_sys_rule_action_param_parentid` FOREIGN KEY (`parentid`) REFERENCES `sys_rule_action` (`objid`)
) ENGINE=InnoDB DEFAULT CHARSET=utf8;
/*!40101 SET character_set_client = @saved_cs_client */;

--
-- Dumping data for table `sys_rule_action_param`
--

LOCK TABLES `sys_rule_action_param` WRITE;
/*!40000 ALTER TABLE `sys_rule_action_param` DISABLE KEYS */;
INSERT INTO `sys_rule_action_param` VALUES ('RAP-53916268:188284c8d57:-7ff3','RA-53916268:188284c8d57:-7ffb','waterworks.actions.SetWaterBillingPeriod.readingenddate',NULL,NULL,NULL,NULL,'@DATE( YR , MON, 10 );','expression',NULL,NULL,NULL,NULL,NULL,NULL),('RAP-53916268:188284c8d57:-7ff4','RA-53916268:188284c8d57:-7ffb','waterworks.actions.SetWaterBillingPeriod.billingperiod',NULL,NULL,'RC-53916268:188284c8d57:-7ffe','BILPRD',NULL,NULL,NULL,NULL,NULL,NULL,NULL,NULL),('RAP-53916268:188284c8d57:-7ff5','RA-53916268:188284c8d57:-7ffb','waterworks.actions.SetWaterBillingPeriod.fromdate',NULL,NULL,NULL,NULL,'@MONTHADD( @DATE( YR , MON , 20 ), -1 );','expression',NULL,NULL,NULL,NULL,NULL,NULL),('RAP-53916268:188284c8d57:-7ff6','RA-53916268:188284c8d57:-7ffb','waterworks.actions.SetWaterBillingPeriod.todate',NULL,NULL,NULL,NULL,'@DATE( YR , MON , 20 );','expression',NULL,NULL,NULL,NULL,NULL,NULL),('RAP-53916268:188284c8d57:-7ff7','RA-53916268:188284c8d57:-7ffb','waterworks.actions.SetWaterBillingPeriod.duedate',NULL,NULL,NULL,NULL,'@MONTHADD(@DATE( YR , MON,  20 ), +1);','expression',NULL,NULL,NULL,NULL,NULL,NULL),('RAP-53916268:188284c8d57:-7ff8','RA-53916268:188284c8d57:-7ffb','waterworks.actions.SetWaterBillingPeriod.billexpirydate',NULL,NULL,NULL,NULL,'@MONTHADD( @DATE( YR , MON,  11), 1)','expression',NULL,NULL,NULL,NULL,NULL,NULL),('RAP-53916268:188284c8d57:-7ff9','RA-53916268:188284c8d57:-7ffb','waterworks.actions.SetWaterBillingPeriod.readingdate',NULL,NULL,NULL,NULL,'@DATE( YR , MON , 1 );','expression',NULL,NULL,NULL,NULL,NULL,NULL),('RAP-53916268:188284c8d57:-7ffa','RA-53916268:188284c8d57:-7ffb','waterworks.actions.SetWaterBillingPeriod.billdate',NULL,NULL,NULL,NULL,'@DATE( YR , MON,  15 );','expression',NULL,NULL,NULL,NULL,NULL,NULL),('RAP-5553913a:188655cd51b:-764e','RA-5553913a:188655cd51b:-7650','waterworks.actions.ComputeConsumption.ref',NULL,NULL,'RC-5553913a:188655cd51b:-7654','WC',NULL,NULL,NULL,NULL,NULL,NULL,NULL,NULL),('RAP-5553913a:188655cd51b:-764f','RA-5553913a:188655cd51b:-7650','waterworks.actions.ComputeConsumption.amount',NULL,NULL,NULL,NULL,'VOL * 50','expression',NULL,NULL,NULL,NULL,NULL,NULL),('RAP-5553913a:188655cd51b:-7831','RA-5553913a:188655cd51b:-7833','waterworks.actions.ComputeConsumption.ref',NULL,NULL,'RC-5553913a:188655cd51b:-7837','WC',NULL,NULL,NULL,NULL,NULL,NULL,NULL,NULL),('RAP-7dc52fea:1896224ee96:-7fad','RA-7dc52fea:1896224ee96:-7faf','treasury.actions.SetBillItemAccount.billitem',NULL,NULL,'RC-7dc52fea:1896224ee96:-7fb4','WBI',NULL,NULL,NULL,NULL,NULL,NULL,NULL,NULL),('RAP-7dc52fea:1896224ee96:-7fae','RA-7dc52fea:1896224ee96:-7faf','treasury.actions.SetBillItemAccount.account',NULL,NULL,NULL,NULL,NULL,NULL,NULL,'ITMACCT67c6ebd5:18962485bbb:-7cdd','WATER PENALTY PREVIOUS',NULL,NULL,NULL),('RAP-7dc52fea:1896224ee96:-7fb7','RA-7dc52fea:1896224ee96:-7fb9','treasury.actions.SetBillItemAccount.account',NULL,NULL,NULL,NULL,NULL,NULL,NULL,'ITMACCT67c6ebd5:18962485bbb:-7c8b','WATER PENALTY CURRENT',NULL,NULL,NULL),('RAP-7dc52fea:1896224ee96:-7fb8','RA-7dc52fea:1896224ee96:-7fb9','treasury.actions.SetBillItemAccount.billitem',NULL,NULL,'RC-7dc52fea:1896224ee96:-7fbc','WBI',NULL,NULL,NULL,NULL,NULL,NULL,NULL,NULL),('RAP-7dc52fea:1896224ee96:-7fbf','RA-7dc52fea:1896224ee96:-7fc1','treasury.actions.SetBillItemAccount.account',NULL,NULL,NULL,NULL,NULL,NULL,NULL,'ITMACCT5fabf4a4:18961f59a58:-744e','WATER FEE PREVIOUS',NULL,NULL,NULL),('RAP-7dc52fea:1896224ee96:-7fc0','RA-7dc52fea:1896224ee96:-7fc1','treasury.actions.SetBillItemAccount.billitem',NULL,NULL,'RC-7dc52fea:1896224ee96:-7fc4','WBI',NULL,NULL,NULL,NULL,NULL,NULL,NULL,NULL),('RAP-7dc52fea:1896224ee96:-7fc7','RA-7dc52fea:1896224ee96:-7fc9','treasury.actions.SetBillItemAccount.billitem',NULL,NULL,'RC-7dc52fea:1896224ee96:-7fce','WBI',NULL,NULL,NULL,NULL,NULL,NULL,NULL,NULL),('RAP-7dc52fea:1896224ee96:-7fc8','RA-7dc52fea:1896224ee96:-7fc9','treasury.actions.SetBillItemAccount.account',NULL,NULL,NULL,NULL,NULL,NULL,NULL,'ITMACCT5fabf4a4:18961f59a58:-7400','WATER FEE CURRENT',NULL,NULL,NULL),('RAP-7eb5df34:1728466bdf1:-7fcd','RA-7eb5df34:1728466bdf1:-7fd4','waterworks.actions.SetWaterBillingPeriod.billdate',NULL,NULL,NULL,NULL,'@DATE( YR , MON,  24 );','expression',NULL,NULL,NULL,NULL,NULL,NULL),('RAP-7eb5df34:1728466bdf1:-7fce','RA-7eb5df34:1728466bdf1:-7fd4','waterworks.actions.SetWaterBillingPeriod.readingdate',NULL,NULL,NULL,NULL,'@DATE( YR , MON , 18 );','expression',NULL,NULL,NULL,NULL,NULL,NULL),('RAP-7eb5df34:1728466bdf1:-7fcf','RA-7eb5df34:1728466bdf1:-7fd4','waterworks.actions.SetWaterBillingPeriod.billexpirydate',NULL,NULL,NULL,NULL,'@MONTHADD( @DATE( YR , MON,  16), 1)','expression',NULL,NULL,NULL,NULL,NULL,NULL),('RAP-7eb5df34:1728466bdf1:-7fd0','RA-7eb5df34:1728466bdf1:-7fd4','waterworks.actions.SetWaterBillingPeriod.duedate',NULL,NULL,NULL,NULL,'@DATE( YR , MON,  30 );','expression',NULL,NULL,NULL,NULL,NULL,NULL),('RAP-7eb5df34:1728466bdf1:-7fd1','RA-7eb5df34:1728466bdf1:-7fd4','waterworks.actions.SetWaterBillingPeriod.todate',NULL,NULL,NULL,NULL,'@DATE( YR , MON , 17 );','expression',NULL,NULL,NULL,NULL,NULL,NULL),('RAP-7eb5df34:1728466bdf1:-7fd2','RA-7eb5df34:1728466bdf1:-7fd4','waterworks.actions.SetWaterBillingPeriod.fromdate',NULL,NULL,NULL,NULL,'@MONTHADD( @DATE( YR , MON , 17 ), -1 );','expression',NULL,NULL,NULL,NULL,NULL,NULL),('RAP-7eb5df34:1728466bdf1:-7fd3','RA-7eb5df34:1728466bdf1:-7fd4','waterworks.actions.SetWaterBillingPeriod.billingperiod',NULL,NULL,'RC-7eb5df34:1728466bdf1:-7fd9','BILPRD',NULL,NULL,NULL,NULL,NULL,NULL,NULL,NULL),('RAP-7eb5df34:1728466bdf1:-7fda','RA-7eb5df34:1728466bdf1:-7fe1','waterworks.actions.SetWaterBillingPeriod.billingperiod',NULL,NULL,'RC-7eb5df34:1728466bdf1:-7fe4','BILPRD',NULL,NULL,NULL,NULL,NULL,NULL,NULL,NULL),('RAP-7eb5df34:1728466bdf1:-7fdb','RA-7eb5df34:1728466bdf1:-7fe1','waterworks.actions.SetWaterBillingPeriod.fromdate',NULL,NULL,NULL,NULL,'@MONTHADD( @DATE( YR , MON , 7 ), -1 );','expression',NULL,NULL,NULL,NULL,NULL,NULL),('RAP-7eb5df34:1728466bdf1:-7fdc','RA-7eb5df34:1728466bdf1:-7fe1','waterworks.actions.SetWaterBillingPeriod.todate',NULL,NULL,NULL,NULL,'@DATE( YR , MON , 7 );','expression',NULL,NULL,NULL,NULL,NULL,NULL),('RAP-7eb5df34:1728466bdf1:-7fdd','RA-7eb5df34:1728466bdf1:-7fe1','waterworks.actions.SetWaterBillingPeriod.duedate',NULL,NULL,NULL,NULL,'@DATE( YR , MON,  21 );','expression',NULL,NULL,NULL,NULL,NULL,NULL),('RAP-7eb5df34:1728466bdf1:-7fde','RA-7eb5df34:1728466bdf1:-7fe1','waterworks.actions.SetWaterBillingPeriod.billexpirydate',NULL,NULL,NULL,NULL,'@MONTHADD( @DATE( YR , MON,  6), 1)','expression',NULL,NULL,NULL,NULL,NULL,NULL),('RAP-7eb5df34:1728466bdf1:-7fdf','RA-7eb5df34:1728466bdf1:-7fe1','waterworks.actions.SetWaterBillingPeriod.readingdate',NULL,NULL,NULL,NULL,'@DATE( YR , MON , 8 );','expression',NULL,NULL,NULL,NULL,NULL,NULL),('RAP-7eb5df34:1728466bdf1:-7fe0','RA-7eb5df34:1728466bdf1:-7fe1','waterworks.actions.SetWaterBillingPeriod.billdate',NULL,NULL,NULL,NULL,'@DATE( YR , MON,  15 );','expression',NULL,NULL,NULL,NULL,NULL,NULL),('RAP-7eb5df34:1728466bdf1:-7fe7','RA-7eb5df34:1728466bdf1:-7fee','waterworks.actions.SetWaterBillingPeriod.billdate',NULL,NULL,NULL,NULL,'@DATE( YR , MON,  9 )','expression',NULL,NULL,NULL,NULL,NULL,NULL),('RAP-7eb5df34:1728466bdf1:-7fe8','RA-7eb5df34:1728466bdf1:-7fee','waterworks.actions.SetWaterBillingPeriod.readingdate',NULL,NULL,NULL,NULL,'@DATE( YR , MON , 5 );','expression',NULL,NULL,NULL,NULL,NULL,NULL),('RAP-7eb5df34:1728466bdf1:-7fe9','RA-7eb5df34:1728466bdf1:-7fee','waterworks.actions.SetWaterBillingPeriod.billexpirydate',NULL,NULL,NULL,NULL,'@MONTHADD( @DATE( YR , MON,  3), 1)','expression',NULL,NULL,NULL,NULL,NULL,NULL),('RAP-7eb5df34:1728466bdf1:-7fea','RA-7eb5df34:1728466bdf1:-7fee','waterworks.actions.SetWaterBillingPeriod.duedate',NULL,NULL,NULL,NULL,'@DATE( YR , MON,  15 );','expression',NULL,NULL,NULL,NULL,NULL,NULL),('RAP-7eb5df34:1728466bdf1:-7feb','RA-7eb5df34:1728466bdf1:-7fee','waterworks.actions.SetWaterBillingPeriod.todate',NULL,NULL,NULL,NULL,'@DATE( YR , MON , 4 );','expression',NULL,NULL,NULL,NULL,NULL,NULL),('RAP-7eb5df34:1728466bdf1:-7fec','RA-7eb5df34:1728466bdf1:-7fee','waterworks.actions.SetWaterBillingPeriod.fromdate',NULL,NULL,NULL,NULL,'@MONTHADD( @DATE( YR , MON , 4 ), -1 );','expression',NULL,NULL,NULL,NULL,NULL,NULL),('RAP-7eb5df34:1728466bdf1:-7fed','RA-7eb5df34:1728466bdf1:-7fee','waterworks.actions.SetWaterBillingPeriod.billingperiod',NULL,NULL,'RC-7eb5df34:1728466bdf1:-7ff3','BILPRD',NULL,NULL,NULL,NULL,NULL,NULL,NULL,NULL),('RAP-7eb5df34:1728466bdf1:-7ff4','RA-7eb5df34:1728466bdf1:-7ffb','waterworks.actions.SetWaterBillingPeriod.billingperiod',NULL,NULL,'RC-7eb5df34:1728466bdf1:-7ffe','BILPRD',NULL,NULL,NULL,NULL,NULL,NULL,NULL,NULL),('RAP-7eb5df34:1728466bdf1:-7ff5','RA-7eb5df34:1728466bdf1:-7ffb','waterworks.actions.SetWaterBillingPeriod.fromdate',NULL,NULL,NULL,NULL,'@MONTHADD(   @DATE( YR , MON , 25 ), -2 );','expression',NULL,NULL,NULL,NULL,NULL,NULL),('RAP-7eb5df34:1728466bdf1:-7ff6','RA-7eb5df34:1728466bdf1:-7ffb','waterworks.actions.SetWaterBillingPeriod.todate',NULL,NULL,NULL,NULL,'@MONTHADD( @DATE( YR , MON , 25 ), -1 )','expression',NULL,NULL,NULL,NULL,NULL,NULL),('RAP-7eb5df34:1728466bdf1:-7ff7','RA-7eb5df34:1728466bdf1:-7ffb','waterworks.actions.SetWaterBillingPeriod.duedate',NULL,NULL,NULL,NULL,'@DATE( YR , MON,  7 );','expression',NULL,NULL,NULL,NULL,NULL,NULL),('RAP-7eb5df34:1728466bdf1:-7ff8','RA-7eb5df34:1728466bdf1:-7ffb','waterworks.actions.SetWaterBillingPeriod.billexpirydate',NULL,NULL,NULL,NULL,'@DATE( YR , MON,  24 );','expression',NULL,NULL,NULL,NULL,NULL,NULL),('RAP-7eb5df34:1728466bdf1:-7ff9','RA-7eb5df34:1728466bdf1:-7ffb','waterworks.actions.SetWaterBillingPeriod.readingdate',NULL,NULL,NULL,NULL,'@MONTHADD( @DATE( YR , MON , 26 ), -1 )','expression',NULL,NULL,NULL,NULL,NULL,NULL),('RAP-7eb5df34:1728466bdf1:-7ffa','RA-7eb5df34:1728466bdf1:-7ffb','waterworks.actions.SetWaterBillingPeriod.billdate',NULL,NULL,NULL,NULL,'@DATE( YR , MON,  1)','expression',NULL,NULL,NULL,NULL,NULL,NULL),('RULACT-27cb0e25:171e78a3ff8:-78e8','RACT-27cb0e25:171e78a3ff8:-79a6','waterworks.actions.AddWaterBillItem.billcode',NULL,NULL,NULL,NULL,NULL,NULL,NULL,'WATER_FEE_SURCHARGE','WATER SURCHARGE',NULL,NULL,NULL),('RULACT-27cb0e25:171e78a3ff8:-7950','RACT-27cb0e25:171e78a3ff8:-79a6','waterworks.actions.AddWaterBillItem.amount',NULL,NULL,'RCONST-27cb0e25:171e78a3ff8:-7e08','MON','AMT * 0.20','expression',NULL,NULL,NULL,'[[value:\"AMT * 0.20\",to:2.00,from:0],[value:\"AMT * 0.30\",to:3.00,from:2.00],[value:\"AMT * 0.40\",to:4.00,from:3.00],[value:\"AMT * 0.50\",to:5.00,from:4.00],[value:\"AMT * 0.60\",to:6.00,from:5.00],[value:\"AMT * 0.70\",to:7.00,from:6.00],[value:\"AMT * 0.80\",to:8.00,from:7.00],[value:\"AMT * 0.90\",to:9.00,from:8.00]]',NULL,1),('RULACT-27cb0e25:171e78a3ff8:-7974','RACT-27cb0e25:171e78a3ff8:-79a6','waterworks.actions.AddWaterBillItem.month',NULL,NULL,'RCONST-27cb0e25:171e78a3ff8:-7e08','MON',NULL,NULL,NULL,NULL,NULL,NULL,NULL,NULL),('RULACT-27cb0e25:171e78a3ff8:-7992','RACT-27cb0e25:171e78a3ff8:-79a6','waterworks.actions.AddWaterBillItem.year',NULL,NULL,'RCONST-27cb0e25:171e78a3ff8:-7e5a','YR',NULL,NULL,NULL,NULL,NULL,NULL,NULL,NULL),('RULACT-2de32a32:17340d99c05:-4cff','RACT-2de32a32:17340d99c05:-4d29','waterworks.actions.ComputeConsumption.amount',NULL,NULL,NULL,NULL,'int vol = VOL - 10;\nif( vol <= 10 ) return 0;\nelse if( vol <= 20 ) return 62+((vol-10)*7);\nelse if( vol <= 30 ) return 132+((vol-20)*8);\nelse if( vol <= 40 ) return 212+((vol-30)*11);\nelse if( vol <= 50 ) return 322+((vol-40)*14);\nelse if( vol <= 60 ) return 462+((vol-50)*17);\nelse if( vol <= 70 ) return 632+((vol-60)*20);\nelse return 832+((vol-70)*23);','expression',NULL,NULL,NULL,NULL,NULL,NULL),('RULACT-2de32a32:17340d99c05:-4d11','RACT-2de32a32:17340d99c05:-4d29','waterworks.actions.ComputeConsumption.ref',NULL,NULL,'RC-84989d9:173429d1f1b:-8000','WC',NULL,NULL,NULL,NULL,NULL,NULL,NULL,NULL),('RULACT-3c200997:189d37e070c:-7b6e','RACT-40c963f2:189aec343e9:-67ee','waterworks.actions.AddRecurringWaterBillItem.year',NULL,NULL,'RCONST-3c200997:189d37e070c:-7c40','YEAR',NULL,NULL,NULL,NULL,NULL,NULL,NULL,NULL),('RULACT-3e73499b:188fa27c08e:-6a49','RA-5553913a:188655cd51b:-7833','waterworks.actions.ComputeConsumption.amount',NULL,NULL,NULL,NULL,'VOL * 30','expression',NULL,NULL,NULL,NULL,NULL,NULL),('RULACT-40c963f2:189aec343e9:-677b','RACT-40c963f2:189aec343e9:-67ee','waterworks.actions.AddRecurringWaterBillItem.refitem',NULL,NULL,'RCOND-40c963f2:189aec343e9:-69ca','WBR',NULL,NULL,NULL,NULL,NULL,NULL,NULL,NULL),('RULACT-40c963f2:189aec343e9:-67ac','RACT-40c963f2:189aec343e9:-67ee','waterworks.actions.AddRecurringWaterBillItem.amount',NULL,NULL,NULL,NULL,'1650/INST','expression',NULL,NULL,NULL,NULL,NULL,NULL),('RULACT-40c963f2:189aec343e9:-67ce','RACT-40c963f2:189aec343e9:-67ee','waterworks.actions.AddRecurringWaterBillItem.month',NULL,NULL,'RCONST-40c963f2:189aec343e9:-6915','MONTH',NULL,NULL,NULL,NULL,NULL,NULL,NULL,NULL),('RULACT-43b1e736:189877bfd37:-7d1d','RACT-43b1e736:189877bfd37:-7d33','treasury.actions.AddBillItem.amount',NULL,NULL,NULL,NULL,'100','expression',NULL,NULL,NULL,NULL,NULL,NULL),('RULACT-43b1e736:189877bfd37:-930','RACT-43b1e736:189877bfd37:-960','treasury.actions.AddBillItem.amount',NULL,NULL,NULL,NULL,'120','expression',NULL,NULL,NULL,NULL,NULL,NULL),('RULACT-43b1e736:189877bfd37:-950','RACT-43b1e736:189877bfd37:-960','treasury.actions.AddBillItem.billcode',NULL,NULL,NULL,NULL,NULL,NULL,NULL,'15M_HDPE_PIPE','15M HDPE PIPE',NULL,NULL,NULL),('RULACT-43b1e736:189877bfd37:-9ab','RACT-43b1e736:189877bfd37:-9dd','treasury.actions.AddBillItem.amount',NULL,NULL,NULL,NULL,'100','expression',NULL,NULL,NULL,NULL,NULL,NULL),('RULACT-43b1e736:189877bfd37:-9cd','RACT-43b1e736:189877bfd37:-9dd','treasury.actions.AddBillItem.billcode',NULL,NULL,NULL,NULL,NULL,NULL,NULL,'TAPPING_FEE','TAPPING FEE',NULL,NULL,NULL),('RULACT-43b1e736:189877bfd37:-a15','RACT-43b1e736:189877bfd37:-a53','treasury.actions.AddBillItem.amount',NULL,NULL,NULL,NULL,'50','expression',NULL,NULL,NULL,NULL,NULL,NULL),('RULACT-43b1e736:189877bfd37:-a37','RACT-43b1e736:189877bfd37:-a53','treasury.actions.AddBillItem.billcode',NULL,NULL,NULL,NULL,NULL,NULL,NULL,'INSPECTION_FEE','INSPECTION FEE',NULL,NULL,NULL),('RULACT-43b1e736:189877bfd37:-a8a','RACT-43b1e736:189877bfd37:-abc','treasury.actions.AddBillItem.amount',NULL,NULL,NULL,NULL,'50','expression',NULL,NULL,NULL,NULL,NULL,NULL),('RULACT-43b1e736:189877bfd37:-aac','RACT-43b1e736:189877bfd37:-abc','treasury.actions.AddBillItem.billcode',NULL,NULL,NULL,NULL,NULL,NULL,NULL,'GUARANTEE_DEPOSIT','GUARANTEE DEPOSIT',NULL,NULL,NULL),('RULACT-43b1e736:189877bfd37:-e68','RACT-43b1e736:189877bfd37:-e9a','treasury.actions.AddBillItem.amount',NULL,NULL,NULL,NULL,'100','expression',NULL,NULL,NULL,NULL,NULL,NULL),('RULACT-43b1e736:189877bfd37:-e8a','RACT-43b1e736:189877bfd37:-e9a','treasury.actions.AddBillItem.billcode',NULL,NULL,NULL,NULL,NULL,NULL,NULL,'WATER_TAPPING_FEE','WATER TAPPING FEE',NULL,NULL,NULL),('RULACT-43b1e736:189877bfd37:-ed1','RACT-43b1e736:189877bfd37:-f03','treasury.actions.AddBillItem.amount',NULL,NULL,NULL,NULL,'50','expression',NULL,NULL,NULL,NULL,NULL,NULL),('RULACT-43b1e736:189877bfd37:-ef3','RACT-43b1e736:189877bfd37:-f03','treasury.actions.AddBillItem.billcode',NULL,NULL,NULL,NULL,NULL,NULL,NULL,'INSPECTION_FEE','INSPECTION FEE',NULL,NULL,NULL),('RULACT-43b1e736:189877bfd37:-f49','RACT-43b1e736:189877bfd37:-f90','treasury.actions.AddBillItem.amount',NULL,NULL,NULL,NULL,'50','expression',NULL,NULL,NULL,NULL,NULL,NULL),('RULACT-43b1e736:189877bfd37:-f80','RACT-43b1e736:189877bfd37:-f90','treasury.actions.AddBillItem.billcode',NULL,NULL,NULL,NULL,NULL,NULL,NULL,'GUARANTEE_DEPOSIT','GUARANTEE DEPOSIT',NULL,NULL,NULL),('RULACT-43b1e736:189877bfd37:121a','RACT-43b1e736:189877bfd37:120a','treasury.actions.AddBillItem.billcode',NULL,NULL,NULL,NULL,NULL,NULL,NULL,'15M_HDPE_PIPE','15M HDPE PIPE',NULL,NULL,NULL),('RULACT-43b1e736:189877bfd37:123a','RACT-43b1e736:189877bfd37:120a','treasury.actions.AddBillItem.amount',NULL,NULL,NULL,'INTR','100','expression',NULL,NULL,NULL,'[[value:\"100\",to:15.00,from:0],[value:\"100+((INTR-15)*5)\",to:500.00,from:15.00]]',NULL,0),('RULACT-43b1e736:189877bfd37:212e','RACT-43b1e736:189877bfd37:211e','treasury.actions.AddBillItem.billcode',NULL,NULL,NULL,NULL,NULL,NULL,NULL,'EXCESS_OF_15M_PE_PIPE','EXCESS OF 15M PE PIPE',NULL,NULL,NULL),('RULACT-43b1e736:189877bfd37:2180','RACT-43b1e736:189877bfd37:211e','treasury.actions.AddBillItem.amount',NULL,NULL,NULL,NULL,'30','expression',NULL,NULL,NULL,NULL,NULL,NULL),('RULACT-56ff361a:173c117e4b9:-5d7b','RACT304e882a:171c8fba402:-6f67','waterworks.actions.ComputeConsumption.amount',NULL,NULL,NULL,NULL,'int vol = VOL;\nif( vol <= 1 ) return 23;\nelse return vol*23;','expression',NULL,NULL,NULL,NULL,NULL,NULL),('RULACT-6471644e:171b69fea57:-6721','RACT-6471644e:171b69fea57:-6758','treasury.actions.AddDiscountItem.amount',NULL,NULL,NULL,NULL,'PRINCIPAL * 0.10','expression',NULL,NULL,NULL,NULL,NULL,NULL),('RULACT-6471644e:171b69fea57:-6740','RACT-6471644e:171b69fea57:-6758','treasury.actions.AddDiscountItem.billitem',NULL,NULL,'RCOND-3122a9f8:1719a2d6391:-74c6','WBI',NULL,NULL,NULL,NULL,NULL,NULL,NULL,NULL),('RULACT-677e18e0:1897651ee1b:-1be5','RACT-677e18e0:1897651ee1b:-7b29','waterworks.actions.ComputeConsumption.ref',NULL,NULL,'RCOND304e882a:171c8fba402:-7419','WC',NULL,NULL,NULL,NULL,NULL,NULL,NULL,NULL),('RULACT-677e18e0:1897651ee1b:-7b19','RACT-677e18e0:1897651ee1b:-7b29','waterworks.actions.ComputeConsumption.amount',NULL,NULL,'RCONST304e882a:171c8fba402:-73cf','VOL','<table border=\"1\" cellpadding=\"1\" cellspacing=\"0\">\n    <tr>\n        <td colspan=\"3\">Use Variable: VOL</td>\n    </tr>\n    \n        <tr>\n            <th>Greater than</th>\n            <th>Less than or equal to</th>\n            <th>Formula</th>\n        </tr>\n    \n    \n    \n        <tr>\n            <td></td>\n            <td>10.00</td>\n            <td>30</td>\n        </tr>\n    \n        <tr>\n            <td>10.00</td>\n            <td>9999.00</td>\n            <td>30+((VOL-10)*6)</td>\n        </tr>\n    \n</table>','range',NULL,NULL,NULL,'[[value:\"30\",to:10.00,from:0],[value:\"30+((VOL-10)*6)\",to:9999.00,from:10.00]]',NULL,1),('RULACT-6bdca530:16fa295b523:-7b4d','RACT-6bdca530:16fa295b523:-7b93','treasury.actions.AddCreditBillItem.amount',NULL,NULL,NULL,NULL,'AMT','expression',NULL,NULL,NULL,NULL,NULL,NULL),('RULACT-6bdca530:16fa295b523:-7b7b','RACT-6bdca530:16fa295b523:-7b93','treasury.actions.AddCreditBillItem.billcode',NULL,NULL,NULL,NULL,NULL,NULL,NULL,'WATERFEE_ADV','WATER FEE ADVANCE PAYMENT',NULL,NULL,NULL),('RULACT-70f27024:18976d5cdd8:-73be','RACT-70f27024:18976d5cdd8:-7408','waterworks.actions.AddRecurringWaterBillItem.refitem',NULL,NULL,'RCOND-70f27024:18976d5cdd8:-749c','WBR',NULL,NULL,NULL,NULL,NULL,NULL,NULL,NULL),('RULACT-70f27024:18976d5cdd8:-73e6','RACT-70f27024:18976d5cdd8:-7408','waterworks.actions.AddRecurringWaterBillItem.amount',NULL,NULL,NULL,NULL,'250','expression',NULL,NULL,NULL,NULL,NULL,NULL),('RULACT-70f27024:18976d5cdd8:-77f7','RACT-70f27024:18976d5cdd8:-7abe','waterworks.actions.ComputeConsumption.ref',NULL,NULL,'RCOND-70f27024:18976d5cdd8:-7b19','WC',NULL,NULL,NULL,NULL,NULL,NULL,NULL,NULL),('RULACT-70f27024:18976d5cdd8:-78ba','RACT-70f27024:18976d5cdd8:-78e5','waterworks.actions.ComputeConsumption.ref',NULL,NULL,'RCOND-70f27024:18976d5cdd8:-793f','WC',NULL,NULL,NULL,NULL,NULL,NULL,NULL,NULL),('RULACT-70f27024:18976d5cdd8:-78d5','RACT-70f27024:18976d5cdd8:-78e5','waterworks.actions.ComputeConsumption.amount',NULL,NULL,'RCONST-70f27024:18976d5cdd8:-7927','VOL','<table border=\"1\" cellpadding=\"1\" cellspacing=\"0\">\n    <tr>\n        <td colspan=\"3\">Use Variable: VOL</td>\n    </tr>\n    \n        <tr>\n            <th>Greater than</th>\n            <th>Less than or equal to</th>\n            <th>Formula</th>\n        </tr>\n    \n    \n    \n        <tr>\n            <td></td>\n            <td>10.00</td>\n            <td>40</td>\n        </tr>\n    \n        <tr>\n            <td>10.00</td>\n            <td>9999.00</td>\n            <td>40+((VOL-10)*8)</td>\n        </tr>\n    \n</table>','range',NULL,NULL,NULL,'[[value:\"40\",to:10.00,from:0],[value:\"40+((VOL-10)*8)\",to:9999.00,from:10.00]]',NULL,1),('RULACT-70f27024:18976d5cdd8:-7aae','RACT-70f27024:18976d5cdd8:-7abe','waterworks.actions.ComputeConsumption.amount',NULL,NULL,'RCONST-70f27024:18976d5cdd8:-7b00','VOL','<table border=\"1\" cellpadding=\"1\" cellspacing=\"0\">\n    <tr>\n        <td colspan=\"3\">Use Variable: VOL</td>\n    </tr>\n    \n        <tr>\n            <th>Greater than</th>\n            <th>Less than or equal to</th>\n            <th>Formula</th>\n        </tr>\n    \n    \n    \n        <tr>\n            <td></td>\n            <td>10.00</td>\n            <td>50</td>\n        </tr>\n    \n        <tr>\n            <td>10.00</td>\n            <td>9999.00</td>\n            <td>50+((VOL-10)*10)</td>\n        </tr>\n    \n</table>','range',NULL,NULL,NULL,'[[value:\"50\",to:10.00,from:0],[value:\"50+((VOL-10)*10)\",to:9999.00,from:10.00]]',NULL,1),('RULACT-7c70974f:171aef4aa82:-7b66','RACT-7c70974f:171aef4aa82:-7bc1','treasury.actions.AddCreditBillItem.amount',NULL,NULL,NULL,NULL,'AMT','expression',NULL,NULL,NULL,NULL,NULL,NULL),('RULACT-7c70974f:171aef4aa82:-7b9b','RACT-7c70974f:171aef4aa82:-7bc1','treasury.actions.AddCreditBillItem.billcode',NULL,NULL,NULL,NULL,NULL,NULL,NULL,'WATERFEE_ADV','WATER FEE ADVANCE PAYMENT',NULL,NULL,NULL),('RULACT-7d0701e6:171b9484429:-797d','RACT-6471644e:171b69fea57:-6758','treasury.actions.AddDiscountItem.account',NULL,NULL,NULL,NULL,NULL,NULL,NULL,'ITMACCTc16aa82:1712918d256:-7d97','WATERWORKS DISCOUNT',NULL,NULL,NULL),('RULACT277435e0:17847f1661d:-761f','RA-7eb5df34:1728466bdf1:-7fd4','waterworks.actions.SetWaterBillingPeriod.readingenddate',NULL,NULL,NULL,NULL,'@DATE( YR , MON, 19 );','expression',NULL,NULL,NULL,NULL,NULL,NULL),('RULACT277435e0:17847f1661d:-76f4','RA-7eb5df34:1728466bdf1:-7fe1','waterworks.actions.SetWaterBillingPeriod.readingenddate',NULL,NULL,NULL,NULL,'@DATE( YR , MON, 9 );','expression',NULL,NULL,NULL,NULL,NULL,NULL),('RULACT277435e0:17847f1661d:-77c3','RA-7eb5df34:1728466bdf1:-7fee','waterworks.actions.SetWaterBillingPeriod.readingenddate',NULL,NULL,NULL,NULL,'@DATE( YR , MON, 6 )','expression',NULL,NULL,NULL,NULL,NULL,NULL),('RULACT277435e0:17847f1661d:-79cd','RA-7eb5df34:1728466bdf1:-7ffb','waterworks.actions.SetWaterBillingPeriod.readingenddate',NULL,NULL,NULL,NULL,'@MONTHADD( @DATE( YR ,MON, 27 ), -1)','expression',NULL,NULL,NULL,NULL,NULL,NULL),('RULACT304e882a:171c8fba402:-5039','RACT304e882a:171c8fba402:-6f67','waterworks.actions.ComputeConsumption.ref',NULL,NULL,'RCOND304e882a:171c8fba402:-6fd7','WC',NULL,NULL,NULL,NULL,NULL,NULL,NULL,NULL),('RULACT5de3f7b7:171951e807a:-6592','RACT5de3f7b7:171951e807a:-667f','waterworks.actions.AddWaterBillItem.billcode',NULL,NULL,NULL,NULL,NULL,NULL,NULL,'WATER_FEE_SURCHARGE','WATER SURCHARGE',NULL,NULL,NULL),('RULACT5de3f7b7:171951e807a:-660b','RACT5de3f7b7:171951e807a:-667f','waterworks.actions.AddWaterBillItem.amount',NULL,NULL,'RCONST5de3f7b7:171951e807a:-67ca','MON','AMT * 0.10','expression',NULL,NULL,NULL,'[[value:\"AMT * 0.10\",to:1.00,from:0],[value:\"AMT * 0.20\",to:2.00,from:1.00],[value:\"AMT * 0.30\",to:3.00,from:2.00]]',NULL,1),('RULACT5de3f7b7:171951e807a:-6639','RACT5de3f7b7:171951e807a:-667f','waterworks.actions.AddWaterBillItem.month',NULL,NULL,'RCONST5de3f7b7:171951e807a:-67ca','MON',NULL,NULL,NULL,NULL,NULL,NULL,NULL,NULL),('RULACT5de3f7b7:171951e807a:-6661','RACT5de3f7b7:171951e807a:-667f','waterworks.actions.AddWaterBillItem.year',NULL,NULL,'RCONST5de3f7b7:171951e807a:-682b','YR',NULL,NULL,NULL,NULL,NULL,NULL,NULL,NULL),('RULACT746193b0:1684af9777d:-764a','RACT746193b0:1684af9777d:-7656','treasury.actions.ApplyPayment.payment',NULL,NULL,'RCOND746193b0:1684af9777d:-7722','PMT',NULL,NULL,NULL,NULL,NULL,NULL,NULL,NULL),('RULACT765e5636:1814c08fcad:-7121','RACT765e5636:1814c08fcad:-714d','treasury.actions.AddBillItem.amount',NULL,NULL,NULL,NULL,'250','expression',NULL,NULL,NULL,NULL,NULL,NULL),('RULACT765e5636:1814c08fcad:-713f','RACT765e5636:1814c08fcad:-714d','treasury.actions.AddBillItem.billcode',NULL,NULL,NULL,NULL,NULL,NULL,NULL,'WATERFEE_RECONNECTION','WATER RECONNECTION FEE',NULL,NULL,NULL),('RULACT7b139fa4:171e2269d93:-7abf','RACT7b139fa4:171e2269d93:-7b4a','waterworks.actions.AddWaterBillItem.billcode',NULL,NULL,NULL,NULL,NULL,NULL,NULL,'WATER_FEE','WATER FEE',NULL,NULL,NULL),('RULACT7b139fa4:171e2269d93:-7af3','RACT7b139fa4:171e2269d93:-7b4a','waterworks.actions.AddWaterBillItem.amount',NULL,NULL,NULL,NULL,'AMT','expression',NULL,NULL,NULL,NULL,NULL,NULL),('RULACT7b139fa4:171e2269d93:-7b17','RACT7b139fa4:171e2269d93:-7b4a','waterworks.actions.AddWaterBillItem.month',NULL,NULL,'RCONST7b139fa4:171e2269d93:-7bc6','MON',NULL,NULL,NULL,NULL,NULL,NULL,NULL,NULL),('RULACT7b139fa4:171e2269d93:-7b35','RACT7b139fa4:171e2269d93:-7b4a','waterworks.actions.AddWaterBillItem.year',NULL,NULL,'RCONST7b139fa4:171e2269d93:-7c24','YR',NULL,NULL,NULL,NULL,NULL,NULL,NULL,NULL);
/*!40000 ALTER TABLE `sys_rule_action_param` ENABLE KEYS */;
UNLOCK TABLES;

--
-- Table structure for table `sys_rule_actiondef`
--

DROP TABLE IF EXISTS `sys_rule_actiondef`;
/*!40101 SET @saved_cs_client     = @@character_set_client */;
/*!40101 SET character_set_client = utf8 */;
CREATE TABLE `sys_rule_actiondef` (
  `objid` varchar(50) NOT NULL,
  `name` varchar(50) NOT NULL,
  `title` varchar(250) DEFAULT NULL,
  `sortorder` int(11) DEFAULT NULL,
  `actionname` varchar(50) DEFAULT NULL,
  `domain` varchar(50) DEFAULT NULL,
  `actionclass` varchar(255) DEFAULT NULL,
  PRIMARY KEY (`objid`)
) ENGINE=InnoDB DEFAULT CHARSET=utf8;
/*!40101 SET character_set_client = @saved_cs_client */;

--
-- Dumping data for table `sys_rule_actiondef`
--

LOCK TABLES `sys_rule_actiondef` WRITE;
/*!40000 ALTER TABLE `sys_rule_actiondef` DISABLE KEYS */;
INSERT INTO `sys_rule_actiondef` VALUES ('enterprise.actions.AddRequirement','add-requirement','Add Requirement',2,'add-requirement','enterprise','enterprise.actions.AddRequirement'),('enterprise.actions.PrintTest','print-test','Print Test',1,'print-test','ENTERPRISE','enterprise.actions.PrintTest'),('enterprise.actions.ThrowException','throw-exeception','Throw Exception',1,'throw-exeception','ENTERPRISE','enterprise.actions.ThrowException'),('treasury.actions.AddBillItem','add-billitem','Add Bill Item',1,'add-billitem','TREASURY','treasury.actions.AddBillItem'),('treasury.actions.AddCreditBillItem','add-credit-billitem','Add Credit Bill Item',2,'add-credit-billitem','TREASURY','treasury.actions.AddCreditBillItem'),('treasury.actions.AddDiscountItem','add-discount-item','Add Discount',3,'add-discount-item','TREASURY','treasury.actions.AddDiscountItem'),('treasury.actions.AddExcessBillItem','add-excess-billitem','Add Excess Bill Item',2,'add-excess-billitem','TREASURY','treasury.actions.AddExcessBillItem'),('treasury.actions.AddInterestItem','add-interest-item','Add Interest',3,'add-interest-item','TREASURY','treasury.actions.AddInterestItem'),('treasury.actions.AddRevenueShareByOrg','add-share-by-org','Add Revenue Share By Org',1,'add-share-by-org','TREASURY','treasury.actions.AddRevenueShareByOrg'),('treasury.actions.AddSurchargeItem','add-surcharge-item','Add Surcharge',3,'add-surcharge-item','TREASURY','treasury.actions.AddSurchargeItem'),('treasury.actions.AddVarDate','add-vardate','Add Variable Date',1,'add-vardate','TREASURY','treasury.actions.AddVarDate'),('treasury.actions.AddVarInteger','add-var-integer','Add Var Integer',1,'add-var-integer','TREASURY','treasury.actions.AddVarInteger'),('treasury.actions.ApplyPayment','apply-payment','Apply Payment',5,'apply-payment','TREASURY','treasury.actions.ApplyPayment'),('treasury.actions.ComputeFee','compute-fee','Compute Fee',0,'compute-fee','treasury','treasury.actions.ComputeFee'),('treasury.actions.RemoveDiscountItem','remove-discount','Remove Discount',1,'remove-discount','TREASURY','treasury.actions.RemoveDiscountItem'),('treasury.actions.SetBillItemAccount','set-billitem-account','Set Bill Item Account',4,'set-billitem-account','TREASURY','treasury.actions.SetBillItemAccount'),('treasury.actions.SetBillItemProperty','set-billitem-property','Set BillItem Property Value',10,'set-billitem-property','TREASURY','treasury.actions.SetBillItemProperty'),('waterworks.actions.AddRecurringWaterBillItem','add-recurring-waterbillitem','Add Recurring Water Bill Item',0,'add-recurring-waterbillitem','waterworks','waterworks.actions.AddRecurringWaterBillItem'),('waterworks.actions.AddWaterBillItem','add-waterbillitem','Add Water Bill Item',0,'add-waterbillitem','waterworks','waterworks.actions.AddWaterBillItem'),('waterworks.actions.AddWaterConsumption','add-waterconsumption','Add Water Consumption',1,'add-waterconsumption','WATERWORKS','waterworks.actions.AddWaterConsumption'),('waterworks.actions.ComputeConsumption','compute-consumption','Compute Consumption',0,'compute-consumption','waterworks','waterworks.actions.ComputeConsumption'),('waterworks.actions.SetWaterBillingPeriod','set-waterworks-billing-period','Set Waterworks Billing Period',1,'set-waterworks-billing-period','WATERWORKS','waterworks.actions.SetWaterBillingPeriod'),('waterworks.actions.SetWaterConsumptionProperty','set-waterconsumpotion-property','Set Water Consumption Property Value',10,'set-waterconsumpotion-property','WATERWORKS','waterworks.actions.SetWaterConsumptionProperty');
/*!40000 ALTER TABLE `sys_rule_actiondef` ENABLE KEYS */;
UNLOCK TABLES;

--
-- Table structure for table `sys_rule_actiondef_param`
--

DROP TABLE IF EXISTS `sys_rule_actiondef_param`;
/*!40101 SET @saved_cs_client     = @@character_set_client */;
/*!40101 SET character_set_client = utf8 */;
CREATE TABLE `sys_rule_actiondef_param` (
  `objid` varchar(100) NOT NULL DEFAULT '',
  `parentid` varchar(50) DEFAULT NULL,
  `name` varchar(50) NOT NULL,
  `sortorder` int(11) DEFAULT NULL,
  `title` varchar(50) DEFAULT NULL,
  `datatype` varchar(50) DEFAULT NULL,
  `handler` varchar(50) DEFAULT NULL,
  `lookuphandler` varchar(50) DEFAULT NULL,
  `lookupkey` varchar(50) DEFAULT NULL,
  `lookupvalue` varchar(50) DEFAULT NULL,
  `vardatatype` varchar(50) DEFAULT NULL,
  `lovname` varchar(50) DEFAULT NULL,
  PRIMARY KEY (`objid`),
  KEY `ix_parentid` (`parentid`),
  CONSTRAINT `fk_sys_rule_actiondef_param_parentid` FOREIGN KEY (`parentid`) REFERENCES `sys_rule_actiondef` (`objid`)
) ENGINE=InnoDB DEFAULT CHARSET=utf8;
/*!40101 SET character_set_client = @saved_cs_client */;

--
-- Dumping data for table `sys_rule_actiondef_param`
--

LOCK TABLES `sys_rule_actiondef_param` WRITE;
/*!40000 ALTER TABLE `sys_rule_actiondef_param` DISABLE KEYS */;
INSERT INTO `sys_rule_actiondef_param` VALUES ('enterprise.actions.AddRequirement.message','enterprise.actions.AddRequirement','message',2,'Message',NULL,'expression',NULL,NULL,NULL,NULL,NULL),('enterprise.actions.AddRequirement.reqtype','enterprise.actions.AddRequirement','reqtype',1,'Requirement Type',NULL,'lookup','sys_requirement_type:lookup','code','title','string',NULL),('enterprise.actions.AddRequirement.required','enterprise.actions.AddRequirement','required',4,'Required','boolean','boolean',NULL,NULL,NULL,'boolean',NULL),('enterprise.actions.AddRequirement.sortorder','enterprise.actions.AddRequirement','sortorder',3,'Sort Order','string','string',NULL,NULL,NULL,'string',NULL),('enterprise.actions.PrintTest.message','enterprise.actions.PrintTest','message',1,'Message',NULL,'expression',NULL,NULL,NULL,NULL,NULL),('enterprise.actions.ThrowException.msg','enterprise.actions.ThrowException','msg',1,'Message',NULL,'expression',NULL,NULL,NULL,NULL,NULL),('treasury.actions.AddBillItem.amount','treasury.actions.AddBillItem','amount',2,'Amount',NULL,'expression',NULL,NULL,NULL,NULL,NULL),('treasury.actions.AddBillItem.billcode','treasury.actions.AddBillItem','billcode',1,'Bill Code',NULL,'lookup','waterworks_itemaccount:lookup','objid','title',NULL,NULL),('treasury.actions.AddCreditBillItem.account','treasury.actions.AddCreditBillItem','account',1,'Account',NULL,'lookup','revenueitem:lookup','objid','title',NULL,NULL),('treasury.actions.AddCreditBillItem.amount','treasury.actions.AddCreditBillItem','amount',2,'Amount',NULL,'expression',NULL,NULL,NULL,NULL,NULL),('treasury.actions.AddCreditBillItem.billcode','treasury.actions.AddCreditBillItem','billcode',1,'Bill code',NULL,'lookup','waterworks_itemaccount:lookup','objid','title','string',NULL),('treasury.actions.AddCreditBillItem.reftype','treasury.actions.AddCreditBillItem','reftype',3,'Ref Type','string','string',NULL,NULL,NULL,'string',NULL),('treasury.actions.AddDiscountItem.account','treasury.actions.AddDiscountItem','account',4,'Account',NULL,'lookup','revenueitem:lookup','objid','title',NULL,NULL),('treasury.actions.AddDiscountItem.amount','treasury.actions.AddDiscountItem','amount',2,'Amount',NULL,'expression',NULL,NULL,NULL,NULL,NULL),('treasury.actions.AddDiscountItem.billcode','treasury.actions.AddDiscountItem','billcode',3,'Billcode',NULL,'lookup','waterworks_itemaccount:lookup','objid','title','string',NULL),('treasury.actions.AddDiscountItem.billitem','treasury.actions.AddDiscountItem','billitem',1,'Bill Item',NULL,'var',NULL,NULL,NULL,'treasury.facts.AbstractBillItem',NULL),('treasury.actions.AddExcessBillItem.account','treasury.actions.AddExcessBillItem','account',1,'Account',NULL,'lookup','revenueitem:lookup','objid','title',NULL,NULL),('treasury.actions.AddExcessBillItem.amount','treasury.actions.AddExcessBillItem','amount',2,'Amount',NULL,'expression',NULL,NULL,NULL,NULL,NULL),('treasury.actions.AddInterestItem.account','treasury.actions.AddInterestItem','account',2,'Account',NULL,'lookup','revenueitem:lookup','objid','title','string',NULL),('treasury.actions.AddInterestItem.amount','treasury.actions.AddInterestItem','amount',3,'Amount',NULL,'expression',NULL,NULL,NULL,NULL,NULL),('treasury.actions.AddInterestItem.billcode','treasury.actions.AddInterestItem','billcode',3,'Billcode',NULL,'lookup','waterworks_itemaccount:lookup','objid','title','string',NULL),('treasury.actions.AddInterestItem.billitem','treasury.actions.AddInterestItem','billitem',1,'Bill Item',NULL,'var',NULL,NULL,NULL,'treasury.facts.AbstractBillItem',NULL),('treasury.actions.AddRevenueShareByOrg.amount','treasury.actions.AddRevenueShareByOrg','amount',4,'Amount',NULL,'expression',NULL,NULL,NULL,NULL,NULL),('treasury.actions.AddRevenueShareByOrg.org','treasury.actions.AddRevenueShareByOrg','org',3,'Org',NULL,'var',NULL,NULL,NULL,'enterprise.facts.Org',NULL),('treasury.actions.AddRevenueShareByOrg.payableaccount','treasury.actions.AddRevenueShareByOrg','payableaccount',2,'Payable Account',NULL,'lookup','payableaccount:lookup','objid','title','string',NULL),('treasury.actions.AddRevenueShareByOrg.refitem','treasury.actions.AddRevenueShareByOrg','refitem',1,'Ref Item',NULL,'var','revenueitem:lookup','objid','title','treasury.facts.AbstractBillItem',NULL),('treasury.actions.AddSurchargeItem.account','treasury.actions.AddSurchargeItem','account',2,'Account',NULL,'lookup','revenueitem:lookup','objid','title','string',NULL),('treasury.actions.AddSurchargeItem.amount','treasury.actions.AddSurchargeItem','amount',2,'Amount',NULL,'expression',NULL,NULL,NULL,NULL,NULL),('treasury.actions.AddSurchargeItem.billcode','treasury.actions.AddSurchargeItem','billcode',3,'Bill code',NULL,'lookup','waterworks_itemaccount:lookup','objid','title','string',NULL),('treasury.actions.AddSurchargeItem.billitem','treasury.actions.AddSurchargeItem','billitem',1,'Bill Item',NULL,'var',NULL,NULL,NULL,'treasury.facts.AbstractBillItem',NULL),('treasury.actions.AddSurchargeItem.txntype','treasury.actions.AddSurchargeItem','txntype',4,'Txn Type',NULL,'lookup','billitem_txntype:lookup','objid','title','string',NULL),('treasury.actions.AddVarDate.date','treasury.actions.AddVarDate','date',2,'Date',NULL,'expression',NULL,NULL,NULL,NULL,NULL),('treasury.actions.AddVarDate.tag','treasury.actions.AddVarDate','tag',1,'Tag','string','string',NULL,NULL,NULL,'string',NULL),('treasury.actions.AddVarInteger.tag','treasury.actions.AddVarInteger','tag',2,'Tag','string','string',NULL,NULL,NULL,'string',NULL),('treasury.actions.AddVarInteger.value','treasury.actions.AddVarInteger','value',1,'Value',NULL,'expression',NULL,NULL,NULL,NULL,NULL),('treasury.actions.ApplyPayment.payment','treasury.actions.ApplyPayment','payment',1,'Payment',NULL,'var',NULL,NULL,NULL,'treasury.facts.Payment',NULL),('treasury.actions.ComputeFee.account','treasury.actions.ComputeFee','account',1,'Account',NULL,'lookup','revenueitem:lookup','objid','title',NULL,NULL),('treasury.actions.ComputeFee.amount','treasury.actions.ComputeFee','amount',2,'Amount',NULL,'expression',NULL,NULL,NULL,NULL,NULL),('treasury.actions.ComputeFee.remarks','treasury.actions.ComputeFee','remarks',3,'Remarks',NULL,'expression',NULL,NULL,NULL,NULL,NULL),('treasury.actions.RemoveDiscountItem.billitem','treasury.actions.RemoveDiscountItem','billitem',1,'Bill Item',NULL,'var',NULL,NULL,NULL,'treasury.facts.AbstractBillItem',NULL),('treasury.actions.SetBillItemAccount.account','treasury.actions.SetBillItemAccount','account',2,'Account',NULL,'lookup','revenueitem:lookup','objid','title',NULL,NULL),('treasury.actions.SetBillItemAccount.billcode','treasury.actions.SetBillItemAccount','billcode',3,'Billcode',NULL,'lookup','waterworks_itemaccount:lookup','objid','title','string',NULL),('treasury.actions.SetBillItemAccount.billitem','treasury.actions.SetBillItemAccount','billitem',1,'Bill Item',NULL,'var',NULL,NULL,NULL,'treasury.facts.AbstractBillItem',NULL),('treasury.actions.SetBillItemProperty.billitem','treasury.actions.SetBillItemProperty','billitem',1,'Bill Item',NULL,'var',NULL,NULL,NULL,'treasury.facts.AbstractBillItem',NULL),('treasury.actions.SetBillItemProperty.fieldname','treasury.actions.SetBillItemProperty','fieldname',2,'Property Field Name',NULL,'fieldlist',NULL,'billitem',NULL,NULL,NULL),('treasury.actions.SetBillItemProperty.value','treasury.actions.SetBillItemProperty','value',3,'Value',NULL,'expression',NULL,NULL,NULL,NULL,NULL),('waterworks.actions.AddRecurringWaterBillItem.amount','waterworks.actions.AddRecurringWaterBillItem','amount',3,'Amount',NULL,'expression',NULL,NULL,NULL,NULL,NULL),('waterworks.actions.AddRecurringWaterBillItem.month','waterworks.actions.AddRecurringWaterBillItem','month',2,'Month',NULL,'var',NULL,NULL,NULL,'integer',NULL),('waterworks.actions.AddRecurringWaterBillItem.refitem','waterworks.actions.AddRecurringWaterBillItem','refitem',4,'Reference Item',NULL,'var',NULL,NULL,NULL,'waterworks.facts.WaterBillRecurringFee',NULL),('waterworks.actions.AddRecurringWaterBillItem.year','waterworks.actions.AddRecurringWaterBillItem','year',1,'Year',NULL,'var',NULL,NULL,NULL,'integer',NULL),('waterworks.actions.AddWaterBillItem.amount','waterworks.actions.AddWaterBillItem','amount',3,'Amount',NULL,'expression',NULL,NULL,NULL,NULL,NULL),('waterworks.actions.AddWaterBillItem.billcode','waterworks.actions.AddWaterBillItem','billcode',4,'Bill code',NULL,'lookup','waterworks_itemaccount:lookup','objid','title','string',NULL),('waterworks.actions.AddWaterBillItem.month','waterworks.actions.AddWaterBillItem','month',2,'Month',NULL,'var',NULL,NULL,NULL,'integer',NULL),('waterworks.actions.AddWaterBillItem.year','waterworks.actions.AddWaterBillItem','year',1,'Year',NULL,'var',NULL,NULL,NULL,'integer',NULL),('waterworks.actions.AddWaterConsumption.volume','waterworks.actions.AddWaterConsumption','volume',1,'Volume',NULL,'expression',NULL,NULL,NULL,NULL,NULL),('waterworks.actions.ComputeConsumption.amount','waterworks.actions.ComputeConsumption','amount',1,'Amount',NULL,'expression',NULL,NULL,NULL,NULL,NULL),('waterworks.actions.ComputeConsumption.ref','waterworks.actions.ComputeConsumption','ref',2,'Ref',NULL,'var',NULL,NULL,NULL,'waterworks.facts.WaterConsumption',NULL),('waterworks.actions.SetWaterBillingPeriod.billdate','waterworks.actions.SetWaterBillingPeriod','billdate',6,'Bill Date',NULL,'expression',NULL,NULL,NULL,NULL,NULL),('waterworks.actions.SetWaterBillingPeriod.billexpirydate','waterworks.actions.SetWaterBillingPeriod','billexpirydate',10,'Bill Expiry Date',NULL,'expression',NULL,NULL,NULL,NULL,NULL),('waterworks.actions.SetWaterBillingPeriod.billingenddate','waterworks.actions.SetWaterBillingPeriod','billingenddate',7,'Billing End Date',NULL,'expression',NULL,NULL,NULL,NULL,NULL),('waterworks.actions.SetWaterBillingPeriod.billingperiod','waterworks.actions.SetWaterBillingPeriod','billingperiod',1,'Billing Period',NULL,'var',NULL,NULL,NULL,'waterworks.facts.WaterBillingPeriod',NULL),('waterworks.actions.SetWaterBillingPeriod.discdate','waterworks.actions.SetWaterBillingPeriod','discdate',8,'Discount Date',NULL,'expression',NULL,NULL,NULL,NULL,NULL),('waterworks.actions.SetWaterBillingPeriod.duedate','waterworks.actions.SetWaterBillingPeriod','duedate',9,'Due Date',NULL,'expression',NULL,NULL,NULL,NULL,NULL),('waterworks.actions.SetWaterBillingPeriod.fromdate','waterworks.actions.SetWaterBillingPeriod','fromdate',2,'From Date',NULL,'expression',NULL,NULL,NULL,NULL,NULL),('waterworks.actions.SetWaterBillingPeriod.readingdate','waterworks.actions.SetWaterBillingPeriod','readingdate',4,'Reading Date',NULL,'expression',NULL,NULL,NULL,NULL,NULL),('waterworks.actions.SetWaterBillingPeriod.readingenddate','waterworks.actions.SetWaterBillingPeriod','readingenddate',5,'Reading End Date',NULL,'expression',NULL,NULL,NULL,NULL,NULL),('waterworks.actions.SetWaterBillingPeriod.todate','waterworks.actions.SetWaterBillingPeriod','todate',3,'To Date',NULL,'expression',NULL,NULL,NULL,NULL,NULL),('waterworks.actions.SetWaterConsumptionProperty.fieldname','waterworks.actions.SetWaterConsumptionProperty','fieldname',2,'Property Field Name','string','string',NULL,'waterworks.facts.WaterConsumption',NULL,'string',NULL),('waterworks.actions.SetWaterConsumptionProperty.item','waterworks.actions.SetWaterConsumptionProperty','item',1,'Item',NULL,'var',NULL,NULL,NULL,'waterworks.facts.WaterConsumption',NULL),('waterworks.actions.SetWaterConsumptionProperty.value','waterworks.actions.SetWaterConsumptionProperty','value',3,'Value',NULL,'expression',NULL,NULL,NULL,NULL,NULL);
/*!40000 ALTER TABLE `sys_rule_actiondef_param` ENABLE KEYS */;
UNLOCK TABLES;

--
-- Table structure for table `sys_rule_condition`
--

DROP TABLE IF EXISTS `sys_rule_condition`;
/*!40101 SET @saved_cs_client     = @@character_set_client */;
/*!40101 SET character_set_client = utf8 */;
CREATE TABLE `sys_rule_condition` (
  `objid` varchar(50) NOT NULL,
  `parentid` varchar(50) DEFAULT NULL,
  `fact_name` varchar(50) DEFAULT NULL,
  `fact_objid` varchar(50) DEFAULT NULL,
  `varname` varchar(50) DEFAULT NULL,
  `pos` int(11) DEFAULT NULL,
  `ruletext` longtext,
  `displaytext` longtext,
  `dynamic_datatype` varchar(50) DEFAULT NULL,
  `dynamic_key` varchar(50) DEFAULT NULL,
  `dynamic_value` varchar(50) DEFAULT NULL,
  `notexist` int(11) NOT NULL,
  PRIMARY KEY (`objid`),
  KEY `ix_fact_objid` (`fact_objid`),
  KEY `ix_parentid` (`parentid`),
  CONSTRAINT `fk_sys_rule_condition_fact_objid` FOREIGN KEY (`fact_objid`) REFERENCES `sys_rule_fact` (`objid`),
  CONSTRAINT `fk_sys_rule_condition_parentid` FOREIGN KEY (`parentid`) REFERENCES `sys_rule` (`objid`)
) ENGINE=InnoDB DEFAULT CHARSET=utf8;
/*!40101 SET character_set_client = @saved_cs_client */;

--
-- Dumping data for table `sys_rule_condition`
--

LOCK TABLES `sys_rule_condition` WRITE;
/*!40000 ALTER TABLE `sys_rule_condition` DISABLE KEYS */;
INSERT INTO `sys_rule_condition` VALUES ('RC-53916268:188284c8d57:-7ffe','RUL-41ebd74d:18827bf65dc:-7ab6','waterworks.facts.WaterBillingPeriod','waterworks.facts.WaterBillingPeriod','BILPRD',1,NULL,NULL,NULL,NULL,NULL,0),('RC-53916268:188284c8d57:-8000','RUL-41ebd74d:18827bf65dc:-7ab6','waterworks.facts.WaterScheduleGroup','waterworks.facts.WaterScheduleGroup','WBS',0,NULL,NULL,NULL,NULL,NULL,0),('RC-5553913a:188655cd51b:-7652','RUL-7c7445be:18904845749:-33d5','waterworks.facts.WaterAccount','waterworks.facts.WaterAccount',NULL,0,NULL,NULL,NULL,NULL,NULL,0),('RC-5553913a:188655cd51b:-7654','RUL-7c7445be:18904845749:-33d5','waterworks.facts.WaterConsumption','waterworks.facts.WaterConsumption','WC',1,NULL,NULL,NULL,NULL,NULL,0),('RC-5553913a:188655cd51b:-7835','RUL-3e73499b:188fa27c08e:-6a99','waterworks.facts.WaterAccount','waterworks.facts.WaterAccount',NULL,0,NULL,NULL,NULL,NULL,NULL,0),('RC-5553913a:188655cd51b:-7837','RUL-3e73499b:188fa27c08e:-6a99','waterworks.facts.WaterConsumption','waterworks.facts.WaterConsumption','WC',1,NULL,NULL,NULL,NULL,NULL,0),('RC-7dc52fea:1896224ee96:-7fb1','RUL5fabf4a4:18961f59a58:-65d8','waterworks.facts.WaterBill','waterworks.facts.WaterBill','WB',0,NULL,NULL,NULL,NULL,NULL,0),('RC-7dc52fea:1896224ee96:-7fb4','RUL5fabf4a4:18961f59a58:-65d8','waterworks.facts.WaterBillItem','waterworks.facts.WaterBillItem','WBI',1,NULL,NULL,NULL,NULL,NULL,0),('RC-7dc52fea:1896224ee96:-7fbc','RUL5fabf4a4:18961f59a58:-6632','waterworks.facts.WaterBillItem','waterworks.facts.WaterBillItem','WBI',1,NULL,NULL,NULL,NULL,NULL,0),('RC-7dc52fea:1896224ee96:-7fbe','RUL5fabf4a4:18961f59a58:-6632','waterworks.facts.WaterBill','waterworks.facts.WaterBill','WB',0,NULL,NULL,NULL,NULL,NULL,0),('RC-7dc52fea:1896224ee96:-7fc4','RUL5fabf4a4:18961f59a58:-6770','waterworks.facts.WaterBillItem','waterworks.facts.WaterBillItem','WBI',5,NULL,NULL,NULL,NULL,NULL,0),('RC-7dc52fea:1896224ee96:-7fc6','RUL5fabf4a4:18961f59a58:-6770','waterworks.facts.WaterBill','waterworks.facts.WaterBill','WB',4,NULL,NULL,NULL,NULL,NULL,0),('RC-7dc52fea:1896224ee96:-7fcb','RUL5fabf4a4:18961f59a58:-6a22','waterworks.facts.WaterBill','waterworks.facts.WaterBill','WB',4,NULL,NULL,NULL,NULL,NULL,0),('RC-7dc52fea:1896224ee96:-7fce','RUL5fabf4a4:18961f59a58:-6a22','waterworks.facts.WaterBillItem','waterworks.facts.WaterBillItem','WBI',5,NULL,NULL,NULL,NULL,NULL,0),('RC-7eb5df34:1728466bdf1:-7fd6','RUL6467d37d:1728451ba8a:-6340','waterworks.facts.WaterScheduleGroup','waterworks.facts.WaterScheduleGroup','WBS',0,NULL,NULL,NULL,NULL,NULL,0),('RC-7eb5df34:1728466bdf1:-7fd9','RUL6467d37d:1728451ba8a:-6340','waterworks.facts.WaterBillingPeriod','waterworks.facts.WaterBillingPeriod','BILPRD',1,NULL,NULL,NULL,NULL,NULL,0),('RC-7eb5df34:1728466bdf1:-7fe4','RUL6467d37d:1728451ba8a:-6579','waterworks.facts.WaterBillingPeriod','waterworks.facts.WaterBillingPeriod','BILPRD',1,NULL,NULL,NULL,NULL,NULL,0),('RC-7eb5df34:1728466bdf1:-7fe6','RUL6467d37d:1728451ba8a:-6579','waterworks.facts.WaterScheduleGroup','waterworks.facts.WaterScheduleGroup','WBS',0,NULL,NULL,NULL,NULL,NULL,0),('RC-7eb5df34:1728466bdf1:-7ff0','RUL6467d37d:1728451ba8a:-6f49','waterworks.facts.WaterScheduleGroup','waterworks.facts.WaterScheduleGroup','WBS',0,NULL,NULL,NULL,NULL,NULL,0),('RC-7eb5df34:1728466bdf1:-7ff3','RUL6467d37d:1728451ba8a:-6f49','waterworks.facts.WaterBillingPeriod','waterworks.facts.WaterBillingPeriod','BILPRD',1,NULL,NULL,NULL,NULL,NULL,0),('RC-7eb5df34:1728466bdf1:-7ffe','RUL6467d37d:1728451ba8a:-6fc4','waterworks.facts.WaterBillingPeriod','waterworks.facts.WaterBillingPeriod','BILPRD',1,NULL,NULL,NULL,NULL,NULL,0),('RC-7eb5df34:1728466bdf1:-8000','RUL6467d37d:1728451ba8a:-6fc4','waterworks.facts.WaterScheduleGroup','waterworks.facts.WaterScheduleGroup','WBS',0,NULL,NULL,NULL,NULL,NULL,0),('RC-84989d9:173429d1f1b:-7ffc','RUL-2de32a32:17340d99c05:-4d8f','waterworks.facts.WaterAccount','waterworks.facts.WaterAccount',NULL,0,NULL,NULL,NULL,NULL,NULL,0),('RC-84989d9:173429d1f1b:-7ffe','RUL-2de32a32:17340d99c05:-4d8f','waterworks.facts.WaterworksAttribute','waterworks.facts.WaterworksAttribute',NULL,1,NULL,NULL,NULL,NULL,NULL,0),('RC-84989d9:173429d1f1b:-8000','RUL-2de32a32:17340d99c05:-4d8f','waterworks.facts.WaterConsumption','waterworks.facts.WaterConsumption','WC',2,NULL,NULL,NULL,NULL,NULL,0),('RCOND-11bed5a3:183b001786f:-7f2d','RUL-11bed5a3:183b001786f:-7f9a','waterworks.facts.WaterApplication','waterworks.facts.WaterApplication',NULL,0,NULL,NULL,NULL,NULL,NULL,0),('RCOND-27cb0e25:171e78a3ff8:-7c54','RUL-27cb0e25:171e78a3ff8:-7f51','waterworks.facts.WaterBillItem','waterworks.facts.WaterBillItem','WBI',2,NULL,NULL,NULL,NULL,NULL,0),('RCOND-27cb0e25:171e78a3ff8:-7ccf','RUL-27cb0e25:171e78a3ff8:-7f51','treasury.facts.TransactionDate','treasury.facts.TransactionDate',NULL,1,NULL,NULL,NULL,NULL,NULL,0),('RCOND-27cb0e25:171e78a3ff8:-7f01','RUL-27cb0e25:171e78a3ff8:-7f51','waterworks.facts.WaterBillingPeriod','waterworks.facts.WaterBillingPeriod','BILPRD',0,NULL,NULL,NULL,NULL,NULL,0),('RCOND-3122a9f8:1719a2d6391:-74c6','RUL-3122a9f8:1719a2d6391:-7cd2','waterworks.facts.WaterBillItem','waterworks.facts.WaterBillItem','WBI',3,NULL,NULL,NULL,NULL,NULL,0),('RCOND-3122a9f8:1719a2d6391:-7872','RUL-3122a9f8:1719a2d6391:-7cd2','treasury.facts.TransactionDate','treasury.facts.TransactionDate',NULL,2,NULL,NULL,NULL,NULL,NULL,0),('RCOND-3122a9f8:1719a2d6391:-7a54','RUL-3122a9f8:1719a2d6391:-7cd2','waterworks.facts.WaterBill','waterworks.facts.WaterBill','WB',1,NULL,NULL,NULL,NULL,NULL,0),('RCOND-40c963f2:189aec343e9:-69ca','RUL-40c963f2:189aec343e9:-6ba8','waterworks.facts.WaterBillRecurringFee','waterworks.facts.WaterBillRecurringFee','WBR',1,NULL,NULL,NULL,NULL,NULL,0),('RCOND-40c963f2:189aec343e9:-6b27','RUL-40c963f2:189aec343e9:-6ba8','waterworks.facts.WaterAccount','waterworks.facts.WaterAccount',NULL,0,NULL,NULL,NULL,NULL,NULL,0),('RCOND-43b1e736:189877bfd37:-7e93','RUL-43b1e736:189877bfd37:-7ecc','treasury.facts.BillItem','treasury.facts.BillItem','BILLITEM',0,NULL,NULL,NULL,NULL,NULL,0),('RCOND-43b1e736:189877bfd37:-ca7','RUL-11bed5a3:183b001786f:-7f9a','treasury.facts.BillItem','treasury.facts.BillItem','BILLITEM',1,NULL,NULL,NULL,NULL,NULL,0),('RCOND-43b1e736:189877bfd37:901','RUL-43b1e736:189877bfd37:-10f6','waterworks.facts.WaterApplication','waterworks.facts.WaterApplication',NULL,0,NULL,NULL,NULL,NULL,NULL,0),('RCOND-70f27024:18976d5cdd8:-749c','RUL-11bed5a3:183b001786f:-7724','waterworks.facts.WaterBillRecurringFee','waterworks.facts.WaterBillRecurringFee','WBR',1,NULL,NULL,NULL,NULL,NULL,0),('RCOND-70f27024:18976d5cdd8:-7574','RUL-11bed5a3:183b001786f:-7724','waterworks.facts.WaterAccount','waterworks.facts.WaterAccount',NULL,0,NULL,NULL,NULL,NULL,NULL,0),('RCOND-70f27024:18976d5cdd8:-793f','RUL-70f27024:18976d5cdd8:-7a19','waterworks.facts.WaterConsumption','waterworks.facts.WaterConsumption','WC',1,NULL,NULL,NULL,NULL,NULL,0),('RCOND-70f27024:18976d5cdd8:-79dc','RUL-70f27024:18976d5cdd8:-7a19','waterworks.facts.WaterAccount','waterworks.facts.WaterAccount',NULL,0,NULL,NULL,NULL,NULL,NULL,0),('RCOND-70f27024:18976d5cdd8:-7b19','RUL-70f27024:18976d5cdd8:-7c48','waterworks.facts.WaterConsumption','waterworks.facts.WaterConsumption','WC',1,NULL,NULL,NULL,NULL,NULL,0),('RCOND-70f27024:18976d5cdd8:-7c0d','RUL-70f27024:18976d5cdd8:-7c48','waterworks.facts.WaterAccount','waterworks.facts.WaterAccount',NULL,0,NULL,NULL,NULL,NULL,NULL,0),('RCOND-7c70974f:171aef4aa82:-7c2c','RUL-7c70974f:171aef4aa82:-7c95','treasury.facts.Deposit','treasury.facts.Deposit','PMT',0,NULL,NULL,NULL,NULL,NULL,0),('RCOND304e882a:171c8fba402:-6fd7','RUL304e882a:171c8fba402:-70ce','waterworks.facts.WaterConsumption','waterworks.facts.WaterConsumption','WC',1,NULL,NULL,NULL,NULL,NULL,0),('RCOND304e882a:171c8fba402:-706a','RUL304e882a:171c8fba402:-70ce','waterworks.facts.WaterAccount','waterworks.facts.WaterAccount',NULL,0,NULL,NULL,NULL,NULL,NULL,0),('RCOND304e882a:171c8fba402:-7419','RUL304e882a:171c8fba402:-74d0','waterworks.facts.WaterConsumption','waterworks.facts.WaterConsumption','WC',1,NULL,NULL,NULL,NULL,NULL,0),('RCOND304e882a:171c8fba402:-749c','RUL304e882a:171c8fba402:-74d0','waterworks.facts.WaterAccount','waterworks.facts.WaterAccount',NULL,0,NULL,NULL,NULL,NULL,NULL,0),('RCOND44c93e47:171b65f15f1:-77bb','RUL-3122a9f8:1719a2d6391:-7cd2','treasury.facts.Payment','treasury.facts.Payment','PMT',0,NULL,NULL,NULL,NULL,NULL,0),('RCOND5de3f7b7:171951e807a:-6873','RUL5de3f7b7:171951e807a:-746c','waterworks.facts.WaterBillItem','waterworks.facts.WaterBillItem','WBI',2,NULL,NULL,NULL,NULL,NULL,0),('RCOND5de3f7b7:171951e807a:-7338','RUL5de3f7b7:171951e807a:-746c','treasury.facts.TransactionDate','treasury.facts.TransactionDate',NULL,1,NULL,NULL,NULL,NULL,NULL,0),('RCOND5de3f7b7:171951e807a:-7406','RUL5de3f7b7:171951e807a:-746c','waterworks.facts.WaterBill','waterworks.facts.WaterBill','WB',0,NULL,NULL,NULL,NULL,NULL,0),('RCOND746193b0:1684af9777d:-7548','RUL746193b0:1684af9777d:-760b','treasury.facts.ExcessPayment','treasury.facts.ExcessPayment','EXPMT',0,NULL,NULL,NULL,NULL,NULL,0),('RCOND746193b0:1684af9777d:-7722','RUL746193b0:1684af9777d:-77bd','treasury.facts.Payment','treasury.facts.Payment','PMT',0,NULL,NULL,NULL,NULL,NULL,0),('RCOND765e5636:1814c08fcad:-74c6','RUL-237cdc8a:17a5a4b6ad6:-7b8f','waterworks.facts.WaterApplication','waterworks.facts.WaterApplication',NULL,0,NULL,NULL,NULL,NULL,NULL,0),('RCOND7b139fa4:171e2269d93:-7c67','RUL7b139fa4:171e2269d93:-7e90','waterworks.facts.WaterBill','waterworks.facts.WaterBill','WB',1,NULL,NULL,NULL,NULL,NULL,0),('RCOND7b139fa4:171e2269d93:-7dc7','RUL7b139fa4:171e2269d93:-7e90','waterworks.facts.WaterConsumption','waterworks.facts.WaterConsumption','WC',0,NULL,NULL,NULL,NULL,NULL,0);
/*!40000 ALTER TABLE `sys_rule_condition` ENABLE KEYS */;
UNLOCK TABLES;

--
-- Table structure for table `sys_rule_condition_constraint`
--

DROP TABLE IF EXISTS `sys_rule_condition_constraint`;
/*!40101 SET @saved_cs_client     = @@character_set_client */;
/*!40101 SET character_set_client = utf8 */;
CREATE TABLE `sys_rule_condition_constraint` (
  `objid` varchar(50) NOT NULL,
  `parentid` varchar(50) DEFAULT NULL,
  `field_objid` varchar(100) DEFAULT NULL,
  `fieldname` varchar(50) DEFAULT NULL,
  `varname` varchar(50) DEFAULT NULL,
  `operator_caption` varchar(50) DEFAULT NULL,
  `operator_symbol` varchar(50) DEFAULT NULL,
  `usevar` int(11) DEFAULT NULL,
  `var_objid` varchar(50) DEFAULT NULL,
  `var_name` varchar(50) DEFAULT NULL,
  `decimalvalue` decimal(16,2) DEFAULT NULL,
  `intvalue` int(11) DEFAULT NULL,
  `stringvalue` varchar(255) DEFAULT NULL,
  `listvalue` longtext,
  `datevalue` date DEFAULT NULL,
  `pos` int(11) DEFAULT NULL,
  PRIMARY KEY (`objid`),
  KEY `ix_parentid` (`parentid`),
  KEY `ix_var_objid` (`var_objid`),
  KEY `ix_field_objid` (`field_objid`),
  CONSTRAINT `fk_sys_rule_condition_constraint_field_objid` FOREIGN KEY (`field_objid`) REFERENCES `sys_rule_fact_field` (`objid`),
  CONSTRAINT `fk_sys_rule_condition_constraint_parentid` FOREIGN KEY (`parentid`) REFERENCES `sys_rule_condition` (`objid`),
  CONSTRAINT `fk_sys_rule_condition_constraint_var_objid` FOREIGN KEY (`var_objid`) REFERENCES `sys_rule_condition_var` (`objid`)
) ENGINE=InnoDB DEFAULT CHARSET=utf8;
/*!40101 SET character_set_client = @saved_cs_client */;

--
-- Dumping data for table `sys_rule_condition_constraint`
--

LOCK TABLES `sys_rule_condition_constraint` WRITE;
/*!40000 ALTER TABLE `sys_rule_condition_constraint` DISABLE KEYS */;
INSERT INTO `sys_rule_condition_constraint` VALUES ('RCC-53916268:188284c8d57:-7ffc','RC-53916268:188284c8d57:-7ffe','waterworks.facts.WaterBillingPeriod.month','month','MON',NULL,NULL,NULL,NULL,NULL,NULL,NULL,NULL,NULL,NULL,0),('RCC-53916268:188284c8d57:-7ffd','RC-53916268:188284c8d57:-7ffe','waterworks.facts.WaterBillingPeriod.year','year','YR',NULL,NULL,NULL,NULL,NULL,NULL,NULL,NULL,NULL,NULL,1),('RCC-53916268:188284c8d57:-7fff','RC-53916268:188284c8d57:-8000','waterworks.facts.WaterScheduleGroup.id','id',NULL,'is any of the ff.','matches',NULL,NULL,NULL,NULL,NULL,NULL,'[[key:\"S20\",value:\"S20\"]]',NULL,0),('RCC-5553913a:188655cd51b:-7651','RC-5553913a:188655cd51b:-7652','waterworks.facts.WaterAccount.classification','classification',NULL,'is any of the ff.','matches',NULL,NULL,NULL,NULL,NULL,NULL,'[[key:\"COMMERCIAL\",value:\"COMMERCIAL\"],[key:\"GOVERNMENT\",value:\"GOVERNMENT\"]]',NULL,0),('RCC-5553913a:188655cd51b:-7653','RC-5553913a:188655cd51b:-7654','waterworks.facts.WaterConsumption.volume','volume','VOL',NULL,NULL,NULL,NULL,NULL,NULL,NULL,NULL,NULL,NULL,0),('RCC-5553913a:188655cd51b:-7834','RC-5553913a:188655cd51b:-7835','waterworks.facts.WaterAccount.classification','classification',NULL,'is any of the ff.','matches',NULL,NULL,NULL,NULL,NULL,NULL,'[[key:\"RESIDENTIAL\",value:\"RESIDENTIAL\"]]',NULL,0),('RCC-5553913a:188655cd51b:-7836','RC-5553913a:188655cd51b:-7837','waterworks.facts.WaterConsumption.volume','volume','VOL',NULL,NULL,NULL,NULL,NULL,NULL,NULL,NULL,NULL,NULL,0),('RCC-7dc52fea:1896224ee96:-7fb0','RC-7dc52fea:1896224ee96:-7fb1','waterworks.facts.WaterBill.yearmonth','yearmonth','YRMON',NULL,NULL,NULL,NULL,NULL,NULL,NULL,NULL,NULL,NULL,0),('RCC-7dc52fea:1896224ee96:-7fb2','RC-7dc52fea:1896224ee96:-7fb4','waterworks.facts.WaterBillItem.yearmonth','yearmonth',NULL,'less than','<',1,'RCC-7dc52fea:1896224ee96:-7fb0','YRMON',NULL,NULL,NULL,NULL,NULL,0),('RCC-7dc52fea:1896224ee96:-7fb3','RC-7dc52fea:1896224ee96:-7fb4','waterworks.facts.WaterBillItem.billcode','billcode',NULL,'is any of the ff.','matches',NULL,NULL,NULL,NULL,NULL,NULL,'[[key:\"WATER_FEE_SURCHARGE\",value:\"WATER SURCHARGE\"]]',NULL,2),('RCC-7dc52fea:1896224ee96:-7fba','RC-7dc52fea:1896224ee96:-7fbc','waterworks.facts.WaterBillItem.billcode','billcode',NULL,'is any of the ff.','matches',NULL,NULL,NULL,NULL,NULL,NULL,'[[key:\"WATER_FEE_SURCHARGE\",value:\"WATER SURCHARGE\"]]',NULL,2),('RCC-7dc52fea:1896224ee96:-7fbb','RC-7dc52fea:1896224ee96:-7fbc','waterworks.facts.WaterBillItem.yearmonth','yearmonth',NULL,'equal to','==',1,'RCC-7dc52fea:1896224ee96:-7fbd','YRMON',NULL,NULL,NULL,NULL,NULL,0),('RCC-7dc52fea:1896224ee96:-7fbd','RC-7dc52fea:1896224ee96:-7fbe','waterworks.facts.WaterBill.yearmonth','yearmonth','YRMON',NULL,NULL,NULL,NULL,NULL,NULL,NULL,NULL,NULL,NULL,0),('RCC-7dc52fea:1896224ee96:-7fc2','RC-7dc52fea:1896224ee96:-7fc4','waterworks.facts.WaterBillItem.billcode','billcode',NULL,'is any of the ff.','matches',NULL,NULL,NULL,NULL,NULL,NULL,'[[key:\"WATER_FEE\",value:\"WATER FEE\"]]',NULL,2),('RCC-7dc52fea:1896224ee96:-7fc3','RC-7dc52fea:1896224ee96:-7fc4','waterworks.facts.WaterBillItem.yearmonth','yearmonth',NULL,'less than','<',1,'RCC-7dc52fea:1896224ee96:-7fc5','YRMON',NULL,NULL,NULL,NULL,NULL,0),('RCC-7dc52fea:1896224ee96:-7fc5','RC-7dc52fea:1896224ee96:-7fc6','waterworks.facts.WaterBill.yearmonth','yearmonth','YRMON',NULL,NULL,NULL,NULL,NULL,NULL,NULL,NULL,NULL,NULL,0),('RCC-7dc52fea:1896224ee96:-7fca','RC-7dc52fea:1896224ee96:-7fcb','waterworks.facts.WaterBill.yearmonth','yearmonth','YRMON',NULL,NULL,NULL,NULL,NULL,NULL,NULL,NULL,NULL,NULL,0),('RCC-7dc52fea:1896224ee96:-7fcc','RC-7dc52fea:1896224ee96:-7fce','waterworks.facts.WaterBillItem.yearmonth','yearmonth',NULL,'equal to','==',1,'RCC-7dc52fea:1896224ee96:-7fca','YRMON',NULL,NULL,NULL,NULL,NULL,0),('RCC-7dc52fea:1896224ee96:-7fcd','RC-7dc52fea:1896224ee96:-7fce','waterworks.facts.WaterBillItem.billcode','billcode',NULL,'is any of the ff.','matches',NULL,NULL,NULL,NULL,NULL,NULL,'[[key:\"WATER_FEE\",value:\"WATER FEE\"]]',NULL,2),('RCC-7eb5df34:1728466bdf1:-7fd5','RC-7eb5df34:1728466bdf1:-7fd6','waterworks.facts.WaterScheduleGroup.id','id',NULL,'is any of the ff.','matches',NULL,NULL,NULL,NULL,NULL,NULL,'[[key:\"S30\",value:\"S30\"]]',NULL,0),('RCC-7eb5df34:1728466bdf1:-7fd7','RC-7eb5df34:1728466bdf1:-7fd9','waterworks.facts.WaterBillingPeriod.year','year','YR',NULL,NULL,NULL,NULL,NULL,NULL,NULL,NULL,NULL,NULL,1),('RCC-7eb5df34:1728466bdf1:-7fd8','RC-7eb5df34:1728466bdf1:-7fd9','waterworks.facts.WaterBillingPeriod.month','month','MON',NULL,NULL,NULL,NULL,NULL,NULL,NULL,NULL,NULL,NULL,0),('RCC-7eb5df34:1728466bdf1:-7fe2','RC-7eb5df34:1728466bdf1:-7fe4','waterworks.facts.WaterBillingPeriod.month','month','MON',NULL,NULL,NULL,NULL,NULL,NULL,NULL,NULL,NULL,NULL,0),('RCC-7eb5df34:1728466bdf1:-7fe3','RC-7eb5df34:1728466bdf1:-7fe4','waterworks.facts.WaterBillingPeriod.year','year','YR',NULL,NULL,NULL,NULL,NULL,NULL,NULL,NULL,NULL,NULL,1),('RCC-7eb5df34:1728466bdf1:-7fe5','RC-7eb5df34:1728466bdf1:-7fe6','waterworks.facts.WaterScheduleGroup.id','id',NULL,'is any of the ff.','matches',NULL,NULL,NULL,NULL,NULL,NULL,'[[key:\"S21\",value:\"S21\"]]',NULL,0),('RCC-7eb5df34:1728466bdf1:-7fef','RC-7eb5df34:1728466bdf1:-7ff0','waterworks.facts.WaterScheduleGroup.id','id',NULL,'is any of the ff.','matches',NULL,NULL,NULL,NULL,NULL,NULL,'[[key:\"S15\",value:\"S15\"]]',NULL,0),('RCC-7eb5df34:1728466bdf1:-7ff1','RC-7eb5df34:1728466bdf1:-7ff3','waterworks.facts.WaterBillingPeriod.year','year','YR',NULL,NULL,NULL,NULL,NULL,NULL,NULL,NULL,NULL,NULL,1),('RCC-7eb5df34:1728466bdf1:-7ff2','RC-7eb5df34:1728466bdf1:-7ff3','waterworks.facts.WaterBillingPeriod.month','month','MON',NULL,NULL,NULL,NULL,NULL,NULL,NULL,NULL,NULL,NULL,0),('RCC-7eb5df34:1728466bdf1:-7ffc','RC-7eb5df34:1728466bdf1:-7ffe','waterworks.facts.WaterBillingPeriod.month','month','MON',NULL,NULL,NULL,NULL,NULL,NULL,NULL,NULL,NULL,NULL,0),('RCC-7eb5df34:1728466bdf1:-7ffd','RC-7eb5df34:1728466bdf1:-7ffe','waterworks.facts.WaterBillingPeriod.year','year','YR',NULL,NULL,NULL,NULL,NULL,NULL,NULL,NULL,NULL,NULL,1),('RCC-7eb5df34:1728466bdf1:-7fff','RC-7eb5df34:1728466bdf1:-8000','waterworks.facts.WaterScheduleGroup.id','id',NULL,'is any of the ff.','matches',NULL,NULL,NULL,NULL,NULL,NULL,'[[key:\"S07\",value:\"S07\"]]',NULL,0),('RCC-84989d9:173429d1f1b:-7ffb','RC-84989d9:173429d1f1b:-7ffc','waterworks.facts.WaterAccount.classification','classification',NULL,'is any of the ff.','matches',NULL,NULL,NULL,NULL,NULL,NULL,'[[key:\"RESIDENTIAL\",value:\"RESIDENTIAL\"]]',NULL,0),('RCC-84989d9:173429d1f1b:-7ffd','RC-84989d9:173429d1f1b:-7ffe','waterworks.facts.WaterworksAttribute.name','name',NULL,'is any of the ff.','matches',NULL,NULL,NULL,NULL,NULL,NULL,'[[key:\"LOT_DONOR\",value:\"LOT DONOR\"]]',NULL,0),('RCC-84989d9:173429d1f1b:-7fff','RC-84989d9:173429d1f1b:-8000','waterworks.facts.WaterConsumption.volume','volume','VOL',NULL,NULL,NULL,NULL,NULL,NULL,NULL,NULL,NULL,NULL,0),('RCONST-27cb0e25:171e78a3ff8:-7abc','RCOND-27cb0e25:171e78a3ff8:-7c54','waterworks.facts.WaterBillItem.billcode','billcode',NULL,'is any of the ff.','matches',NULL,NULL,NULL,NULL,NULL,NULL,'[[key:\"WATER_FEE\",value:\"WATER FEE\"]]',NULL,3),('RCONST-27cb0e25:171e78a3ff8:-7b44','RCOND-27cb0e25:171e78a3ff8:-7c54','waterworks.facts.WaterBillItem.amount','amount','AMT','greater than','>',NULL,NULL,NULL,0.00,NULL,NULL,NULL,NULL,2),('RCONST-27cb0e25:171e78a3ff8:-7bb9','RCOND-27cb0e25:171e78a3ff8:-7c54','waterworks.facts.WaterBillItem.month','month',NULL,'equal to','==',1,'RCONST-27cb0e25:171e78a3ff8:-7e08','MON',NULL,NULL,NULL,NULL,NULL,1),('RCONST-27cb0e25:171e78a3ff8:-7c13','RCOND-27cb0e25:171e78a3ff8:-7c54','waterworks.facts.WaterBillItem.year','year',NULL,'equal to','==',1,'RCONST-27cb0e25:171e78a3ff8:-7e5a','YR',NULL,NULL,NULL,NULL,NULL,0),('RCONST-27cb0e25:171e78a3ff8:-7cb1','RCOND-27cb0e25:171e78a3ff8:-7ccf','treasury.facts.TransactionDate.date','date',NULL,'on or after','>=',1,'RCONST-27cb0e25:171e78a3ff8:-7d71','DUEDATE',NULL,NULL,NULL,NULL,NULL,0),('RCONST-27cb0e25:171e78a3ff8:-7d71','RCOND-27cb0e25:171e78a3ff8:-7f01','waterworks.facts.WaterBillingPeriod.duedate','duedate','DUEDATE',NULL,NULL,NULL,NULL,NULL,NULL,NULL,NULL,NULL,NULL,2),('RCONST-27cb0e25:171e78a3ff8:-7e08','RCOND-27cb0e25:171e78a3ff8:-7f01','waterworks.facts.WaterBillingPeriod.month','month','MON',NULL,NULL,NULL,NULL,NULL,NULL,NULL,NULL,NULL,NULL,1),('RCONST-27cb0e25:171e78a3ff8:-7e5a','RCOND-27cb0e25:171e78a3ff8:-7f01','waterworks.facts.WaterBillingPeriod.year','year','YR',NULL,NULL,NULL,NULL,NULL,NULL,NULL,NULL,NULL,NULL,0),('RCONST-2c6cbc17:189aa632b02:-432e','RCOND-70f27024:18976d5cdd8:-7c0d','waterworks.facts.WaterAccount.classification','classification',NULL,'is any of the ff.','matches',NULL,NULL,NULL,NULL,NULL,NULL,'[[key:\"COMMERCIAL\",value:\"COMMERCIAL\"],[key:\"INDUSTRIAL\",value:\"INDUSTRIAL\"]]',NULL,0),('RCONST-3122a9f8:1719a2d6391:-72f7','RCOND-3122a9f8:1719a2d6391:-74c6','waterworks.facts.WaterBillItem.amount','amount','AMT',NULL,NULL,NULL,NULL,NULL,NULL,NULL,NULL,NULL,NULL,3),('RCONST-3122a9f8:1719a2d6391:-73a9','RCOND-3122a9f8:1719a2d6391:-74c6','waterworks.facts.WaterBillItem.billcode','billcode',NULL,'is any of the ff.','matches',NULL,NULL,NULL,NULL,NULL,NULL,'[[key:\"WATER_FEE\",value:\"WATER FEE\"]]',NULL,2),('RCONST-3122a9f8:1719a2d6391:-741b','RCOND-3122a9f8:1719a2d6391:-74c6','waterworks.facts.WaterBillItem.month','month',NULL,'equal to','==',1,'RCONST-3122a9f8:1719a2d6391:-7630','BMON',NULL,NULL,NULL,NULL,NULL,1),('RCONST-3122a9f8:1719a2d6391:-747e','RCOND-3122a9f8:1719a2d6391:-74c6','waterworks.facts.WaterBillItem.year','year',NULL,'equal to','==',1,'RCONST-3122a9f8:1719a2d6391:-76d1','BYR',NULL,NULL,NULL,NULL,NULL,0),('RCONST-3122a9f8:1719a2d6391:-7630','RCOND-3122a9f8:1719a2d6391:-7a54','waterworks.facts.WaterBill.month','month','BMON',NULL,NULL,NULL,NULL,NULL,NULL,NULL,NULL,NULL,NULL,4),('RCONST-3122a9f8:1719a2d6391:-76d1','RCOND-3122a9f8:1719a2d6391:-7a54','waterworks.facts.WaterBill.year','year','BYR',NULL,NULL,NULL,NULL,NULL,NULL,NULL,NULL,NULL,NULL,3),('RCONST-3122a9f8:1719a2d6391:-7844','RCOND-3122a9f8:1719a2d6391:-7872','treasury.facts.TransactionDate.date','date',NULL,'on or before','<=',1,'RCONST-3122a9f8:1719a2d6391:-7902','DISCDATE',NULL,NULL,NULL,NULL,NULL,0),('RCONST-3122a9f8:1719a2d6391:-7902','RCOND-3122a9f8:1719a2d6391:-7a54','waterworks.facts.WaterBill.discdate','discdate','DISCDATE',NULL,NULL,NULL,NULL,NULL,NULL,NULL,NULL,NULL,NULL,2),('RCONST-3122a9f8:1719a2d6391:-79fe','RCOND-3122a9f8:1719a2d6391:-7a54','waterworks.facts.WaterBill.balanceforward','balanceforward',NULL,'less than or equal to','<=',NULL,NULL,NULL,0.00,NULL,NULL,NULL,NULL,0),('RCONST-3c200997:189d37e070c:-7c40','RCOND-40c963f2:189aec343e9:-69ca','waterworks.facts.WaterBillRecurringFee.startyear','startyear','YEAR',NULL,NULL,NULL,NULL,NULL,NULL,NULL,NULL,NULL,NULL,2),('RCONST-40c963f2:189aec343e9:-6915','RCOND-40c963f2:189aec343e9:-69ca','waterworks.facts.WaterBillRecurringFee.startmonth','startmonth','MONTH',NULL,NULL,0,NULL,NULL,NULL,NULL,NULL,NULL,NULL,1),('RCONST-40c963f2:189aec343e9:-698c','RCOND-40c963f2:189aec343e9:-69ca','waterworks.facts.WaterBillRecurringFee.installmentamount','installmentamount','INST',NULL,NULL,NULL,NULL,NULL,NULL,NULL,NULL,NULL,NULL,0),('RCONST-40c963f2:189aec343e9:-6aff','RCOND-40c963f2:189aec343e9:-6b27','waterworks.facts.WaterAccount.classification','classification',NULL,'is any of the ff.','matches',NULL,NULL,NULL,NULL,NULL,NULL,'[[key:\"BULK\",value:\"BULK\"],[key:\"COMMERCIAL\",value:\"COMMERCIAL\"],[key:\"GOVERNMENT\",value:\"GOVERNMENT\"],[key:\"INDUSTRIAL\",value:\"INDUSTRIAL\"],[key:\"INSTITUTIONAL\",value:\"INSTITUTIONAL\"],[key:\"RESIDENTIAL\",value:\"RESIDENTIAL\"]]',NULL,0),('RCONST-43b1e736:189877bfd37:-7d87','RCOND-43b1e736:189877bfd37:-7e93','treasury.facts.BillItem.account.objid','account.objid','ACCT',NULL,NULL,NULL,NULL,NULL,NULL,NULL,NULL,NULL,NULL,0),('RCONST-43b1e736:189877bfd37:-bc1','RCOND-43b1e736:189877bfd37:-ca7','treasury.facts.BillItem.account.objid','account.objid',NULL,'is any of the ff.','matches',1,'RCONST-43b1e736:189877bfd37:-d57','APP',NULL,NULL,NULL,NULL,NULL,0),('RCONST-43b1e736:189877bfd37:-d57','RCOND-11bed5a3:183b001786f:-7f2d','waterworks.facts.WaterApplication.apptype','apptype','APP','is any of the ff.','matches',NULL,NULL,NULL,NULL,NULL,NULL,'[\"NEW\"]',NULL,0),('RCONST-43b1e736:189877bfd37:911','RCOND-43b1e736:189877bfd37:901','waterworks.facts.WaterApplication.apptype','apptype','APP','is any of the ff.','matches',NULL,NULL,NULL,NULL,NULL,NULL,'[\"NEW\"]',NULL,0),('RCONST-6471644e:171b69fea57:-716e','RCOND-3122a9f8:1719a2d6391:-74c6','waterworks.facts.WaterBillItem.principal','principal','PRINCIPAL',NULL,NULL,NULL,NULL,NULL,NULL,NULL,NULL,NULL,NULL,4),('RCONST-6471644e:171b69fea57:-7c6a','RCOND-3122a9f8:1719a2d6391:-7a54','waterworks.facts.WaterBill.totalunpaid','totalunpaid',NULL,'less than or equal to','<=',1,'RCONST44c93e47:171b65f15f1:-77ab','AMTPAID',NULL,NULL,NULL,NULL,NULL,4),('RCONST-70f27024:18976d5cdd8:-745a','RCOND-70f27024:18976d5cdd8:-749c','waterworks.facts.WaterBillRecurringFee.amount','amount','AMT',NULL,NULL,NULL,NULL,NULL,NULL,NULL,NULL,NULL,NULL,0),('RCONST-70f27024:18976d5cdd8:-754c','RCOND-70f27024:18976d5cdd8:-7574','waterworks.facts.WaterAccount.classification','classification',NULL,'is any of the ff.','matches',NULL,NULL,NULL,NULL,NULL,NULL,'[[key:\"COMMERCIAL\",value:\"COMMERCIAL\"],[key:\"GOVERNMENT\",value:\"GOVERNMENT\"],[key:\"INDUSTRIAL\",value:\"INDUSTRIAL\"],[key:\"INSTITUTIONAL\",value:\"INSTITUTIONAL\"],[key:\"RESIDENTIAL\",value:\"RESIDENTIAL\"]]',NULL,0),('RCONST-70f27024:18976d5cdd8:-7927','RCOND-70f27024:18976d5cdd8:-793f','waterworks.facts.WaterConsumption.volume','volume','VOL',NULL,NULL,NULL,NULL,NULL,NULL,NULL,NULL,NULL,NULL,0),('RCONST-70f27024:18976d5cdd8:-79b4','RCOND-70f27024:18976d5cdd8:-79dc','waterworks.facts.WaterAccount.classification','classification',NULL,'is any of the ff.','matches',0,NULL,NULL,NULL,NULL,NULL,'[[key:\"BULK\",value:\"BULK\"],[key:\"INSTITUTIONAL\",value:\"INSTITUTIONAL\"]]',NULL,0),('RCONST-70f27024:18976d5cdd8:-7b00','RCOND-70f27024:18976d5cdd8:-7b19','waterworks.facts.WaterConsumption.volume','volume','VOL',NULL,NULL,NULL,NULL,NULL,NULL,NULL,NULL,NULL,NULL,0),('RCONST-7c70974f:171aef4aa82:-7c1c','RCOND-7c70974f:171aef4aa82:-7c2c','treasury.facts.Deposit.amount','amount','AMT',NULL,NULL,NULL,NULL,NULL,NULL,NULL,NULL,NULL,NULL,0),('RCONST2a36a888:1719581dc18:-765e','RCOND5de3f7b7:171951e807a:-7406','waterworks.facts.WaterBill.month','month','BMON',NULL,NULL,NULL,NULL,NULL,NULL,NULL,NULL,NULL,NULL,2),('RCONST2a36a888:1719581dc18:-76e6','RCOND5de3f7b7:171951e807a:-7406','waterworks.facts.WaterBill.year','year','BYR',NULL,NULL,NULL,NULL,NULL,NULL,NULL,NULL,NULL,NULL,1),('RCONST304e882a:171c8fba402:-6fa7','RCOND304e882a:171c8fba402:-6fd7','waterworks.facts.WaterConsumption.volume','volume','VOL',NULL,NULL,NULL,NULL,NULL,NULL,NULL,NULL,NULL,NULL,0),('RCONST304e882a:171c8fba402:-7049','RCOND304e882a:171c8fba402:-706a','waterworks.facts.WaterAccount.classification','classification',NULL,'is any of the ff.','matches',NULL,NULL,NULL,NULL,NULL,NULL,'[[key:\"COMMERCIAL\",value:\"COMMERCIAL\"]]',NULL,0),('RCONST304e882a:171c8fba402:-73cf','RCOND304e882a:171c8fba402:-7419','waterworks.facts.WaterConsumption.volume','volume','VOL',NULL,NULL,NULL,NULL,NULL,NULL,NULL,NULL,NULL,NULL,0),('RCONST304e882a:171c8fba402:-747b','RCOND304e882a:171c8fba402:-749c','waterworks.facts.WaterAccount.classification','classification',NULL,'is any of the ff.','matches',NULL,NULL,NULL,NULL,NULL,NULL,'[[key:\"RESIDENTIAL\",value:\"RESIDENTIAL\"],[key:\"GOVERNMENT\",value:\"GOVERNMENT\"]]',NULL,0),('RCONST44c93e47:171b65f15f1:-77ab','RCOND44c93e47:171b65f15f1:-77bb','treasury.facts.Payment.amount','amount','AMTPAID',NULL,NULL,NULL,NULL,NULL,NULL,NULL,NULL,NULL,NULL,0),('RCONST5de3f7b7:171951e807a:-6290','RCOND5de3f7b7:171951e807a:-6873','waterworks.facts.WaterBillItem.billcode','billcode',NULL,'is any of the ff.','matches',NULL,NULL,NULL,NULL,NULL,NULL,'[[key:\"WATER_FEE\",value:\"WATER FEE\"]]',NULL,3),('RCONST5de3f7b7:171951e807a:-6751','RCOND5de3f7b7:171951e807a:-6873','waterworks.facts.WaterBillItem.amount','amount','AMT','greater than','>',NULL,NULL,NULL,0.00,NULL,NULL,NULL,NULL,2),('RCONST5de3f7b7:171951e807a:-67ca','RCOND5de3f7b7:171951e807a:-6873','waterworks.facts.WaterBillItem.month','month','MON','equal to','==',1,'RCONST2a36a888:1719581dc18:-765e','BMON',NULL,NULL,NULL,NULL,NULL,1),('RCONST5de3f7b7:171951e807a:-682b','RCOND5de3f7b7:171951e807a:-6873','waterworks.facts.WaterBillItem.year','year','YR','equal to','==',1,'RCONST2a36a888:1719581dc18:-76e6','BYR',NULL,NULL,NULL,NULL,NULL,0),('RCONST5de3f7b7:171951e807a:-730a','RCOND5de3f7b7:171951e807a:-7338','treasury.facts.TransactionDate.date','date',NULL,'after','>',1,'RCONST5de3f7b7:171951e807a:-739f','DUEDATE',NULL,NULL,NULL,NULL,NULL,0),('RCONST5de3f7b7:171951e807a:-739f','RCOND5de3f7b7:171951e807a:-7406','waterworks.facts.WaterBill.duedate','duedate','DUEDATE',NULL,NULL,NULL,NULL,NULL,NULL,NULL,NULL,NULL,NULL,0),('RCONST746193b0:1684af9777d:-7538','RCOND746193b0:1684af9777d:-7548','treasury.facts.ExcessPayment.amount','amount','AMT','greater than','>',NULL,NULL,NULL,0.00,NULL,NULL,NULL,NULL,0),('RCONST746193b0:1684af9777d:-76ec','RCOND746193b0:1684af9777d:-7722','treasury.facts.Payment.amount','amount',NULL,'greater than','>',NULL,NULL,NULL,0.00,NULL,NULL,NULL,NULL,0),('RCONST765e5636:1814c08fcad:-74b7','RCOND765e5636:1814c08fcad:-74c6','waterworks.facts.WaterApplication.apptype','apptype',NULL,'is any of the ff.','matches',NULL,NULL,NULL,NULL,NULL,NULL,'[\"RECONNECTION\"]',NULL,0),('RCONST7b139fa4:171e2269d93:-7bc6','RCOND7b139fa4:171e2269d93:-7c67','waterworks.facts.WaterBill.month','month','MON',NULL,NULL,NULL,NULL,NULL,NULL,NULL,NULL,NULL,NULL,1),('RCONST7b139fa4:171e2269d93:-7c24','RCOND7b139fa4:171e2269d93:-7c67','waterworks.facts.WaterBill.year','year','YR',NULL,NULL,NULL,NULL,NULL,NULL,NULL,NULL,NULL,NULL,0),('RCONST7b139fa4:171e2269d93:-7d70','RCOND7b139fa4:171e2269d93:-7dc7','waterworks.facts.WaterConsumption.hold','hold',NULL,'not true','== false',NULL,NULL,NULL,NULL,NULL,NULL,NULL,NULL,1),('RCONST7b139fa4:171e2269d93:-7da8','RCOND7b139fa4:171e2269d93:-7dc7','waterworks.facts.WaterConsumption.amount','amount','AMT','greater than','>',NULL,NULL,NULL,0.00,NULL,NULL,NULL,NULL,0);
/*!40000 ALTER TABLE `sys_rule_condition_constraint` ENABLE KEYS */;
UNLOCK TABLES;

--
-- Table structure for table `sys_rule_condition_var`
--

DROP TABLE IF EXISTS `sys_rule_condition_var`;
/*!40101 SET @saved_cs_client     = @@character_set_client */;
/*!40101 SET character_set_client = utf8 */;
CREATE TABLE `sys_rule_condition_var` (
  `objid` varchar(50) NOT NULL,
  `parentid` varchar(50) DEFAULT NULL,
  `ruleid` varchar(50) DEFAULT NULL,
  `varname` varchar(50) DEFAULT NULL,
  `datatype` varchar(50) DEFAULT NULL,
  `pos` int(11) DEFAULT NULL,
  PRIMARY KEY (`objid`),
  KEY `ix_parentid` (`parentid`),
  CONSTRAINT `fk_sys_rule_condition_var_parentid` FOREIGN KEY (`parentid`) REFERENCES `sys_rule_condition` (`objid`)
) ENGINE=InnoDB DEFAULT CHARSET=utf8;
/*!40101 SET character_set_client = @saved_cs_client */;

--
-- Dumping data for table `sys_rule_condition_var`
--

LOCK TABLES `sys_rule_condition_var` WRITE;
/*!40000 ALTER TABLE `sys_rule_condition_var` DISABLE KEYS */;
INSERT INTO `sys_rule_condition_var` VALUES ('RC-53916268:188284c8d57:-7ffe','RC-53916268:188284c8d57:-7ffe','RUL-41ebd74d:18827bf65dc:-7ab6','BILPRD','waterworks.facts.WaterBillingPeriod',1),('RC-53916268:188284c8d57:-8000','RC-53916268:188284c8d57:-8000','RUL-41ebd74d:18827bf65dc:-7ab6','WBS','waterworks.facts.WaterScheduleGroup',0),('RC-5553913a:188655cd51b:-7654','RC-5553913a:188655cd51b:-7654','RUL-7c7445be:18904845749:-33d5','WC','waterworks.facts.WaterConsumption',1),('RC-5553913a:188655cd51b:-7837','RC-5553913a:188655cd51b:-7837','RUL-3e73499b:188fa27c08e:-6a99','WC','waterworks.facts.WaterConsumption',1),('RC-7dc52fea:1896224ee96:-7fb1','RC-7dc52fea:1896224ee96:-7fb1','RUL5fabf4a4:18961f59a58:-65d8','WB','waterworks.facts.WaterBill',0),('RC-7dc52fea:1896224ee96:-7fb4','RC-7dc52fea:1896224ee96:-7fb4','RUL5fabf4a4:18961f59a58:-65d8','WBI','waterworks.facts.WaterBillItem',1),('RC-7dc52fea:1896224ee96:-7fbc','RC-7dc52fea:1896224ee96:-7fbc','RUL5fabf4a4:18961f59a58:-6632','WBI','waterworks.facts.WaterBillItem',1),('RC-7dc52fea:1896224ee96:-7fbe','RC-7dc52fea:1896224ee96:-7fbe','RUL5fabf4a4:18961f59a58:-6632','WB','waterworks.facts.WaterBill',0),('RC-7dc52fea:1896224ee96:-7fc4','RC-7dc52fea:1896224ee96:-7fc4','RUL5fabf4a4:18961f59a58:-6770','WBI','waterworks.facts.WaterBillItem',5),('RC-7dc52fea:1896224ee96:-7fc6','RC-7dc52fea:1896224ee96:-7fc6','RUL5fabf4a4:18961f59a58:-6770','WB','waterworks.facts.WaterBill',4),('RC-7dc52fea:1896224ee96:-7fcb','RC-7dc52fea:1896224ee96:-7fcb','RUL5fabf4a4:18961f59a58:-6a22','WB','waterworks.facts.WaterBill',4),('RC-7dc52fea:1896224ee96:-7fce','RC-7dc52fea:1896224ee96:-7fce','RUL5fabf4a4:18961f59a58:-6a22','WBI','waterworks.facts.WaterBillItem',5),('RC-7eb5df34:1728466bdf1:-7fd6','RC-7eb5df34:1728466bdf1:-7fd6','RUL6467d37d:1728451ba8a:-6340','WBS','waterworks.facts.WaterScheduleGroup',0),('RC-7eb5df34:1728466bdf1:-7fd9','RC-7eb5df34:1728466bdf1:-7fd9','RUL6467d37d:1728451ba8a:-6340','BILPRD','waterworks.facts.WaterBillingPeriod',1),('RC-7eb5df34:1728466bdf1:-7fe4','RC-7eb5df34:1728466bdf1:-7fe4','RUL6467d37d:1728451ba8a:-6579','BILPRD','waterworks.facts.WaterBillingPeriod',1),('RC-7eb5df34:1728466bdf1:-7fe6','RC-7eb5df34:1728466bdf1:-7fe6','RUL6467d37d:1728451ba8a:-6579','WBS','waterworks.facts.WaterScheduleGroup',0),('RC-7eb5df34:1728466bdf1:-7ff0','RC-7eb5df34:1728466bdf1:-7ff0','RUL6467d37d:1728451ba8a:-6f49','WBS','waterworks.facts.WaterScheduleGroup',0),('RC-7eb5df34:1728466bdf1:-7ff3','RC-7eb5df34:1728466bdf1:-7ff3','RUL6467d37d:1728451ba8a:-6f49','BILPRD','waterworks.facts.WaterBillingPeriod',1),('RC-7eb5df34:1728466bdf1:-7ffe','RC-7eb5df34:1728466bdf1:-7ffe','RUL6467d37d:1728451ba8a:-6fc4','BILPRD','waterworks.facts.WaterBillingPeriod',1),('RC-7eb5df34:1728466bdf1:-8000','RC-7eb5df34:1728466bdf1:-8000','RUL6467d37d:1728451ba8a:-6fc4','WBS','waterworks.facts.WaterScheduleGroup',0),('RC-84989d9:173429d1f1b:-8000','RC-84989d9:173429d1f1b:-8000','RUL-2de32a32:17340d99c05:-4d8f','WC','waterworks.facts.WaterConsumption',2),('RCC-53916268:188284c8d57:-7ffc','RC-53916268:188284c8d57:-7ffe','RUL-41ebd74d:18827bf65dc:-7ab6','MON','integer',0),('RCC-53916268:188284c8d57:-7ffd','RC-53916268:188284c8d57:-7ffe','RUL-41ebd74d:18827bf65dc:-7ab6','YR','integer',1),('RCC-5553913a:188655cd51b:-7653','RC-5553913a:188655cd51b:-7654','RUL-7c7445be:18904845749:-33d5','VOL','integer',0),('RCC-5553913a:188655cd51b:-7836','RC-5553913a:188655cd51b:-7837','RUL-3e73499b:188fa27c08e:-6a99','VOL','integer',0),('RCC-7dc52fea:1896224ee96:-7fb0','RC-7dc52fea:1896224ee96:-7fb1','RUL5fabf4a4:18961f59a58:-65d8','YRMON','integer',0),('RCC-7dc52fea:1896224ee96:-7fbd','RC-7dc52fea:1896224ee96:-7fbe','RUL5fabf4a4:18961f59a58:-6632','YRMON','integer',0),('RCC-7dc52fea:1896224ee96:-7fc5','RC-7dc52fea:1896224ee96:-7fc6','RUL5fabf4a4:18961f59a58:-6770','YRMON','integer',0),('RCC-7dc52fea:1896224ee96:-7fca','RC-7dc52fea:1896224ee96:-7fcb','RUL5fabf4a4:18961f59a58:-6a22','YRMON','integer',0),('RCC-7eb5df34:1728466bdf1:-7fd7','RC-7eb5df34:1728466bdf1:-7fd9','RUL6467d37d:1728451ba8a:-6340','YR','integer',1),('RCC-7eb5df34:1728466bdf1:-7fd8','RC-7eb5df34:1728466bdf1:-7fd9','RUL6467d37d:1728451ba8a:-6340','MON','integer',0),('RCC-7eb5df34:1728466bdf1:-7fe2','RC-7eb5df34:1728466bdf1:-7fe4','RUL6467d37d:1728451ba8a:-6579','MON','integer',0),('RCC-7eb5df34:1728466bdf1:-7fe3','RC-7eb5df34:1728466bdf1:-7fe4','RUL6467d37d:1728451ba8a:-6579','YR','integer',1),('RCC-7eb5df34:1728466bdf1:-7ff1','RC-7eb5df34:1728466bdf1:-7ff3','RUL6467d37d:1728451ba8a:-6f49','YR','integer',1),('RCC-7eb5df34:1728466bdf1:-7ff2','RC-7eb5df34:1728466bdf1:-7ff3','RUL6467d37d:1728451ba8a:-6f49','MON','integer',0),('RCC-7eb5df34:1728466bdf1:-7ffc','RC-7eb5df34:1728466bdf1:-7ffe','RUL6467d37d:1728451ba8a:-6fc4','MON','integer',0),('RCC-7eb5df34:1728466bdf1:-7ffd','RC-7eb5df34:1728466bdf1:-7ffe','RUL6467d37d:1728451ba8a:-6fc4','YR','integer',1),('RCC-84989d9:173429d1f1b:-7fff','RC-84989d9:173429d1f1b:-8000','RUL-2de32a32:17340d99c05:-4d8f','VOL','integer',0),('RCOND-27cb0e25:171e78a3ff8:-7c54','RCOND-27cb0e25:171e78a3ff8:-7c54','RUL-27cb0e25:171e78a3ff8:-7f51','WBI','waterworks.facts.WaterBillItem',2),('RCOND-27cb0e25:171e78a3ff8:-7f01','RCOND-27cb0e25:171e78a3ff8:-7f01','RUL-27cb0e25:171e78a3ff8:-7f51','BILPRD','waterworks.facts.WaterBillingPeriod',0),('RCOND-3122a9f8:1719a2d6391:-74c6','RCOND-3122a9f8:1719a2d6391:-74c6','RUL-3122a9f8:1719a2d6391:-7cd2','WBI','waterworks.facts.WaterBillItem',3),('RCOND-3122a9f8:1719a2d6391:-7a54','RCOND-3122a9f8:1719a2d6391:-7a54','RUL-3122a9f8:1719a2d6391:-7cd2','WB','waterworks.facts.WaterBill',1),('RCOND-40c963f2:189aec343e9:-69ca','RCOND-40c963f2:189aec343e9:-69ca','RUL-40c963f2:189aec343e9:-6ba8','WBR','waterworks.facts.WaterBillRecurringFee',1),('RCOND-43b1e736:189877bfd37:-7e93','RCOND-43b1e736:189877bfd37:-7e93','RUL-43b1e736:189877bfd37:-7ecc','BILLITEM','treasury.facts.BillItem',0),('RCOND-43b1e736:189877bfd37:-ca7','RCOND-43b1e736:189877bfd37:-ca7','RUL-11bed5a3:183b001786f:-7f9a','BILLITEM','treasury.facts.BillItem',1),('RCOND-70f27024:18976d5cdd8:-749c','RCOND-70f27024:18976d5cdd8:-749c','RUL-11bed5a3:183b001786f:-7724','WBR','waterworks.facts.WaterBillRecurringFee',1),('RCOND-70f27024:18976d5cdd8:-793f','RCOND-70f27024:18976d5cdd8:-793f','RUL-70f27024:18976d5cdd8:-7a19','WC','waterworks.facts.WaterConsumption',1),('RCOND-70f27024:18976d5cdd8:-7b19','RCOND-70f27024:18976d5cdd8:-7b19','RUL-70f27024:18976d5cdd8:-7c48','WC','waterworks.facts.WaterConsumption',1),('RCOND-7c70974f:171aef4aa82:-7c2c','RCOND-7c70974f:171aef4aa82:-7c2c','RUL-7c70974f:171aef4aa82:-7c95','PMT','treasury.facts.Deposit',0),('RCOND304e882a:171c8fba402:-6fd7','RCOND304e882a:171c8fba402:-6fd7','RUL304e882a:171c8fba402:-70ce','WC','waterworks.facts.WaterConsumption',1),('RCOND304e882a:171c8fba402:-7419','RCOND304e882a:171c8fba402:-7419','RUL304e882a:171c8fba402:-74d0','WC','waterworks.facts.WaterConsumption',1),('RCOND44c93e47:171b65f15f1:-77bb','RCOND44c93e47:171b65f15f1:-77bb','RUL-3122a9f8:1719a2d6391:-7cd2','PMT','treasury.facts.Payment',0),('RCOND5de3f7b7:171951e807a:-6873','RCOND5de3f7b7:171951e807a:-6873','RUL5de3f7b7:171951e807a:-746c','WBI','waterworks.facts.WaterBillItem',2),('RCOND5de3f7b7:171951e807a:-7406','RCOND5de3f7b7:171951e807a:-7406','RUL5de3f7b7:171951e807a:-746c','WB','waterworks.facts.WaterBill',0),('RCOND746193b0:1684af9777d:-7548','RCOND746193b0:1684af9777d:-7548','RUL746193b0:1684af9777d:-760b','EXPMT','treasury.facts.ExcessPayment',0),('RCOND746193b0:1684af9777d:-7722','RCOND746193b0:1684af9777d:-7722','RUL746193b0:1684af9777d:-77bd','PMT','treasury.facts.Payment',0),('RCOND7b139fa4:171e2269d93:-7c67','RCOND7b139fa4:171e2269d93:-7c67','RUL7b139fa4:171e2269d93:-7e90','WB','waterworks.facts.WaterBill',1),('RCOND7b139fa4:171e2269d93:-7dc7','RCOND7b139fa4:171e2269d93:-7dc7','RUL7b139fa4:171e2269d93:-7e90','WC','waterworks.facts.WaterConsumption',0),('RCONST-27cb0e25:171e78a3ff8:-7b44','RCOND-27cb0e25:171e78a3ff8:-7c54','RUL-27cb0e25:171e78a3ff8:-7f51','AMT','decimal',2),('RCONST-27cb0e25:171e78a3ff8:-7d71','RCOND-27cb0e25:171e78a3ff8:-7f01','RUL-27cb0e25:171e78a3ff8:-7f51','DUEDATE','date',2),('RCONST-27cb0e25:171e78a3ff8:-7e08','RCOND-27cb0e25:171e78a3ff8:-7f01','RUL-27cb0e25:171e78a3ff8:-7f51','MON','integer',1),('RCONST-27cb0e25:171e78a3ff8:-7e5a','RCOND-27cb0e25:171e78a3ff8:-7f01','RUL-27cb0e25:171e78a3ff8:-7f51','YR','integer',0),('RCONST-3122a9f8:1719a2d6391:-72f7','RCOND-3122a9f8:1719a2d6391:-74c6','RUL-3122a9f8:1719a2d6391:-7cd2','AMT','decimal',3),('RCONST-3122a9f8:1719a2d6391:-7630','RCOND-3122a9f8:1719a2d6391:-7a54','RUL-3122a9f8:1719a2d6391:-7cd2','BMON','integer',4),('RCONST-3122a9f8:1719a2d6391:-76d1','RCOND-3122a9f8:1719a2d6391:-7a54','RUL-3122a9f8:1719a2d6391:-7cd2','BYR','integer',3),('RCONST-3122a9f8:1719a2d6391:-7902','RCOND-3122a9f8:1719a2d6391:-7a54','RUL-3122a9f8:1719a2d6391:-7cd2','DISCDATE','date',2),('RCONST-3c200997:189d37e070c:-7c40','RCOND-40c963f2:189aec343e9:-69ca','RUL-40c963f2:189aec343e9:-6ba8','YEAR','integer',2),('RCONST-40c963f2:189aec343e9:-6915','RCOND-40c963f2:189aec343e9:-69ca','RUL-40c963f2:189aec343e9:-6ba8','MONTH','integer',1),('RCONST-40c963f2:189aec343e9:-698c','RCOND-40c963f2:189aec343e9:-69ca','RUL-40c963f2:189aec343e9:-6ba8','INST','decimal',0),('RCONST-43b1e736:189877bfd37:-7d87','RCOND-43b1e736:189877bfd37:-7e93','RUL-43b1e736:189877bfd37:-7ecc','ACCT','string',0),('RCONST-43b1e736:189877bfd37:-d57','RCOND-11bed5a3:183b001786f:-7f2d','RUL-11bed5a3:183b001786f:-7f9a','APP','string',0),('RCONST-43b1e736:189877bfd37:911','RCOND-43b1e736:189877bfd37:901','RUL-43b1e736:189877bfd37:-10f6','APP','string',0),('RCONST-6471644e:171b69fea57:-716e','RCOND-3122a9f8:1719a2d6391:-74c6','RUL-3122a9f8:1719a2d6391:-7cd2','PRINCIPAL','decimal',4),('RCONST-70f27024:18976d5cdd8:-745a','RCOND-70f27024:18976d5cdd8:-749c','RUL-11bed5a3:183b001786f:-7724','AMT','decimal',0),('RCONST-70f27024:18976d5cdd8:-7927','RCOND-70f27024:18976d5cdd8:-793f','RUL-70f27024:18976d5cdd8:-7a19','VOL','integer',0),('RCONST-70f27024:18976d5cdd8:-7b00','RCOND-70f27024:18976d5cdd8:-7b19','RUL-70f27024:18976d5cdd8:-7c48','VOL','integer',0),('RCONST-7c70974f:171aef4aa82:-7c1c','RCOND-7c70974f:171aef4aa82:-7c2c','RUL-7c70974f:171aef4aa82:-7c95','AMT','decimal',0),('RCONST2a36a888:1719581dc18:-765e','RCOND5de3f7b7:171951e807a:-7406','RUL5de3f7b7:171951e807a:-746c','BMON','integer',2),('RCONST2a36a888:1719581dc18:-76e6','RCOND5de3f7b7:171951e807a:-7406','RUL5de3f7b7:171951e807a:-746c','BYR','integer',1),('RCONST304e882a:171c8fba402:-6fa7','RCOND304e882a:171c8fba402:-6fd7','RUL304e882a:171c8fba402:-70ce','VOL','integer',0),('RCONST304e882a:171c8fba402:-73cf','RCOND304e882a:171c8fba402:-7419','RUL304e882a:171c8fba402:-74d0','VOL','integer',0),('RCONST44c93e47:171b65f15f1:-77ab','RCOND44c93e47:171b65f15f1:-77bb','RUL-3122a9f8:1719a2d6391:-7cd2','AMTPAID','decimal',0),('RCONST5de3f7b7:171951e807a:-6751','RCOND5de3f7b7:171951e807a:-6873','RUL5de3f7b7:171951e807a:-746c','AMT','decimal',2),('RCONST5de3f7b7:171951e807a:-67ca','RCOND5de3f7b7:171951e807a:-6873','RUL5de3f7b7:171951e807a:-746c','MON','integer',1),('RCONST5de3f7b7:171951e807a:-682b','RCOND5de3f7b7:171951e807a:-6873','RUL5de3f7b7:171951e807a:-746c','YR','integer',0),('RCONST5de3f7b7:171951e807a:-739f','RCOND5de3f7b7:171951e807a:-7406','RUL5de3f7b7:171951e807a:-746c','DUEDATE','date',0),('RCONST746193b0:1684af9777d:-7538','RCOND746193b0:1684af9777d:-7548','RUL746193b0:1684af9777d:-760b','AMT','decimal',0),('RCONST7b139fa4:171e2269d93:-7bc6','RCOND7b139fa4:171e2269d93:-7c67','RUL7b139fa4:171e2269d93:-7e90','MON','integer',1),('RCONST7b139fa4:171e2269d93:-7c24','RCOND7b139fa4:171e2269d93:-7c67','RUL7b139fa4:171e2269d93:-7e90','YR','integer',0),('RCONST7b139fa4:171e2269d93:-7da8','RCOND7b139fa4:171e2269d93:-7dc7','RUL7b139fa4:171e2269d93:-7e90','AMT','decimal',0);
/*!40000 ALTER TABLE `sys_rule_condition_var` ENABLE KEYS */;
UNLOCK TABLES;

--
-- Table structure for table `sys_rule_deployed`
--

DROP TABLE IF EXISTS `sys_rule_deployed`;
/*!40101 SET @saved_cs_client     = @@character_set_client */;
/*!40101 SET character_set_client = utf8 */;
CREATE TABLE `sys_rule_deployed` (
  `objid` varchar(50) NOT NULL,
  `ruletext` longtext,
  PRIMARY KEY (`objid`),
  CONSTRAINT `fk_sys_rule_deployed_objid` FOREIGN KEY (`objid`) REFERENCES `sys_rule` (`objid`)
) ENGINE=InnoDB DEFAULT CHARSET=utf8;
/*!40101 SET character_set_client = @saved_cs_client */;

--
-- Dumping data for table `sys_rule_deployed`
--

LOCK TABLES `sys_rule_deployed` WRITE;
/*!40000 ALTER TABLE `sys_rule_deployed` DISABLE KEYS */;
INSERT INTO `sys_rule_deployed` VALUES ('RUL-237cdc8a:17a5a4b6ad6:-7b8f','\npackage waterworksapplication.RECONNECTION;\nimport waterworksapplication.*;\nimport java.util.*;\nimport com.rameses.rules.common.*;\n\nglobal RuleAction action;\n\nrule \"RECONNECTION\"\n	agenda-group \"computefee\"\n	salience 50000\n	no-loop\n	when\n		\n		\n		 waterworks.facts.WaterApplication (  apptype matches \"RECONNECTION\" ) \n		\n	then\n		Map bindings = new HashMap();\n		\n	Map _p0 = new HashMap();\n_p0.put( \"billcode\", new KeyValue(\"WATERFEE_RECONNECTION\", \"WATER RECONNECTION FEE\") );\n_p0.put( \"amount\", (new ActionExpression(\"250\", bindings)) );\naction.execute( \"add-billitem\",_p0,drools);\n\nend\n\n\n	'),('RUL-27cb0e25:171e78a3ff8:-7f51','\npackage waterworksbilling.WATER_SURCHARGE_PREV_YEARS;\nimport waterworksbilling.*;\nimport java.util.*;\nimport com.rameses.rules.common.*;\n\nglobal RuleAction action;\n\nrule \"WATER_SURCHARGE_PREV_YEARS\"\n	agenda-group \"surcharge\"\n	salience 50000\n	no-loop\n	when\n		\n		\n		BILPRD: waterworks.facts.WaterBillingPeriod (  YR:year,MON:month,DUEDATE:duedate ) \n		\n		 treasury.facts.TransactionDate (  date >= DUEDATE ) \n		\n		WBI: waterworks.facts.WaterBillItem (  year == YR,month == MON,AMT:amount > 0.00,billcode matches \"WATER_FEE\" ) \n		\n	then\n		Map bindings = new HashMap();\n		\n		bindings.put(\"BILPRD\", BILPRD );\n		\n		bindings.put(\"YR\", YR );\n		\n		bindings.put(\"MON\", MON );\n		\n		bindings.put(\"WBI\", WBI );\n		\n		bindings.put(\"AMT\", AMT );\n		\n		bindings.put(\"DUEDATE\", DUEDATE );\n		\n	Map _p0 = new HashMap();\n_p0.put( \"year\", YR );\n_p0.put( \"month\", MON );\n_p0.put( \"amount\", (new ActionExpression(\"AMT * 0.20\", bindings)) );\n_p0.put( \"billcode\", new KeyValue(\"WATER_FEE_SURCHARGE\", \"WATER SURCHARGE\") );\naction.execute( \"add-waterbillitem\",_p0,drools);\n\nend\n\n\n	'),('RUL-41ebd74d:18827bf65dc:-7ab6','\npackage waterworksbillingschedule.S20;\nimport waterworksbillingschedule.*;\nimport java.util.*;\nimport com.rameses.rules.common.*;\n\nglobal RuleAction action;\n\nrule \"S20\"\n	agenda-group \"initial\"\n	salience 50000\n	no-loop\n	when\n		\n		\n		WBS: waterworks.facts.WaterScheduleGroup (  id matches \"S20\" ) \n		\n		BILPRD: waterworks.facts.WaterBillingPeriod (  MON:month,YR:year ) \n		\n	then\n		Map bindings = new HashMap();\n		\n		bindings.put(\"WBS\", WBS );\n		\n		bindings.put(\"MON\", MON );\n		\n		bindings.put(\"BILPRD\", BILPRD );\n		\n		bindings.put(\"YR\", YR );\n		\n	Map _p0 = new HashMap();\n_p0.put( \"billingperiod\", BILPRD );\n_p0.put( \"fromdate\", (new ActionExpression(\"@MONTHADD( @DATE( YR , MON , 20 ), -1 );\", bindings)) );\n_p0.put( \"todate\", (new ActionExpression(\"@DATE( YR , MON , 20 );\", bindings)) );\n_p0.put( \"readingdate\", (new ActionExpression(\"@DATE( YR , MON , 1 );\", bindings)) );\n_p0.put( \"readingenddate\", (new ActionExpression(\"@DATE( YR , MON, 10 );\", bindings)) );\n_p0.put( \"billdate\", (new ActionExpression(\"@DATE( YR , MON,  15 );\", bindings)) );\n_p0.put( \"duedate\", (new ActionExpression(\"@MONTHADD(@DATE( YR , MON,  20 ), +1);\", bindings)) );\n_p0.put( \"billexpirydate\", (new ActionExpression(\"@MONTHADD( @DATE( YR , MON,  11), 1)\", bindings)) );\naction.execute( \"set-waterworks-billing-period\",_p0,drools);\n\nend\n\n\n	'),('RUL-43b1e736:189877bfd37:-10f6','\npackage waterworksapplication.NEW_WATER_CONNECTION;\nimport waterworksapplication.*;\nimport java.util.*;\nimport com.rameses.rules.common.*;\n\nglobal RuleAction action;\n\nrule \"NEW_WATER_CONNECTION\"\n	agenda-group \"computefee\"\n	salience 50000\n	no-loop\n	when\n		\n		\n		 waterworks.facts.WaterApplication (  APP:apptype matches \"NEW\" ) \n		\n	then\n		Map bindings = new HashMap();\n		\n		bindings.put(\"APP\", APP );\n		\n	Map _p0 = new HashMap();\n_p0.put( \"billcode\", new KeyValue(\"WATER_TAPPING_FEE\", \"WATER TAPPING FEE\") );\n_p0.put( \"amount\", (new ActionExpression(\"100\", bindings)) );\naction.execute( \"add-billitem\",_p0,drools);\nMap _p1 = new HashMap();\n_p1.put( \"billcode\", new KeyValue(\"INSPECTION_FEE\", \"INSPECTION FEE\") );\n_p1.put( \"amount\", (new ActionExpression(\"50\", bindings)) );\naction.execute( \"add-billitem\",_p1,drools);\nMap _p2 = new HashMap();\n_p2.put( \"billcode\", new KeyValue(\"GUARANTEE_DEPOSIT\", \"GUARANTEE DEPOSIT\") );\n_p2.put( \"amount\", (new ActionExpression(\"50\", bindings)) );\naction.execute( \"add-billitem\",_p2,drools);\nMap _p3 = new HashMap();\n_p3.put( \"billcode\", new KeyValue(\"15M_HDPE_PIPE\", \"15M HDPE PIPE\") );\n_p3.put( \"amount\", (new ActionExpression(\"100\", bindings)) );\naction.execute( \"add-billitem\",_p3,drools);\nMap _p4 = new HashMap();\n_p4.put( \"billcode\", new KeyValue(\"EXCESS_OF_15M_PE_PIPE\", \"EXCESS OF 15M PE PIPE\") );\n_p4.put( \"amount\", (new ActionExpression(\"30\", bindings)) );\naction.execute( \"add-billitem\",_p4,drools);\n\nend\n\n\n	'),('RUL-43b1e736:189877bfd37:-7ecc','\npackage waterworksapplication.CHANGE_OWNER;\nimport waterworksapplication.*;\nimport java.util.*;\nimport com.rameses.rules.common.*;\n\nglobal RuleAction action;\n\nrule \"CHANGE_OWNER\"\n	agenda-group \"computefee\"\n	salience 50000\n	no-loop\n	when\n		\n		\n		BILLITEM: treasury.facts.BillItem (  ACCT:account.objid ) \n		\n	then\n		Map bindings = new HashMap();\n		\n		bindings.put(\"BILLITEM\", BILLITEM );\n		\n		bindings.put(\"ACCT\", ACCT );\n		\n	Map _p0 = new HashMap();\n_p0.put( \"amount\", (new ActionExpression(\"100\", bindings)) );\naction.execute( \"add-billitem\",_p0,drools);\n\nend\n\n\n	'),('RUL-70f27024:18976d5cdd8:-7a19','\npackage waterworkscomputation.INSTITUTIONAL_GH;\nimport waterworkscomputation.*;\nimport java.util.*;\nimport com.rameses.rules.common.*;\n\nglobal RuleAction action;\n\nrule \"INSTITUTIONAL_GH\"\n	agenda-group \"initial\"\n	salience 50000\n	no-loop\n	when\n		\n		\n		 waterworks.facts.WaterAccount (  classification matches \"BULK|INSTITUTIONAL\" ) \n		\n		WC: waterworks.facts.WaterConsumption (  VOL:volume ) \n		\n	then\n		Map bindings = new HashMap();\n		\n		bindings.put(\"VOL\", VOL );\n		\n		bindings.put(\"WC\", WC );\n		\n	RangeEntry re0 = new RangeEntry(\"INSTITUTIONAL_GH\");\nre0.setBindings(bindings);\nre0.setIntvalue(VOL);\nre0.getParams().put( \"amount\", 0.0 );\nre0.getParams().put( \"ref\", WC );\ninsert(re0);\n\nend\n\n\n	\nrule \"compute-consumption_0_0\"\n	agenda-group \"initial\"\n	salience 50000\n	no-loop\n	when\n		\n		\n		\n		rv: RangeEntry( id==\"INSTITUTIONAL_GH\", intvalue <= 10.00 )\n		\n	then\n		Map bindings = rv.getBindings();\n		Map params = rv.getParams();\n		params.put( \"amount\", (new ActionExpression(\"40\", bindings)) );	\n		 \n		action.execute( \"compute-consumption\",params, drools);\nend\n\n\n	\nrule \"compute-consumption_0_1\"\n	agenda-group \"initial\"\n	salience 50000\n	no-loop\n	when\n		\n		rv: RangeEntry( id==\"INSTITUTIONAL_GH\", intvalue > 10.00, intvalue <= 9999.00 )\n		\n		\n		\n	then\n		Map bindings = rv.getBindings();\n		Map params = rv.getParams();\n		params.put( \"amount\", (new ActionExpression(\"40+((VOL-10)*8)\", bindings)) );	\n		 \n		action.execute( \"compute-consumption\",params, drools);\nend\n\n\n	'),('RUL-70f27024:18976d5cdd8:-7c48','\npackage waterworkscomputation.COMMERCIAL_GH;\nimport waterworkscomputation.*;\nimport java.util.*;\nimport com.rameses.rules.common.*;\n\nglobal RuleAction action;\n\nrule \"COMMERCIAL_GH\"\n	agenda-group \"initial\"\n	salience 50000\n	no-loop\n	when\n		\n		\n		 waterworks.facts.WaterAccount (  classification matches \"COMMERCIAL|INDUSTRIAL\" ) \n		\n		WC: waterworks.facts.WaterConsumption (  VOL:volume ) \n		\n	then\n		Map bindings = new HashMap();\n		\n		bindings.put(\"VOL\", VOL );\n		\n		bindings.put(\"WC\", WC );\n		\n	RangeEntry re0 = new RangeEntry(\"COMMERCIAL_GH\");\nre0.setBindings(bindings);\nre0.setIntvalue(VOL);\nre0.getParams().put( \"amount\", 0.0 );\nre0.getParams().put( \"ref\", WC );\ninsert(re0);\n\nend\n\n\n	\nrule \"compute-consumption_0_0\"\n	agenda-group \"initial\"\n	salience 50000\n	no-loop\n	when\n		\n		\n		\n		rv: RangeEntry( id==\"COMMERCIAL_GH\", intvalue <= 10.00 )\n		\n	then\n		Map bindings = rv.getBindings();\n		Map params = rv.getParams();\n		params.put( \"amount\", (new ActionExpression(\"50\", bindings)) );	\n		 \n		action.execute( \"compute-consumption\",params, drools);\nend\n\n\n	\nrule \"compute-consumption_0_1\"\n	agenda-group \"initial\"\n	salience 50000\n	no-loop\n	when\n		\n		rv: RangeEntry( id==\"COMMERCIAL_GH\", intvalue > 10.00, intvalue <= 9999.00 )\n		\n		\n		\n	then\n		Map bindings = rv.getBindings();\n		Map params = rv.getParams();\n		params.put( \"amount\", (new ActionExpression(\"50+((VOL-10)*10)\", bindings)) );	\n		 \n		action.execute( \"compute-consumption\",params, drools);\nend\n\n\n	'),('RUL-7c70974f:171aef4aa82:-7c95','\npackage waterworkspayment.APPLY_DEPOSIT;\nimport waterworkspayment.*;\nimport java.util.*;\nimport com.rameses.rules.common.*;\n\nglobal RuleAction action;\n\nrule \"APPLY_DEPOSIT\"\n	agenda-group \"payment\"\n	salience 50000\n	no-loop\n	when\n		\n		\n		PMT: treasury.facts.Deposit (  AMT:amount ) \n		\n	then\n		Map bindings = new HashMap();\n		\n		bindings.put(\"PMT\", PMT );\n		\n		bindings.put(\"AMT\", AMT );\n		\n	Map _p0 = new HashMap();\n_p0.put( \"billcode\", new KeyValue(\"WATERFEE_ADV\", \"WATER FEE ADVANCE PAYMENT\") );\n_p0.put( \"amount\", (new ActionExpression(\"AMT\", bindings)) );\naction.execute( \"add-credit-billitem\",_p0,drools);\n\nend\n\n\n	'),('RUL304e882a:171c8fba402:-74d0','\npackage waterworkscomputation.RESIDENTIAL;\nimport waterworkscomputation.*;\nimport java.util.*;\nimport com.rameses.rules.common.*;\n\nglobal RuleAction action;\n\nrule \"RESIDENTIAL\"\n	agenda-group \"initial\"\n	salience 50000\n	no-loop\n	when\n		\n		\n		 waterworks.facts.WaterAccount (  classification matches \"RESIDENTIAL|GOVERNMENT\" ) \n		\n		WC: waterworks.facts.WaterConsumption (  VOL:volume ) \n		\n	then\n		Map bindings = new HashMap();\n		\n		bindings.put(\"VOL\", VOL );\n		\n		bindings.put(\"WC\", WC );\n		\n	RangeEntry re0 = new RangeEntry(\"RESIDENTIAL\");\nre0.setBindings(bindings);\nre0.setIntvalue(VOL);\nre0.getParams().put( \"amount\", 0.0 );\nre0.getParams().put( \"ref\", WC );\ninsert(re0);\n\nend\n\n\n	\nrule \"compute-consumption_0_0\"\n	agenda-group \"initial\"\n	salience 50000\n	no-loop\n	when\n		\n		\n		\n		rv: RangeEntry( id==\"RESIDENTIAL\", intvalue <= 10.00 )\n		\n	then\n		Map bindings = rv.getBindings();\n		Map params = rv.getParams();\n		params.put( \"amount\", (new ActionExpression(\"30\", bindings)) );	\n		 \n		action.execute( \"compute-consumption\",params, drools);\nend\n\n\n	\nrule \"compute-consumption_0_1\"\n	agenda-group \"initial\"\n	salience 50000\n	no-loop\n	when\n		\n		rv: RangeEntry( id==\"RESIDENTIAL\", intvalue > 10.00, intvalue <= 9999.00 )\n		\n		\n		\n	then\n		Map bindings = rv.getBindings();\n		Map params = rv.getParams();\n		params.put( \"amount\", (new ActionExpression(\"30+((VOL-10)*6)\", bindings)) );	\n		 \n		action.execute( \"compute-consumption\",params, drools);\nend\n\n\n	'),('RUL5de3f7b7:171951e807a:-746c','\npackage waterworksbilling.WATER_SURCHARGE;\nimport waterworksbilling.*;\nimport java.util.*;\nimport com.rameses.rules.common.*;\n\nglobal RuleAction action;\n\nrule \"WATER_SURCHARGE\"\n	agenda-group \"surcharge\"\n	salience 50000\n	no-loop\n	when\n		\n		\n		WB: waterworks.facts.WaterBill (  DUEDATE:duedate,BYR:year,BMON:month ) \n		\n		 treasury.facts.TransactionDate (  date > DUEDATE ) \n		\n		WBI: waterworks.facts.WaterBillItem (  YR:year == BYR,MON:month == BMON,AMT:amount > 0.00,billcode matches \"WATER_FEE\" ) \n		\n	then\n		Map bindings = new HashMap();\n		\n		bindings.put(\"WB\", WB );\n		\n		bindings.put(\"YR\", YR );\n		\n		bindings.put(\"DUEDATE\", DUEDATE );\n		\n		bindings.put(\"BYR\", BYR );\n		\n		bindings.put(\"MON\", MON );\n		\n		bindings.put(\"WBI\", WBI );\n		\n		bindings.put(\"BMON\", BMON );\n		\n		bindings.put(\"AMT\", AMT );\n		\n	Map _p0 = new HashMap();\n_p0.put( \"year\", YR );\n_p0.put( \"month\", MON );\n_p0.put( \"amount\", (new ActionExpression(\"AMT * 0.10\", bindings)) );\n_p0.put( \"billcode\", new KeyValue(\"WATER_FEE_SURCHARGE\", \"WATER SURCHARGE\") );\naction.execute( \"add-waterbillitem\",_p0,drools);\n\nend\n\n\n	'),('RUL5fabf4a4:18961f59a58:-65d8','\npackage waterworkspayment.MAP_WATER_PENALTY_PREVIOUS;\nimport waterworkspayment.*;\nimport java.util.*;\nimport com.rameses.rules.common.*;\n\nglobal RuleAction action;\n\nrule \"MAP_WATER_PENALTY_PREVIOUS\"\n	agenda-group \"account-mapping\"\n	salience 50000\n	no-loop\n	when\n		\n		\n		WB: waterworks.facts.WaterBill (  YRMON:yearmonth ) \n		\n		WBI: waterworks.facts.WaterBillItem (  yearmonth < YRMON,billcode matches \"WATER_FEE_SURCHARGE\" ) \n		\n	then\n		Map bindings = new HashMap();\n		\n		bindings.put(\"WB\", WB );\n		\n		bindings.put(\"YRMON\", YRMON );\n		\n		bindings.put(\"WBI\", WBI );\n		\n	Map _p0 = new HashMap();\n_p0.put( \"billitem\", WBI );\n_p0.put( \"account\", new KeyValue(\"ITMACCT67c6ebd5:18962485bbb:-7cdd\", \"WATER PENALTY PREVIOUS\") );\naction.execute( \"set-billitem-account\",_p0,drools);\n\nend\n\n\n	'),('RUL5fabf4a4:18961f59a58:-6632','\npackage waterworkspayment.MAP_WATER_PENALTY_CURRENT;\nimport waterworkspayment.*;\nimport java.util.*;\nimport com.rameses.rules.common.*;\n\nglobal RuleAction action;\n\nrule \"MAP_WATER_PENALTY_CURRENT\"\n	agenda-group \"account-mapping\"\n	salience 50000\n	no-loop\n	when\n		\n		\n		WB: waterworks.facts.WaterBill (  YRMON:yearmonth ) \n		\n		WBI: waterworks.facts.WaterBillItem (  yearmonth == YRMON,billcode matches \"WATER_FEE_SURCHARGE\" ) \n		\n	then\n		Map bindings = new HashMap();\n		\n		bindings.put(\"WB\", WB );\n		\n		bindings.put(\"YRMON\", YRMON );\n		\n		bindings.put(\"WBI\", WBI );\n		\n	Map _p0 = new HashMap();\n_p0.put( \"billitem\", WBI );\n_p0.put( \"account\", new KeyValue(\"ITMACCT67c6ebd5:18962485bbb:-7c8b\", \"WATER PENALTY CURRENT\") );\naction.execute( \"set-billitem-account\",_p0,drools);\n\nend\n\n\n	'),('RUL5fabf4a4:18961f59a58:-6770','\npackage waterworkspayment.MAP_WATER_FEE_PREVIOUS;\nimport waterworkspayment.*;\nimport java.util.*;\nimport com.rameses.rules.common.*;\n\nglobal RuleAction action;\n\nrule \"MAP_WATER_FEE_PREVIOUS\"\n	agenda-group \"account-mapping\"\n	salience 50000\n	no-loop\n	when\n		\n		\n		WB: waterworks.facts.WaterBill (  YRMON:yearmonth ) \n		\n		WBI: waterworks.facts.WaterBillItem (  yearmonth < YRMON,billcode matches \"WATER_FEE\" ) \n		\n	then\n		Map bindings = new HashMap();\n		\n		bindings.put(\"YRMON\", YRMON );\n		\n		bindings.put(\"WB\", WB );\n		\n		bindings.put(\"WBI\", WBI );\n		\n	Map _p0 = new HashMap();\n_p0.put( \"billitem\", WBI );\n_p0.put( \"account\", new KeyValue(\"ITMACCT5fabf4a4:18961f59a58:-744e\", \"WATER FEE PREVIOUS\") );\naction.execute( \"set-billitem-account\",_p0,drools);\n\nend\n\n\n	'),('RUL5fabf4a4:18961f59a58:-6a22','\npackage waterworkspayment.MAP_WATER_FEE_CURRENT;\nimport waterworkspayment.*;\nimport java.util.*;\nimport com.rameses.rules.common.*;\n\nglobal RuleAction action;\n\nrule \"MAP_WATER_FEE_CURRENT\"\n	agenda-group \"account-mapping\"\n	salience 50000\n	no-loop\n	when\n		\n		\n		WB: waterworks.facts.WaterBill (  YRMON:yearmonth ) \n		\n		WBI: waterworks.facts.WaterBillItem (  yearmonth == YRMON,billcode matches \"WATER_FEE\" ) \n		\n	then\n		Map bindings = new HashMap();\n		\n		bindings.put(\"YRMON\", YRMON );\n		\n		bindings.put(\"WB\", WB );\n		\n		bindings.put(\"WBI\", WBI );\n		\n	Map _p0 = new HashMap();\n_p0.put( \"billitem\", WBI );\n_p0.put( \"account\", new KeyValue(\"ITMACCT5fabf4a4:18961f59a58:-7400\", \"WATER FEE CURRENT\") );\naction.execute( \"set-billitem-account\",_p0,drools);\n\nend\n\n\n	'),('RUL746193b0:1684af9777d:-760b','\npackage waterworkspayment.APPLY_EXCESS_PAYMENT;\nimport waterworkspayment.*;\nimport java.util.*;\nimport com.rameses.rules.common.*;\n\nglobal RuleAction action;\n\nrule \"APPLY_EXCESS_PAYMENT\"\n	agenda-group \"payment\"\n	salience 50000\n	no-loop\n	when\n		\n		\n		EXPMT: treasury.facts.ExcessPayment (  AMT:amount > 0.00 ) \n		\n	then\n		Map bindings = new HashMap();\n		\n		bindings.put(\"EXPMT\", EXPMT );\n		\n		bindings.put(\"AMT\", AMT );\n		\n	Map _p0 = new HashMap();\n_p0.put( \"billcode\", new KeyValue(\"WATERFEE_ADV\", \"WATER FEE ADVANCE PAYMENT\") );\n_p0.put( \"amount\", (new ActionExpression(\"AMT\", bindings)) );\naction.execute( \"add-credit-billitem\",_p0,drools);\n\nend\n\n\n	'),('RUL746193b0:1684af9777d:-77bd','\npackage waterworkspayment.APPLY_PAYMENT;\nimport waterworkspayment.*;\nimport java.util.*;\nimport com.rameses.rules.common.*;\n\nglobal RuleAction action;\n\nrule \"APPLY_PAYMENT\"\n	agenda-group \"payment\"\n	salience 50000\n	no-loop\n	when\n		\n		\n		PMT: treasury.facts.Payment (  amount > 0.00 ) \n		\n	then\n		Map bindings = new HashMap();\n		\n		bindings.put(\"PMT\", PMT );\n		\n	Map _p0 = new HashMap();\n_p0.put( \"payment\", PMT );\naction.execute( \"apply-payment\",_p0,drools);\n\nend\n\n\n	'),('RUL7b139fa4:171e2269d93:-7e90','\npackage waterworksbilling.ADD_WATER_BILL_ITEM;\nimport waterworksbilling.*;\nimport java.util.*;\nimport com.rameses.rules.common.*;\n\nglobal RuleAction action;\n\nrule \"ADD_WATER_BILL_ITEM\"\n	agenda-group \"computefee\"\n	salience 50000\n	no-loop\n	when\n		\n		\n		WC: waterworks.facts.WaterConsumption (  AMT:amount > 0.00,hold == false  ) \n		\n		WB: waterworks.facts.WaterBill (  YR:year,MON:month ) \n		\n	then\n		Map bindings = new HashMap();\n		\n		bindings.put(\"WC\", WC );\n		\n		bindings.put(\"YR\", YR );\n		\n		bindings.put(\"AMT\", AMT );\n		\n		bindings.put(\"WB\", WB );\n		\n		bindings.put(\"MON\", MON );\n		\n	Map _p0 = new HashMap();\n_p0.put( \"year\", YR );\n_p0.put( \"month\", MON );\n_p0.put( \"amount\", (new ActionExpression(\"AMT\", bindings)) );\n_p0.put( \"billcode\", new KeyValue(\"WATER_FEE\", \"WATER FEE\") );\naction.execute( \"add-waterbillitem\",_p0,drools);\n\nend\n\n\n	');
/*!40000 ALTER TABLE `sys_rule_deployed` ENABLE KEYS */;
UNLOCK TABLES;

--
-- Table structure for table `sys_rule_fact`
--

DROP TABLE IF EXISTS `sys_rule_fact`;
/*!40101 SET @saved_cs_client     = @@character_set_client */;
/*!40101 SET character_set_client = utf8 */;
CREATE TABLE `sys_rule_fact` (
  `objid` varchar(50) NOT NULL,
  `name` varchar(50) NOT NULL,
  `title` varchar(160) DEFAULT NULL,
  `factclass` varchar(50) DEFAULT NULL,
  `sortorder` int(11) DEFAULT NULL,
  `handler` varchar(50) DEFAULT NULL,
  `defaultvarname` varchar(25) DEFAULT NULL,
  `dynamic` int(11) DEFAULT NULL,
  `lookuphandler` varchar(50) DEFAULT NULL,
  `lookupkey` varchar(50) DEFAULT NULL,
  `lookupvalue` varchar(50) DEFAULT NULL,
  `lookupdatatype` varchar(50) DEFAULT NULL,
  `dynamicfieldname` varchar(50) DEFAULT NULL,
  `builtinconstraints` varchar(50) DEFAULT NULL,
  `domain` varchar(50) DEFAULT NULL,
  `factsuperclass` varchar(50) DEFAULT NULL,
  PRIMARY KEY (`objid`)
) ENGINE=InnoDB DEFAULT CHARSET=utf8;
/*!40101 SET character_set_client = @saved_cs_client */;

--
-- Dumping data for table `sys_rule_fact`
--

LOCK TABLES `sys_rule_fact` WRITE;
/*!40000 ALTER TABLE `sys_rule_fact` DISABLE KEYS */;
INSERT INTO `sys_rule_fact` VALUES ('com.rameses.rules.common.CurrentDate','com.rameses.rules.common.CurrentDate','Current Date','com.rameses.rules.common.CurrentDate',0,NULL,NULL,NULL,NULL,NULL,NULL,NULL,NULL,NULL,'SYSTEM',NULL),('treasury.facts.BillItem','treasury.facts.BillItem','Bill Item','treasury.facts.BillItem',1,NULL,'BILLITEM',NULL,NULL,NULL,NULL,NULL,NULL,NULL,'TREASURY','treasury.facts.AbstractBillItem'),('treasury.facts.CashReceipt','treasury.facts.CashReceipt','Cash Receipt','treasury.facts.CashReceipt',1,NULL,NULL,NULL,NULL,NULL,NULL,NULL,NULL,NULL,'TREASURY',NULL),('treasury.facts.CreditBillItem','treasury.facts.CreditBillItem','Credit Bill Item','treasury.facts.CreditBillItem',1,NULL,'CRBILL',NULL,NULL,NULL,NULL,NULL,NULL,NULL,'TREASURY','treasury.facts.AbstractBillItem'),('treasury.facts.Deposit','treasury.facts.Deposit','Deposit','treasury.facts.Deposit',5,NULL,'PMT',NULL,NULL,NULL,NULL,NULL,NULL,NULL,'TREASURY',NULL),('treasury.facts.DueDate','treasury.facts.DueDate','Due Date','treasury.facts.DueDate',1,NULL,NULL,NULL,NULL,NULL,NULL,NULL,NULL,NULL,'TREASURY',NULL),('treasury.facts.ExcessPayment','treasury.facts.ExcessPayment','Excess Payment','treasury.facts.ExcessPayment',5,NULL,'EXPMT',NULL,NULL,NULL,NULL,NULL,NULL,NULL,'TREASURY',NULL),('treasury.facts.HolidayFact','treasury.facts.HolidayFact','Holidays','treasury.facts.HolidayFact',1,NULL,'HOLIDAYS',NULL,NULL,NULL,NULL,NULL,NULL,NULL,'TREASURY',NULL),('treasury.facts.MonthEntry','treasury.facts.MonthEntry','Month Entry','treasury.facts.MonthEntry',1,NULL,'MONTHENTRY',NULL,NULL,NULL,NULL,NULL,NULL,NULL,'TREASURY',NULL),('treasury.facts.Payment','treasury.facts.Payment','Payment','treasury.facts.Payment',5,NULL,'PMT',NULL,NULL,NULL,NULL,NULL,NULL,NULL,'TREASURY',NULL),('treasury.facts.Requirement','treasury.facts.Requirement','Requirement','treasury.facts.Requirement',2,NULL,NULL,NULL,NULL,NULL,NULL,NULL,NULL,NULL,'treasury',NULL),('treasury.facts.TransactionDate','treasury.facts.TransactionDate','Transaction Date','treasury.facts.TransactionDate',1,NULL,NULL,NULL,NULL,NULL,NULL,NULL,NULL,NULL,'TREASURY',NULL),('treasury.facts.VarDate','treasury.facts.VarDate','Variable Date','treasury.facts.VarDate',1,NULL,NULL,NULL,NULL,NULL,NULL,NULL,NULL,NULL,'TREASURY',NULL),('treasury.facts.VarInteger','treasury.facts.VarInteger','Var Integer','treasury.facts.VarInteger',0,NULL,NULL,NULL,NULL,NULL,NULL,NULL,NULL,NULL,'TREASURY',NULL),('waterworks.facts.WaterAccount','waterworks.facts.WaterAccount','Water Account','waterworks.facts.WaterAccount',1,NULL,NULL,NULL,NULL,NULL,NULL,NULL,NULL,NULL,'waterworks',NULL),('waterworks.facts.WaterApplication','waterworks.facts.WaterApplication','Water Application','waterworks.facts.WaterApplication',1,NULL,NULL,NULL,NULL,NULL,NULL,NULL,NULL,NULL,'WATERWORKS',NULL),('waterworks.facts.WaterBill','waterworks.facts.WaterBill','Water Bill','waterworks.facts.WaterBill',1,NULL,'WB',NULL,NULL,NULL,NULL,NULL,NULL,NULL,'WATERWORKS',NULL),('waterworks.facts.WaterBillingPeriod','waterworks.facts.WaterBillingPeriod','Water Billing Period','waterworks.facts.WaterBillingPeriod',1,NULL,'BILPRD',NULL,NULL,NULL,NULL,NULL,NULL,NULL,'TREASURY',NULL),('waterworks.facts.WaterBillItem','waterworks.facts.WaterBillItem','Water Bill Item','waterworks.facts.WaterBillItem',0,NULL,'WBI',NULL,NULL,NULL,NULL,NULL,NULL,NULL,'WATERWORKS','treasury.facts.AbstractBillItem'),('waterworks.facts.WaterBillRecurringFee','waterworks.facts.WaterBillRecurringFee','Waterworks Bill Recurring Fee','waterworks.facts.WaterBillRecurringFee',1,NULL,'WBR',NULL,NULL,NULL,NULL,NULL,NULL,NULL,'WATERWORKS',NULL),('waterworks.facts.WaterConsumption','waterworks.facts.WaterConsumption','Water Consumption','waterworks.facts.WaterConsumption',1,NULL,'WC',NULL,NULL,NULL,NULL,NULL,NULL,NULL,'WATERWORKS',NULL),('waterworks.facts.WaterMeter','waterworks.facts.WaterMeter','Water Meter','waterworks.facts.WaterMeter',1,NULL,NULL,NULL,NULL,NULL,NULL,NULL,NULL,NULL,'WATERWORKS',NULL),('waterworks.facts.WaterScheduleGroup','waterworks.facts.WaterScheduleGroup','Water Schedule Group','waterworks.facts.WaterScheduleGroup',1,NULL,'WBS',NULL,NULL,NULL,NULL,NULL,NULL,NULL,'WATERWORKS',NULL),('waterworks.facts.WaterworksAttribute','waterworks.facts.WaterworksAttribute','Waterworks Attribute','waterworks.facts.WaterworksAttribute',1,NULL,NULL,NULL,NULL,NULL,NULL,NULL,NULL,NULL,'WATERWORKS',NULL);
/*!40000 ALTER TABLE `sys_rule_fact` ENABLE KEYS */;
UNLOCK TABLES;

--
-- Table structure for table `sys_rule_fact_field`
--

DROP TABLE IF EXISTS `sys_rule_fact_field`;
/*!40101 SET @saved_cs_client     = @@character_set_client */;
/*!40101 SET character_set_client = utf8 */;
CREATE TABLE `sys_rule_fact_field` (
  `objid` varchar(100) NOT NULL DEFAULT '',
  `parentid` varchar(50) DEFAULT NULL,
  `name` varchar(50) NOT NULL,
  `title` varchar(160) DEFAULT NULL,
  `datatype` varchar(50) DEFAULT NULL,
  `sortorder` int(11) DEFAULT NULL,
  `handler` varchar(50) DEFAULT NULL,
  `lookuphandler` varchar(50) DEFAULT NULL,
  `lookupkey` varchar(50) DEFAULT NULL,
  `lookupvalue` varchar(50) DEFAULT NULL,
  `lookupdatatype` varchar(50) DEFAULT NULL,
  `multivalued` int(11) DEFAULT NULL,
  `required` int(11) DEFAULT NULL,
  `vardatatype` varchar(50) DEFAULT NULL,
  `lovname` varchar(50) DEFAULT NULL,
  PRIMARY KEY (`objid`) USING BTREE,
  KEY `ix_parentid` (`parentid`) USING BTREE,
  CONSTRAINT `fk_sys_rule_fact_field_parentid` FOREIGN KEY (`parentid`) REFERENCES `sys_rule_fact` (`objid`)
) ENGINE=InnoDB DEFAULT CHARSET=utf8 ROW_FORMAT=DYNAMIC;
/*!40101 SET character_set_client = @saved_cs_client */;

--
-- Dumping data for table `sys_rule_fact_field`
--

LOCK TABLES `sys_rule_fact_field` WRITE;
/*!40000 ALTER TABLE `sys_rule_fact_field` DISABLE KEYS */;
INSERT INTO `sys_rule_fact_field` VALUES ('com.rameses.rules.common.CurrentDate.date','com.rameses.rules.common.CurrentDate','date','Date','date',4,'date',NULL,NULL,NULL,NULL,NULL,NULL,'date',NULL),('com.rameses.rules.common.CurrentDate.day','com.rameses.rules.common.CurrentDate','day','Day','integer',5,'integer',NULL,NULL,NULL,NULL,NULL,NULL,'integer',NULL),('com.rameses.rules.common.CurrentDate.month','com.rameses.rules.common.CurrentDate','month','Month','integer',3,'integer',NULL,NULL,NULL,NULL,NULL,NULL,'integer',NULL),('com.rameses.rules.common.CurrentDate.qtr','com.rameses.rules.common.CurrentDate','qtr','Qtr','integer',1,'integer',NULL,NULL,NULL,NULL,NULL,NULL,'integer',NULL),('com.rameses.rules.common.CurrentDate.year','com.rameses.rules.common.CurrentDate','year','Year','integer',2,'integer',NULL,NULL,NULL,NULL,NULL,NULL,'integer',NULL),('treasury.facts.BillItem.account','treasury.facts.BillItem','account','Account','string',3,'lookup','revenueitem:lookup','objid','title',NULL,NULL,NULL,'object',NULL),('treasury.facts.BillItem.account.objid','treasury.facts.BillItem','account.objid','Account','string',2,'lookup','revenueitem:lookup','objid','title',NULL,NULL,NULL,'string',NULL),('treasury.facts.BillItem.amount','treasury.facts.BillItem','amount','Amount','decimal',1,'decimal',NULL,NULL,NULL,NULL,NULL,NULL,'decimal',NULL),('treasury.facts.BillItem.billcode','treasury.facts.BillItem','billcode','Bill code','string',16,'lookup','waterworks_itemaccount:lookup','objid','title',NULL,NULL,NULL,'string',NULL),('treasury.facts.BillItem.billrefid','treasury.facts.BillItem','billrefid','Bill Ref ID','string',7,'var',NULL,NULL,NULL,NULL,NULL,NULL,'string',NULL),('treasury.facts.BillItem.discount','treasury.facts.BillItem','discount','Discount','decimal',8,'decimal',NULL,NULL,NULL,NULL,NULL,NULL,'decimal',NULL),('treasury.facts.BillItem.duedate','treasury.facts.BillItem','duedate','Due Date','date',4,'date',NULL,NULL,NULL,NULL,NULL,NULL,'date',NULL),('treasury.facts.BillItem.fromdate','treasury.facts.BillItem','fromdate','From Date','date',14,'date',NULL,NULL,NULL,NULL,NULL,NULL,'date',NULL),('treasury.facts.BillItem.interest','treasury.facts.BillItem','interest','Interest','decimal',11,'decimal',NULL,NULL,NULL,NULL,NULL,NULL,'decimal',NULL),('treasury.facts.BillItem.month','treasury.facts.BillItem','month','Month','integer',13,'integer',NULL,NULL,NULL,NULL,NULL,NULL,'integer',NULL),('treasury.facts.BillItem.org','treasury.facts.BillItem','org','Org','string',10,'var',NULL,NULL,NULL,NULL,NULL,NULL,'enterprise.facts.Org',NULL),('treasury.facts.BillItem.parentaccount','treasury.facts.BillItem','parentaccount','Parent Account','string',9,'lookup','revenueitem:lookup','objid','title',NULL,NULL,NULL,'object',NULL),('treasury.facts.BillItem.paypriority','treasury.facts.BillItem','paypriority','Pay Priority','integer',18,'integer',NULL,NULL,NULL,NULL,NULL,NULL,'integer',NULL),('treasury.facts.BillItem.refid','treasury.facts.BillItem','refid','Ref ID','string',16,'var',NULL,NULL,NULL,NULL,NULL,NULL,'string',NULL),('treasury.facts.BillItem.remarks','treasury.facts.BillItem','remarks','Remarks','string',17,'string',NULL,NULL,NULL,NULL,NULL,NULL,'string',NULL),('treasury.facts.BillItem.sortorder','treasury.facts.BillItem','sortorder','Sort Order','integer',19,'integer',NULL,NULL,NULL,NULL,NULL,NULL,'integer',NULL),('treasury.facts.BillItem.surcharge','treasury.facts.BillItem','surcharge','Surcharge','decimal',5,'decimal',NULL,NULL,NULL,NULL,NULL,NULL,'decimal',NULL),('treasury.facts.BillItem.tag','treasury.facts.BillItem','tag','Tag','string',20,'string',NULL,NULL,NULL,NULL,NULL,NULL,'string',NULL),('treasury.facts.BillItem.todate','treasury.facts.BillItem','todate','To Date','date',15,'date',NULL,NULL,NULL,NULL,NULL,NULL,'date',NULL),('treasury.facts.BillItem.txntype','treasury.facts.BillItem','txntype','Txn Type','string',6,'lookup','billitem_txntype:lookup','objid','title',NULL,NULL,NULL,'string',NULL),('treasury.facts.BillItem.year','treasury.facts.BillItem','year','Year','integer',12,'integer',NULL,NULL,NULL,NULL,NULL,NULL,'integer',NULL),('treasury.facts.CashReceipt.receiptdate','treasury.facts.CashReceipt','receiptdate','Receipt Date','date',2,'date',NULL,NULL,NULL,NULL,NULL,NULL,'date',NULL),('treasury.facts.CashReceipt.txnmode','treasury.facts.CashReceipt','txnmode','Txn Mode','string',1,'string',NULL,NULL,NULL,NULL,NULL,NULL,'string',NULL),('treasury.facts.CreditBillItem.amount','treasury.facts.CreditBillItem','amount','Amount','decimal',1,'decimal',NULL,NULL,NULL,NULL,NULL,NULL,'decimal',NULL),('treasury.facts.CreditBillItem.billcode','treasury.facts.CreditBillItem','billcode','Bill code','string',2,'lookup','waterworks_itemaccount:lookup','objid','title',NULL,NULL,NULL,'string',NULL),('treasury.facts.Deposit.amount','treasury.facts.Deposit','amount','Amount','decimal',1,'decimal',NULL,NULL,NULL,NULL,NULL,NULL,'decimal',NULL),('treasury.facts.DueDate.date','treasury.facts.DueDate','date','Date','date',1,'date',NULL,NULL,NULL,NULL,NULL,NULL,'date',NULL),('treasury.facts.DueDate.day','treasury.facts.DueDate','day','Day','integer',4,'integer',NULL,NULL,NULL,NULL,NULL,NULL,'integer',NULL),('treasury.facts.DueDate.month','treasury.facts.DueDate','month','Month','integer',3,'integer',NULL,NULL,NULL,NULL,NULL,NULL,'integer',NULL),('treasury.facts.DueDate.qtr','treasury.facts.DueDate','qtr','Qtr','integer',5,'integer',NULL,NULL,NULL,NULL,NULL,NULL,'integer',NULL),('treasury.facts.DueDate.year','treasury.facts.DueDate','year','Year','integer',2,'integer',NULL,NULL,NULL,NULL,NULL,NULL,'integer',NULL),('treasury.facts.ExcessPayment.amount','treasury.facts.ExcessPayment','amount','Amount','decimal',1,'decimal',NULL,NULL,NULL,NULL,NULL,NULL,'decimal',NULL),('treasury.facts.HolidayFact.id','treasury.facts.HolidayFact','id','ID','string',1,'string',NULL,NULL,NULL,NULL,NULL,NULL,'string',NULL),('treasury.facts.MonthEntry.duedate','treasury.facts.MonthEntry','duedate','Due date','date',13,'date',NULL,NULL,NULL,NULL,NULL,NULL,'date',NULL),('treasury.facts.MonthEntry.first','treasury.facts.MonthEntry','first','First','boolean',11,'boolean',NULL,NULL,NULL,NULL,NULL,NULL,'boolean',NULL),('treasury.facts.MonthEntry.fromdate','treasury.facts.MonthEntry','fromdate','From Date','date',4,'date',NULL,NULL,NULL,NULL,NULL,NULL,'date',NULL),('treasury.facts.MonthEntry.fromday','treasury.facts.MonthEntry','fromday','From Day','integer',6,'integer',NULL,NULL,NULL,NULL,NULL,NULL,'integer',NULL),('treasury.facts.MonthEntry.index','treasury.facts.MonthEntry','index','Index','integer',10,'integer',NULL,NULL,NULL,NULL,NULL,NULL,'integer',NULL),('treasury.facts.MonthEntry.last','treasury.facts.MonthEntry','last','Last','boolean',12,'boolean',NULL,NULL,NULL,NULL,NULL,NULL,'boolean',NULL),('treasury.facts.MonthEntry.maxdays','treasury.facts.MonthEntry','maxdays','Month Max Days','integer',9,'integer',NULL,NULL,NULL,NULL,NULL,NULL,'integer',NULL),('treasury.facts.MonthEntry.month','treasury.facts.MonthEntry','month','Month','integer',2,'integer',NULL,NULL,NULL,NULL,NULL,NULL,'integer',NULL),('treasury.facts.MonthEntry.numdays','treasury.facts.MonthEntry','numdays','No. of Days','integer',8,'integer',NULL,NULL,NULL,NULL,NULL,NULL,'integer',NULL),('treasury.facts.MonthEntry.qtr','treasury.facts.MonthEntry','qtr','Qtr','integer',3,'integer',NULL,NULL,NULL,NULL,NULL,NULL,'integer',NULL),('treasury.facts.MonthEntry.todate','treasury.facts.MonthEntry','todate','To Date','date',5,'date',NULL,NULL,NULL,NULL,NULL,NULL,'date',NULL),('treasury.facts.MonthEntry.today','treasury.facts.MonthEntry','today','To Day','integer',7,'integer',NULL,NULL,NULL,NULL,NULL,NULL,'integer',NULL),('treasury.facts.MonthEntry.year','treasury.facts.MonthEntry','year','Year','integer',1,'integer',NULL,NULL,NULL,NULL,NULL,NULL,'integer',NULL),('treasury.facts.Payment.amount','treasury.facts.Payment','amount','Amount','decimal',1,'decimal',NULL,NULL,NULL,NULL,NULL,NULL,'decimal',NULL),('treasury.facts.Requirement.code','treasury.facts.Requirement','code','Code','string',1,'lookup','requirementtype:lookup','code','title',NULL,NULL,NULL,'string',NULL),('treasury.facts.Requirement.completed','treasury.facts.Requirement','completed','Completed','boolean',2,'boolean',NULL,NULL,NULL,NULL,NULL,NULL,'boolean',NULL),('treasury.facts.TransactionDate.date','treasury.facts.TransactionDate','date','Date','date',1,'date',NULL,NULL,NULL,NULL,NULL,NULL,'date',NULL),('treasury.facts.TransactionDate.day','treasury.facts.TransactionDate','day','Day','integer',4,'integer',NULL,NULL,NULL,NULL,NULL,NULL,'integer',NULL),('treasury.facts.TransactionDate.month','treasury.facts.TransactionDate','month','Month','integer',3,'integer',NULL,NULL,NULL,NULL,NULL,NULL,'integer',NULL),('treasury.facts.TransactionDate.qtr','treasury.facts.TransactionDate','qtr','Qtr','integer',5,'integer',NULL,NULL,NULL,NULL,NULL,NULL,'integer',NULL),('treasury.facts.TransactionDate.tag','treasury.facts.TransactionDate','tag','Tag','string',6,'string',NULL,NULL,NULL,NULL,NULL,NULL,'string',NULL),('treasury.facts.TransactionDate.year','treasury.facts.TransactionDate','year','Year','integer',2,'integer',NULL,NULL,NULL,NULL,NULL,NULL,'integer',NULL),('treasury.facts.VarDate.date','treasury.facts.VarDate','date','Date','date',1,'date',NULL,NULL,NULL,NULL,NULL,NULL,'date',NULL),('treasury.facts.VarDate.day','treasury.facts.VarDate','day','Day','integer',4,'integer',NULL,NULL,NULL,NULL,NULL,NULL,'integer',NULL),('treasury.facts.VarDate.month','treasury.facts.VarDate','month','Month','integer',3,'integer',NULL,NULL,NULL,NULL,NULL,NULL,'integer',NULL),('treasury.facts.VarDate.qtr','treasury.facts.VarDate','qtr','Qtr','integer',5,'integer',NULL,NULL,NULL,NULL,NULL,NULL,'integer',NULL),('treasury.facts.VarDate.tag','treasury.facts.VarDate','tag','Tag','string',6,'string',NULL,NULL,NULL,NULL,NULL,NULL,'string',NULL),('treasury.facts.VarDate.year','treasury.facts.VarDate','year','Year','integer',2,'integer',NULL,NULL,NULL,NULL,NULL,NULL,'integer',NULL),('treasury.facts.VarInteger.tag','treasury.facts.VarInteger','tag','Tag','string',2,'string',NULL,NULL,NULL,NULL,NULL,NULL,'string',NULL),('treasury.facts.VarInteger.value','treasury.facts.VarInteger','value','Value','integer',1,'integer',NULL,NULL,NULL,NULL,NULL,NULL,'integer',NULL),('waterworks.facts.WaterAccount.barangay','waterworks.facts.WaterAccount','barangay','Barangay','string',3,'lookup','barangay:lookup','objid','name',NULL,NULL,NULL,'string',NULL),('waterworks.facts.WaterAccount.classification','waterworks.facts.WaterAccount','classification','Classification','string',1,'lookup','waterworks_classification:lookup','objid','description',NULL,NULL,NULL,'string',NULL),('waterworks.facts.WaterAccount.hasarrears','waterworks.facts.WaterAccount','hasarrears','Has Arrears','boolean',7,'boolean',NULL,NULL,NULL,NULL,NULL,NULL,'boolean',NULL),('waterworks.facts.WaterAccount.metered','waterworks.facts.WaterAccount','metered','Metered','boolean',6,'boolean',NULL,NULL,NULL,NULL,NULL,NULL,'boolean',NULL),('waterworks.facts.WaterAccount.metersize','waterworks.facts.WaterAccount','metersize','Meter Size','string',2,'lookup','waterworks_metersize:lookup','objid','title',NULL,NULL,NULL,'string',NULL),('waterworks.facts.WaterAccount.state','waterworks.facts.WaterAccount','state','State','string',5,'lov',NULL,NULL,NULL,NULL,NULL,NULL,'string','WATERWORKS_ACCOUNT_STATE'),('waterworks.facts.WaterAccount.units','waterworks.facts.WaterAccount','units','No. of Units','integer',4,'integer',NULL,NULL,NULL,NULL,NULL,NULL,'integer',NULL),('waterworks.facts.WaterApplication.apptype','waterworks.facts.WaterApplication','apptype','App Type','string',1,'lov',NULL,NULL,NULL,NULL,NULL,NULL,'string','WATERWORKS_APPLICATION_TYPE'),('waterworks.facts.WaterBill.balanceforward','waterworks.facts.WaterBill','balanceforward','Balance Forward','decimal',3,'decimal',NULL,NULL,NULL,NULL,NULL,NULL,'decimal',NULL),('waterworks.facts.WaterBill.billdate','waterworks.facts.WaterBill','billdate','Bill Date','date',4,'date',NULL,NULL,NULL,NULL,NULL,NULL,'date',NULL),('waterworks.facts.WaterBill.discdate','waterworks.facts.WaterBill','discdate','Disc. Date','date',7,'date',NULL,NULL,NULL,NULL,NULL,NULL,'date',NULL),('waterworks.facts.WaterBill.duedate','waterworks.facts.WaterBill','duedate','Due Date','date',8,'date',NULL,NULL,NULL,NULL,NULL,NULL,'date',NULL),('waterworks.facts.WaterBill.expirydate','waterworks.facts.WaterBill','expirydate','Expiry Date','date',9,'date',NULL,NULL,NULL,NULL,NULL,NULL,'date',NULL),('waterworks.facts.WaterBill.fromdate','waterworks.facts.WaterBill','fromdate','From Date','date',5,'date',NULL,NULL,NULL,NULL,NULL,NULL,'date',NULL),('waterworks.facts.WaterBill.month','waterworks.facts.WaterBill','month','Month','integer',2,'integer',NULL,NULL,NULL,NULL,NULL,NULL,'integer',NULL),('waterworks.facts.WaterBill.todate','waterworks.facts.WaterBill','todate','To Date','date',6,'date',NULL,NULL,NULL,NULL,NULL,NULL,'date',NULL),('waterworks.facts.WaterBill.totalunpaid','waterworks.facts.WaterBill','totalunpaid','Total Unpaid','decimal',10,'decimal',NULL,NULL,NULL,NULL,NULL,NULL,'decimal',NULL),('waterworks.facts.WaterBill.year','waterworks.facts.WaterBill','year','Year','integer',1,'integer',NULL,NULL,NULL,NULL,NULL,NULL,'integer',NULL),('waterworks.facts.WaterBill.yearmonth','waterworks.facts.WaterBill','yearmonth','Year Month','integer',11,'integer',NULL,NULL,NULL,NULL,NULL,NULL,'integer',NULL),('waterworks.facts.WaterBillingPeriod.billdate','waterworks.facts.WaterBillingPeriod','billdate','Bill Date','date',7,'date',NULL,NULL,NULL,NULL,NULL,NULL,'date',NULL),('waterworks.facts.WaterBillingPeriod.billexpirydate','waterworks.facts.WaterBillingPeriod','billexpirydate','Bill Expiry Date','date',11,'date',NULL,NULL,NULL,NULL,NULL,NULL,'date',NULL),('waterworks.facts.WaterBillingPeriod.billingenddate','waterworks.facts.WaterBillingPeriod','billingenddate','Billing End Date','date',8,'date',NULL,NULL,NULL,NULL,NULL,NULL,'date',NULL),('waterworks.facts.WaterBillingPeriod.discdate','waterworks.facts.WaterBillingPeriod','discdate','Discount Date','date',9,'date',NULL,NULL,NULL,NULL,NULL,NULL,'date',NULL),('waterworks.facts.WaterBillingPeriod.duedate','waterworks.facts.WaterBillingPeriod','duedate','Due Date','date',10,'date',NULL,NULL,NULL,NULL,NULL,NULL,'date',NULL),('waterworks.facts.WaterBillingPeriod.fromdate','waterworks.facts.WaterBillingPeriod','fromdate','From Date','date',3,'date',NULL,NULL,NULL,NULL,NULL,NULL,'date',NULL),('waterworks.facts.WaterBillingPeriod.month','waterworks.facts.WaterBillingPeriod','month','Month','integer',1,'integer',NULL,NULL,NULL,NULL,NULL,NULL,'integer',NULL),('waterworks.facts.WaterBillingPeriod.readingdate','waterworks.facts.WaterBillingPeriod','readingdate','Reading Date','date',5,'date',NULL,NULL,NULL,NULL,NULL,NULL,'date',NULL),('waterworks.facts.WaterBillingPeriod.readingenddate','waterworks.facts.WaterBillingPeriod','readingenddate','Reading End Date','date',6,'date',NULL,NULL,NULL,NULL,NULL,NULL,'date',NULL),('waterworks.facts.WaterBillingPeriod.todate','waterworks.facts.WaterBillingPeriod','todate','To Date','date',4,'date',NULL,NULL,NULL,NULL,NULL,NULL,'date',NULL),('waterworks.facts.WaterBillingPeriod.year','waterworks.facts.WaterBillingPeriod','year','Year','integer',2,'integer',NULL,NULL,NULL,NULL,NULL,NULL,'integer',NULL),('waterworks.facts.WaterBillItem.amount','waterworks.facts.WaterBillItem','amount','Amount','decimal',2,'decimal',NULL,NULL,NULL,NULL,NULL,NULL,'decimal',NULL),('waterworks.facts.WaterBillItem.amtpaid','waterworks.facts.WaterBillItem','amtpaid','Amt Paid','decimal',8,'decimal',NULL,NULL,NULL,NULL,NULL,NULL,'decimal',NULL),('waterworks.facts.WaterBillItem.billcode','waterworks.facts.WaterBillItem','billcode','Bill code','string',1,'lookup','waterworks_itemaccount:lookup','objid','title',NULL,NULL,NULL,'string',NULL),('waterworks.facts.WaterBillItem.month','waterworks.facts.WaterBillItem','month','Month','integer',4,'integer',NULL,NULL,NULL,NULL,NULL,NULL,'integer',NULL),('waterworks.facts.WaterBillItem.principal','waterworks.facts.WaterBillItem','principal','Principal','decimal',7,'decimal',NULL,NULL,NULL,NULL,NULL,NULL,'decimal',NULL),('waterworks.facts.WaterBillItem.remarks','waterworks.facts.WaterBillItem','remarks','Remarks','string',6,'string',NULL,NULL,NULL,NULL,NULL,NULL,'string',NULL),('waterworks.facts.WaterBillItem.volume','waterworks.facts.WaterBillItem','volume','Volume','integer',5,'integer',NULL,NULL,NULL,NULL,NULL,NULL,'integer',NULL),('waterworks.facts.WaterBillItem.year','waterworks.facts.WaterBillItem','year','Year','integer',3,'integer',NULL,NULL,NULL,NULL,NULL,NULL,'integer',NULL),('waterworks.facts.WaterBillItem.yearmonth','waterworks.facts.WaterBillItem','yearmonth','Year Month','integer',9,'integer',NULL,NULL,NULL,NULL,NULL,NULL,'integer',NULL),('waterworks.facts.WaterBillRecurringFee.amount','waterworks.facts.WaterBillRecurringFee','amount','Amount','decimal',7,'decimal',NULL,NULL,NULL,NULL,NULL,NULL,'decimal',NULL),('waterworks.facts.WaterBillRecurringFee.amtdue','waterworks.facts.WaterBillRecurringFee','amtdue','Amt Due','decimal',8,'decimal',NULL,NULL,NULL,NULL,NULL,NULL,'decimal',NULL),('waterworks.facts.WaterBillRecurringFee.billcode','waterworks.facts.WaterBillRecurringFee','billcode','Bill code','string',4,'lookup','waterworks_itemaccount:lookup','objid','title',NULL,NULL,NULL,'string',NULL),('waterworks.facts.WaterBillRecurringFee.installmentamount','waterworks.facts.WaterBillRecurringFee','installmentamount','Installment Amount','decimal',5,'decimal',NULL,NULL,NULL,NULL,NULL,NULL,'decimal',NULL),('waterworks.facts.WaterBillRecurringFee.startmonth','waterworks.facts.WaterBillRecurringFee','startmonth','Start Month','integer',2,'integer',NULL,NULL,NULL,NULL,NULL,NULL,'integer',NULL),('waterworks.facts.WaterBillRecurringFee.startyear','waterworks.facts.WaterBillRecurringFee','startyear','Start Year','integer',1,'integer',NULL,NULL,NULL,NULL,NULL,NULL,'integer',NULL),('waterworks.facts.WaterBillRecurringFee.term','waterworks.facts.WaterBillRecurringFee','term','Term','integer',6,'integer',NULL,NULL,NULL,NULL,NULL,NULL,'integer',NULL),('waterworks.facts.WaterBillRecurringFee.type','waterworks.facts.WaterBillRecurringFee','type','Type','string',3,'lov',NULL,NULL,NULL,NULL,NULL,NULL,'string','WATERWORKS_RECURRINGFEE_TYPE'),('waterworks.facts.WaterConsumption.amount','waterworks.facts.WaterConsumption','amount','Amount','decimal',2,'decimal',NULL,NULL,NULL,NULL,NULL,NULL,'decimal',NULL),('waterworks.facts.WaterConsumption.hold','waterworks.facts.WaterConsumption','hold','Hold','boolean',3,'boolean',NULL,NULL,NULL,NULL,NULL,NULL,'boolean',NULL),('waterworks.facts.WaterConsumption.volume','waterworks.facts.WaterConsumption','volume','Volume','integer',1,'integer',NULL,NULL,NULL,NULL,NULL,NULL,'integer',NULL),('waterworks.facts.WaterMeter.capacity','waterworks.facts.WaterMeter','capacity','Capacity','string',3,'var',NULL,NULL,NULL,NULL,NULL,NULL,'WATERWORKS_METER_CAPACITY',NULL),('waterworks.facts.WaterMeter.sizeid','waterworks.facts.WaterMeter','sizeid','Size','string',1,'lookup','waterworks_metersize:lookup','objid','title',NULL,NULL,NULL,'string',NULL),('waterworks.facts.WaterMeter.state','waterworks.facts.WaterMeter','state','Status','string',2,'var',NULL,NULL,NULL,NULL,NULL,NULL,'WATERWORKS_METER_STATE',NULL),('waterworks.facts.WaterScheduleGroup.id','waterworks.facts.WaterScheduleGroup','id','ID','string',1,'lookup','waterworks_schedule_group:lookup','objid','objid',NULL,NULL,NULL,'string',NULL),('waterworks.facts.WaterworksAttribute.name','waterworks.facts.WaterworksAttribute','name','Name','string',1,'lookup','waterworks_attribute:lookup','name','title',NULL,NULL,NULL,'string',NULL);
/*!40000 ALTER TABLE `sys_rule_fact_field` ENABLE KEYS */;
UNLOCK TABLES;

--
-- Table structure for table `sys_rulegroup`
--

DROP TABLE IF EXISTS `sys_rulegroup`;
/*!40101 SET @saved_cs_client     = @@character_set_client */;
/*!40101 SET character_set_client = utf8 */;
CREATE TABLE `sys_rulegroup` (
  `name` varchar(50) NOT NULL,
  `ruleset` varchar(50) NOT NULL,
  `title` varchar(160) DEFAULT NULL,
  `sortorder` int(11) DEFAULT NULL,
  PRIMARY KEY (`name`,`ruleset`),
  KEY `ix_ruleset` (`ruleset`),
  CONSTRAINT `fk_sys_rulegroup_ruleset` FOREIGN KEY (`ruleset`) REFERENCES `sys_ruleset` (`name`)
) ENGINE=InnoDB DEFAULT CHARSET=utf8;
/*!40101 SET character_set_client = @saved_cs_client */;

--
-- Dumping data for table `sys_rulegroup`
--

LOCK TABLES `sys_rulegroup` WRITE;
/*!40000 ALTER TABLE `sys_rulegroup` DISABLE KEYS */;
INSERT INTO `sys_rulegroup` VALUES ('account-mapping','waterworkspayment','Account Mapping',4),('billing','waterworksbilling','Billing Initial',1),('computefee','waterworksapplication','Compute Fee',1),('computefee','waterworksbilling','Compute Fee',2),('discount','waterworkspayment','Discount',1),('initial','waterworksapplication','Initial',0),('initial','waterworksbillingschedule','Initial',0),('initial','waterworkscomputation','Initial',0),('interest','waterworksbilling','Compute Interest',4),('payment','waterworkspayment','Payment',2),('post-initial','waterworksbillingschedule','Post Initial',1),('pre-computation','waterworkscomputation','Pre-Computation',0),('requirement','waterworksapplication','Requirements',5),('summary','waterworksbilling','Summary',5),('summary','waterworkspayment','Summary',3),('surcharge','waterworksbilling','Compute Surcharge',3);
/*!40000 ALTER TABLE `sys_rulegroup` ENABLE KEYS */;
UNLOCK TABLES;

--
-- Table structure for table `sys_ruleset`
--

DROP TABLE IF EXISTS `sys_ruleset`;
/*!40101 SET @saved_cs_client     = @@character_set_client */;
/*!40101 SET character_set_client = utf8 */;
CREATE TABLE `sys_ruleset` (
  `name` varchar(50) NOT NULL,
  `title` varchar(160) DEFAULT NULL,
  `packagename` varchar(50) DEFAULT NULL,
  `domain` varchar(50) DEFAULT NULL,
  `role` varchar(50) DEFAULT NULL,
  `permission` varchar(50) DEFAULT NULL,
  PRIMARY KEY (`name`)
) ENGINE=InnoDB DEFAULT CHARSET=utf8;
/*!40101 SET character_set_client = @saved_cs_client */;

--
-- Dumping data for table `sys_ruleset`
--

LOCK TABLES `sys_ruleset` WRITE;
/*!40000 ALTER TABLE `sys_ruleset` DISABLE KEYS */;
INSERT INTO `sys_ruleset` VALUES ('waterworksapplication','Water Works Application','waterworksapplication','WATERWORKS','RULE_AUTHOR',NULL),('waterworksbilling','Water Works Billing','waterworksbilling','WATERWORKS','RULE_AUTHOR',NULL),('waterworksbillingschedule','Water Works Billing Schedule','waterworksbillingschedule','WATERWORKS','RULE_AUTHOR',NULL),('waterworkscomputation','Water Works Computation','waterworkscomputation','WATERWORKS','RULE_AUTHOR',NULL),('waterworkspayment','Water Works Payment','waterworkspayment','WATERWORKS','RULE_AUTHOR',NULL);
/*!40000 ALTER TABLE `sys_ruleset` ENABLE KEYS */;
UNLOCK TABLES;

--
-- Table structure for table `sys_ruleset_actiondef`
--

DROP TABLE IF EXISTS `sys_ruleset_actiondef`;
/*!40101 SET @saved_cs_client     = @@character_set_client */;
/*!40101 SET character_set_client = utf8 */;
CREATE TABLE `sys_ruleset_actiondef` (
  `ruleset` varchar(50) NOT NULL,
  `actiondef` varchar(50) NOT NULL,
  PRIMARY KEY (`ruleset`,`actiondef`),
  KEY `ix_actiondef` (`actiondef`),
  CONSTRAINT `fk_sys_ruleset_actiondef_actiondef` FOREIGN KEY (`actiondef`) REFERENCES `sys_rule_actiondef` (`objid`),
  CONSTRAINT `fk_sys_ruleset_actiondef_ruleset` FOREIGN KEY (`ruleset`) REFERENCES `sys_ruleset` (`name`)
) ENGINE=InnoDB DEFAULT CHARSET=utf8;
/*!40101 SET character_set_client = @saved_cs_client */;

--
-- Dumping data for table `sys_ruleset_actiondef`
--

LOCK TABLES `sys_ruleset_actiondef` WRITE;
/*!40000 ALTER TABLE `sys_ruleset_actiondef` DISABLE KEYS */;
INSERT INTO `sys_ruleset_actiondef` VALUES ('waterworksapplication','enterprise.actions.AddRequirement'),('waterworksbilling','enterprise.actions.PrintTest'),('waterworksapplication','enterprise.actions.ThrowException'),('waterworkscomputation','enterprise.actions.ThrowException'),('waterworkspayment','enterprise.actions.ThrowException'),('waterworksapplication','treasury.actions.AddBillItem'),('waterworksbilling','treasury.actions.AddCreditBillItem'),('waterworkspayment','treasury.actions.AddCreditBillItem'),('waterworkspayment','treasury.actions.AddDiscountItem'),('waterworkscomputation','treasury.actions.AddVarInteger'),('waterworkspayment','treasury.actions.ApplyPayment'),('waterworksapplication','treasury.actions.SetBillItemAccount'),('waterworksbilling','treasury.actions.SetBillItemAccount'),('waterworkspayment','treasury.actions.SetBillItemAccount'),('waterworksbilling','treasury.actions.SetBillItemProperty'),('waterworksbilling','waterworks.actions.AddRecurringWaterBillItem'),('waterworksbilling','waterworks.actions.AddWaterBillItem'),('waterworkscomputation','waterworks.actions.ComputeConsumption'),('waterworksbillingschedule','waterworks.actions.SetWaterBillingPeriod'),('waterworksbilling','waterworks.actions.SetWaterConsumptionProperty'),('waterworkscomputation','waterworks.actions.SetWaterConsumptionProperty');
/*!40000 ALTER TABLE `sys_ruleset_actiondef` ENABLE KEYS */;
UNLOCK TABLES;

--
-- Table structure for table `sys_ruleset_fact`
--

DROP TABLE IF EXISTS `sys_ruleset_fact`;
/*!40101 SET @saved_cs_client     = @@character_set_client */;
/*!40101 SET character_set_client = utf8 */;
CREATE TABLE `sys_ruleset_fact` (
  `ruleset` varchar(50) NOT NULL,
  `rulefact` varchar(50) NOT NULL,
  PRIMARY KEY (`ruleset`,`rulefact`),
  KEY `ix_rulefact` (`rulefact`),
  CONSTRAINT `fk_sys_ruleset_fact_rulefact` FOREIGN KEY (`rulefact`) REFERENCES `sys_rule_fact` (`objid`),
  CONSTRAINT `fk_sys_ruleset_fact_ruleset` FOREIGN KEY (`ruleset`) REFERENCES `sys_ruleset` (`name`)
) ENGINE=InnoDB DEFAULT CHARSET=utf8;
/*!40101 SET character_set_client = @saved_cs_client */;

--
-- Dumping data for table `sys_ruleset_fact`
--

LOCK TABLES `sys_ruleset_fact` WRITE;
/*!40000 ALTER TABLE `sys_ruleset_fact` DISABLE KEYS */;
INSERT INTO `sys_ruleset_fact` VALUES ('waterworksbilling','com.rameses.rules.common.CurrentDate'),('waterworkspayment','com.rameses.rules.common.CurrentDate'),('waterworksapplication','treasury.facts.BillItem'),('waterworkspayment','treasury.facts.Deposit'),('waterworkspayment','treasury.facts.ExcessPayment'),('waterworksbillingschedule','treasury.facts.HolidayFact'),('waterworkspayment','treasury.facts.Payment'),('waterworksapplication','treasury.facts.Requirement'),('waterworksbilling','treasury.facts.TransactionDate'),('waterworkspayment','treasury.facts.TransactionDate'),('waterworkscomputation','treasury.facts.VarInteger'),('waterworksbilling','waterworks.facts.WaterAccount'),('waterworkscomputation','waterworks.facts.WaterAccount'),('waterworkspayment','waterworks.facts.WaterAccount'),('waterworksapplication','waterworks.facts.WaterApplication'),('waterworksbilling','waterworks.facts.WaterBill'),('waterworkspayment','waterworks.facts.WaterBill'),('waterworksbilling','waterworks.facts.WaterBillingPeriod'),('waterworksbillingschedule','waterworks.facts.WaterBillingPeriod'),('waterworksbilling','waterworks.facts.WaterBillItem'),('waterworkspayment','waterworks.facts.WaterBillItem'),('waterworksbilling','waterworks.facts.WaterBillRecurringFee'),('waterworksbilling','waterworks.facts.WaterConsumption'),('waterworkscomputation','waterworks.facts.WaterConsumption'),('waterworkscomputation','waterworks.facts.WaterMeter'),('waterworksbillingschedule','waterworks.facts.WaterScheduleGroup'),('waterworksbilling','waterworks.facts.WaterworksAttribute'),('waterworkscomputation','waterworks.facts.WaterworksAttribute'),('waterworkspayment','waterworks.facts.WaterworksAttribute');
/*!40000 ALTER TABLE `sys_ruleset_fact` ENABLE KEYS */;
UNLOCK TABLES;

--
-- Table structure for table `sys_sequence`
--

DROP TABLE IF EXISTS `sys_sequence`;
/*!40101 SET @saved_cs_client     = @@character_set_client */;
/*!40101 SET character_set_client = utf8 */;
CREATE TABLE `sys_sequence` (
  `objid` varchar(100) NOT NULL,
  `nextSeries` int(11) DEFAULT NULL,
  PRIMARY KEY (`objid`)
) ENGINE=InnoDB DEFAULT CHARSET=utf8;
/*!40101 SET character_set_client = @saved_cs_client */;

--
-- Dumping data for table `sys_sequence`
--

LOCK TABLES `sys_sequence` WRITE;
/*!40000 ALTER TABLE `sys_sequence` DISABLE KEYS */;
INSERT INTO `sys_sequence` VALUES ('WB-202309-00000',98),('WB202308-01-MPS-00000',91),('WB202309-01-MPS-00000',136),('WB202309-13-SAMPONG-00000',2),('WB202310-13-SAMPONG-00000',2),('WCC-202309-00000',2);
/*!40000 ALTER TABLE `sys_sequence` ENABLE KEYS */;
UNLOCK TABLES;

--
-- Table structure for table `sys_usergroup`
--

DROP TABLE IF EXISTS `sys_usergroup`;
/*!40101 SET @saved_cs_client     = @@character_set_client */;
/*!40101 SET character_set_client = utf8 */;
CREATE TABLE `sys_usergroup` (
  `objid` varchar(50) NOT NULL,
  `title` varchar(255) DEFAULT NULL,
  `domain` varchar(25) DEFAULT NULL,
  `userclass` varchar(25) DEFAULT NULL,
  `orgclass` varchar(50) DEFAULT NULL,
  `role` varchar(50) DEFAULT NULL,
  PRIMARY KEY (`objid`)
) ENGINE=InnoDB DEFAULT CHARSET=utf8;
/*!40101 SET character_set_client = @saved_cs_client */;

--
-- Dumping data for table `sys_usergroup`
--

LOCK TABLES `sys_usergroup` WRITE;
/*!40000 ALTER TABLE `sys_usergroup` DISABLE KEYS */;
INSERT INTO `sys_usergroup` VALUES ('WATERWORKS.MASTER','WATERWORKS MASTER','WATERWORKS','usergroup',NULL,'MASTER'),('WATERWORKS.READER','WATERWORKS READER','WATERWORKS','usergroup',NULL,'READER'),('WATERWORKS.REPORT','WATERWORKS REPORT','WATERWORKS','usergroup',NULL,'REPORT'),('WATERWORKS.RULE_AUTHOR','WATERWORKS RULE_AUTHOR','WATERWORKS','usergroup',NULL,'RULE_AUTHOR'),('WATERWORKS.SHARED','WATERWORKS SHARED','WATERWORKS','usergroup',NULL,'SHARED');
/*!40000 ALTER TABLE `sys_usergroup` ENABLE KEYS */;
UNLOCK TABLES;

--
-- Table structure for table `sys_var`
--

DROP TABLE IF EXISTS `sys_var`;
/*!40101 SET @saved_cs_client     = @@character_set_client */;
/*!40101 SET character_set_client = utf8 */;
CREATE TABLE `sys_var` (
  `name` varchar(50) NOT NULL,
  `value` longtext,
  `description` varchar(255) DEFAULT NULL,
  `datatype` varchar(15) DEFAULT NULL,
  `category` varchar(50) DEFAULT NULL,
  PRIMARY KEY (`name`)
) ENGINE=InnoDB DEFAULT CHARSET=utf8;
/*!40101 SET character_set_client = @saved_cs_client */;

--
-- Dumping data for table `sys_var`
--

LOCK TABLES `sys_var` WRITE;
/*!40000 ALTER TABLE `sys_var` DISABLE KEYS */;
INSERT INTO `sys_var` VALUES ('waterworks_acctno_format','WA-[org]-[%06d]',NULL,NULL,NULL),('waterworks_application_appno_format','WAP-[yyyyMM]-[%05d]',NULL,NULL,NULL),('waterworks_batch_print_size','20',NULL,'integer',NULL),('waterworks_batch_process_size','20',NULL,'integer',NULL),('waterworks_billno_format','WB-[yyyyMM]-[%05d]',NULL,NULL,NULL),('waterworks_bill_barcode_prefix','TCWS',NULL,NULL,NULL),('waterworks_change_request_controlno_format','WCR-[yyyyMM]-[%05d]',NULL,NULL,NULL),('waterworks_compromise_controlno_format','WCC-[yyyyMM]-[%05d]',NULL,NULL,NULL),('waterworks_disconnection_controlno_format','WDC-[yyyyMM]-[%05d]',NULL,NULL,NULL);
/*!40000 ALTER TABLE `sys_var` ENABLE KEYS */;
UNLOCK TABLES;

--
-- Table structure for table `sys_wf`
--

DROP TABLE IF EXISTS `sys_wf`;
/*!40101 SET @saved_cs_client     = @@character_set_client */;
/*!40101 SET character_set_client = utf8 */;
CREATE TABLE `sys_wf` (
  `name` varchar(50) NOT NULL,
  `title` varchar(100) DEFAULT NULL,
  `domain` varchar(50) DEFAULT NULL,
  PRIMARY KEY (`name`)
) ENGINE=InnoDB DEFAULT CHARSET=utf8;
/*!40101 SET character_set_client = @saved_cs_client */;

--
-- Dumping data for table `sys_wf`
--

LOCK TABLES `sys_wf` WRITE;
/*!40000 ALTER TABLE `sys_wf` DISABLE KEYS */;
INSERT INTO `sys_wf` VALUES ('waterworks_application','Waterworks Application','WATERWORKS'),('waterworks_batch_billing','Waterworks Batch Billing','WATERWORKS'),('waterworks_change_request','Waterworks Change Request','WATERWORKS'),('waterworks_compromise','Waterworks Compromise','WATERWORKS'),('waterworks_disconnection','Waterworks Disconnection','WATERWORKS'),('waterworks_newconnection','Waterworks New Connection','WATERWORKS'),('waterworks_reconnection','Waterworks Reconnection','WATERWORKS');
/*!40000 ALTER TABLE `sys_wf` ENABLE KEYS */;
UNLOCK TABLES;

--
-- Table structure for table `sys_wf_node`
--

DROP TABLE IF EXISTS `sys_wf_node`;
/*!40101 SET @saved_cs_client     = @@character_set_client */;
/*!40101 SET character_set_client = utf8 */;
CREATE TABLE `sys_wf_node` (
  `name` varchar(50) NOT NULL,
  `processname` varchar(50) NOT NULL DEFAULT '',
  `title` varchar(100) DEFAULT NULL,
  `nodetype` varchar(10) DEFAULT NULL,
  `idx` int(11) DEFAULT NULL,
  `salience` int(11) DEFAULT NULL,
  `domain` varchar(50) DEFAULT NULL,
  `role` varchar(255) DEFAULT NULL,
  `ui` text,
  `properties` text,
  `tracktime` int(11) DEFAULT NULL,
  PRIMARY KEY (`name`,`processname`)
) ENGINE=InnoDB DEFAULT CHARSET=utf8;
/*!40101 SET character_set_client = @saved_cs_client */;

--
-- Dumping data for table `sys_wf_node`
--

LOCK TABLES `sys_wf_node` WRITE;
/*!40000 ALTER TABLE `sys_wf_node` DISABLE KEYS */;
INSERT INTO `sys_wf_node` VALUES ('approval','waterworks_application','Approval','state',4,NULL,NULL,NULL,'[type:\"state\",fillColor:\"#c0c0c0\",pos:[568,73],size:[146,63]]','[:]',1),('approved','waterworks_batch_billing','Approved','state',6,0,'WATERWORKS',NULL,'[type:\"state\",fillColor:\"#c0c0c0\",pos:[748,103],size:[100,50]]','[show_reading:true]',NULL),('assessment','waterworks_application','Assessment','state',3,NULL,NULL,NULL,'[type:\"state\",fillColor:\"#c0c0c0\",pos:[367,69],size:[134,65]]','[:]',1),('billing','waterworks_compromise','Billing','state',6,0,NULL,NULL,'[type:\"state\",fillColor:\"#c0c0c0\",pos:[608,187],size:[108,58]]','[:]',1),('billing','waterworks_newconnection','Billing','state',5,0,NULL,NULL,'[type:\"state\",fillColor:\"#c0c0c0\",pos:[542,157],size:[108,58]]','[:]',1),('draft','waterworks_batch_billing','Draft','state',2,0,'WATERWORKS',NULL,'[type:\"state\",fillColor:\"#c0c0c0\",pos:[177,115],size:[109,53]]','[:]',NULL),('draft','waterworks_change_request','Draft','state',1,0,'WATERWORKS',NULL,'[type:\"state\",fillColor:\"#c0c0c0\",pos:[267,72],size:[87,55]]','[:]',1),('draft','waterworks_compromise','Draft','state',2,0,'WATERWORKS',NULL,'[type:\"state\",fillColor:\"#c0c0c0\",pos:[225,85],size:[87,55]]','[:]',1),('draft','waterworks_disconnection','Draft','state',1,0,'WATERWORKS',NULL,'[type:\"state\",fillColor:\"#c0c0c0\",pos:[267,72],size:[87,55]]','[:]',1),('draft','waterworks_reconnection','Draft','state',1,0,'WATERWORKS',NULL,'[type:\"state\",fillColor:\"#c0c0c0\",pos:[267,72],size:[87,55]]','[:]',1),('end','waterworks_application','Completed','end',7,NULL,NULL,NULL,'[type:\"end\",fillColor:\"#ff0000\",pos:[756,57],size:[32,32]]','[:]',NULL),('end','waterworks_batch_billing','Completed','end',7,0,'WATERWORKS',NULL,'[type:\"end\",fillColor:\"#ff0000\",pos:[923,260],size:[32,32]]','[show_reading:true]',NULL),('end','waterworks_change_request','Completed','end',3,0,NULL,NULL,'[type:\"end\",fillColor:\"#ff0000\",pos:[718,131],size:[32,32]]','[:]',NULL),('end','waterworks_compromise','Completed','end',9,0,NULL,NULL,'[type:\"end\",fillColor:\"#ff0000\",pos:[1027,346],size:[32,32]]','[:]',NULL),('end','waterworks_disconnection','Completed','end',3,0,NULL,NULL,'[type:\"end\",fillColor:\"#ff0000\",pos:[718,131],size:[32,32]]','[:]',NULL),('end','waterworks_newconnection','Completed','end',7,0,NULL,NULL,'[type:\"end\",fillColor:\"#ff0000\",pos:[894,322],size:[32,32]]','[:]',NULL),('end','waterworks_reconnection','Completed','end',3,0,NULL,NULL,'[type:\"end\",fillColor:\"#ff0000\",pos:[718,131],size:[32,32]]','[:]',NULL),('for-approval','waterworks_batch_billing','For Approval','state',5,0,'WATERWORKS',NULL,'[type:\"state\",fillColor:\"#c0c0c0\",pos:[661,222],size:[100,50]]','[show_reading:true]',NULL),('for-approval','waterworks_change_request','For Approval','state',2,0,'WATERWORKS',NULL,'[type:\"state\",fillColor:\"#c0c0c0\",pos:[509,128],size:[104,60]]','[:]',1),('for-approval','waterworks_compromise','For Approval','state',5,0,'WATERWORKS',NULL,'[type:\"state\",fillColor:\"#c0c0c0\",pos:[640,52],size:[104,60]]','[:]',1),('for-approval','waterworks_disconnection','For Approval','state',2,0,'WATERWORKS',NULL,'[type:\"state\",fillColor:\"#c0c0c0\",pos:[509,128],size:[104,60]]','[:]',1),('for-approval','waterworks_newconnection','For Approval','state',4,0,'WATERWORKS',NULL,'[type:\"state\",fillColor:\"#c0c0c0\",pos:[632,53],size:[104,60]]','[:]',1),('for-approval','waterworks_reconnection','For Approval','state',2,0,'WATERWORKS',NULL,'[type:\"state\",fillColor:\"#c0c0c0\",pos:[509,128],size:[104,60]]','[:]',1),('for-reading','waterworks_batch_billing','For Reading','state',3,0,'WATERWORKS',NULL,'[type:\"state\",fillColor:\"#c0c0c0\",pos:[370,153],size:[100,50]]','[show_reading:true]',NULL),('for-reversal','waterworks_newconnection','For Reversal','state',6,0,NULL,NULL,'[type:\"state\",fillColor:\"#c0c0c0\",pos:[364,295],size:[119,57]]','[:]',NULL),('for-review','waterworks_compromise','For Review','state',3,0,NULL,NULL,'[type:\"state\",fillColor:\"#c0c0c0\",pos:[369,13],size:[102,56]]','[:]',1),('for-review','waterworks_newconnection','For Review','state',3,0,NULL,NULL,'[type:\"state\",fillColor:\"#c0c0c0\",pos:[420,21],size:[102,56]]','[:]',1),('initial-payment','waterworks_compromise','Initial Payment','state',4,0,NULL,NULL,'[type:\"state\",fillColor:\"#c0c0c0\",pos:[408,158],size:[119,62]]','[:]',0),('mobile-reading','waterworks_batch_billing','For Mobile Reading','state',4,0,NULL,NULL,'[type:\"state\",fillColor:\"#c0c0c0\",pos:[535,23],size:[156,52]]','[:]',1),('payment','waterworks_application','Payment','state',5,NULL,'WATERWORKS','SYSTEM','[type:\"state\",fillColor:\"#c0c0c0\",pos:[340,166],size:[130,67]]','[:]',NULL),('payment','waterworks_compromise','For Payment','state',7,0,NULL,NULL,'[type:\"state\",fillColor:\"#c0c0c0\",pos:[721,282],size:[111,57]]','[:]',NULL),('payment','waterworks_newconnection','For Payment','state',6,0,NULL,NULL,'[type:\"state\",fillColor:\"#c0c0c0\",pos:[581,279],size:[111,57]]','[:]',NULL),('receiving','waterworks_application','Receiving','state',2,0,NULL,NULL,'[type:\"state\",fillColor:\"#c0c0c0\",pos:[146,60],size:[133,60]]','[:]',1),('receiving','waterworks_newconnection','Receiving','state',2,1,NULL,NULL,'[type:\"state\",fillColor:\"#c0c0c0\",pos:[217,90],size:[107,65]]','[:]',1),('releasing','waterworks_application','Releasing','state',6,NULL,NULL,NULL,'[type:\"state\",fillColor:\"#c0c0c0\",pos:[573,165],size:[154,69]]','[:]',NULL),('releasing','waterworks_compromise','Releasing','state',8,0,NULL,NULL,'[type:\"state\",fillColor:\"#c0c0c0\",pos:[864,385],size:[103,53]]','[:]',NULL),('start','waterworks_application','start','start',1,NULL,NULL,NULL,'[type:\"start\",fillColor:\"#00ff00\",pos:[52,22],size:[32,32]]','[:]',NULL),('start','waterworks_batch_billing','Start','start',1,0,'WATERWORKS',NULL,'[type:\"start\",fillColor:\"#00ff00\",pos:[72,60],size:[32,32]]','[:]',NULL),('start','waterworks_change_request','Start','start',0,0,NULL,NULL,'[type:\"start\",fillColor:\"#00ff00\",pos:[174,47],size:[32,32]]','[:]',NULL),('start','waterworks_compromise','Start','start',1,0,NULL,NULL,'[type:\"start\",fillColor:\"#00ff00\",pos:[129,41],size:[32,32]]','[:]',NULL),('start','waterworks_disconnection','Start','start',0,0,NULL,NULL,'[type:\"start\",fillColor:\"#00ff00\",pos:[174,47],size:[32,32]]','[:]',NULL),('start','waterworks_newconnection','Start','start',1,0,NULL,NULL,'[type:\"start\",fillColor:\"#00ff00\",pos:[129,41],size:[32,32]]','[:]',NULL),('start','waterworks_reconnection','Start','start',0,0,NULL,NULL,'[type:\"start\",fillColor:\"#00ff00\",pos:[174,47],size:[32,32]]','[:]',NULL);
/*!40000 ALTER TABLE `sys_wf_node` ENABLE KEYS */;
UNLOCK TABLES;

--
-- Table structure for table `sys_wf_transition`
--

DROP TABLE IF EXISTS `sys_wf_transition`;
/*!40101 SET @saved_cs_client     = @@character_set_client */;
/*!40101 SET character_set_client = utf8 */;
CREATE TABLE `sys_wf_transition` (
  `parentid` varchar(50) NOT NULL DEFAULT '',
  `processname` varchar(50) NOT NULL DEFAULT '',
  `action` varchar(50) NOT NULL,
  `to` varchar(50) NOT NULL,
  `idx` int(11) DEFAULT NULL,
  `eval` mediumtext,
  `properties` varchar(255) DEFAULT NULL,
  `permission` varchar(255) DEFAULT NULL,
  `caption` varchar(255) DEFAULT NULL,
  `ui` text,
  PRIMARY KEY (`parentid`,`processname`,`to`,`action`)
) ENGINE=InnoDB DEFAULT CHARSET=utf8;
/*!40101 SET character_set_client = @saved_cs_client */;

--
-- Dumping data for table `sys_wf_transition`
--

LOCK TABLES `sys_wf_transition` WRITE;
/*!40000 ALTER TABLE `sys_wf_transition` DISABLE KEYS */;
INSERT INTO `sys_wf_transition` VALUES ('approval','waterworks_application','approve','payment',0,NULL,'[showConfirm:true,confirmMessage:\"You are about to approve this for payment. Proceed?\"]',NULL,'Approve for Payment','[points:[568,131,470,169],type:\"arrow\",pos:[470,131],size:[98,38]]'),('approved','waterworks_batch_billing','close-batch','end',0,NULL,'[showConfirm:true,confirmMessage:\"You are about to close this batch. Please confirm\"]',NULL,'Close Batch','[points:[821,153,923,260],type:\"arrow\",pos:[821,153],size:[102,107]]'),('assessment','waterworks_application','send-for-approval','approval',0,NULL,'[:]',NULL,'Send for Approval','[points:[501,100,568,100],type:\"arrow\",pos:[501,100],size:[67,0]]'),('billing','waterworks_compromise','close','end',0,NULL,'[visibleWhen:\"#{ false }\"]',NULL,'Close','[points:[716,227,904,215,903,216,1035,346],type:\"arrow\",pos:[716,215],size:[319,131]]'),('billing','waterworks_compromise','send-for-payment','payment',0,NULL,'[:]',NULL,'Send for Payment','[points:[674,245,766,282],type:\"arrow\",pos:[674,245],size:[92,37]]'),('billing','waterworks_newconnection','close','end',0,NULL,'[visibleWhen:\"#{ false }\"]',NULL,'Close','[points:[650,197,904,215,903,216,902,322],type:\"arrow\",pos:[650,197],size:[254,125]]'),('billing','waterworks_newconnection','send-for-reveral','for-reversal',0,NULL,'[:]',NULL,'Send for Reversal','[points:[564,215,451,295],type:\"arrow\",pos:[451,215],size:[113,80]]'),('billing','waterworks_newconnection','send-for-payment','payment',0,NULL,'[:]',NULL,'Send for Payment','[points:[608,215,626,279],type:\"arrow\",pos:[608,215],size:[18,64]]'),('draft','waterworks_batch_billing','submit-for-reading','for-reading',0,NULL,'[:]',NULL,'Submit for Reading','[points:[286,129,370,191],type:\"arrow\",pos:[286,129],size:[84,62]]'),('draft','waterworks_change_request','send-for-approval','for-approval',0,NULL,'[showConfirm:true,confirmMessage:\"You are about to send this for approval. Proceed?\"]',NULL,'Send for Approval','[points:[354,105,509,139],type:\"arrow\",pos:[354,105],size:[155,34]]'),('draft','waterworks_compromise','send-for-review','for-review',0,NULL,'[:]',NULL,'Submit for Review','[points:[312,101,369,54],type:\"arrow\",pos:[312,54],size:[57,47]]'),('draft','waterworks_disconnection','send-for-approval','for-approval',0,NULL,'[showConfirm:true,confirmMessage:\"You are about to send this for approval. Proceed?\"]',NULL,'Send for Approval','[points:[354,105,509,139],type:\"arrow\",pos:[354,105],size:[155,34]]'),('draft','waterworks_reconnection','send-for-approval','for-approval',0,NULL,'[showConfirm:true,confirmMessage:\"You are about to send this for approval. Proceed?\"]',NULL,'Send for Approval','[points:[354,105,509,139],type:\"arrow\",pos:[354,105],size:[155,34]]'),('for-approval','waterworks_batch_billing','approve','approved',1,NULL,'[:]',NULL,'Approve','[points:[712,224,773,149],type:\"arrow\",pos:[712,149],size:[61,75]]'),('for-approval','waterworks_change_request','approve','end',0,NULL,'[showConfirm:true,confirmMessage:\"You are about to update the account. Proceed?\"]',NULL,'Approve','[points:[613,160,718,146],type:\"arrow\",pos:[613,146],size:[105,14]]'),('for-approval','waterworks_compromise','approve','billing',0,NULL,'[showConfirm:true,confirmMessage:\"You are about to approve and send this for billing. Proceed?\"]',NULL,'Approve','[points:[673,112,680,187],type:\"arrow\",pos:[673,112],size:[7,75]]'),('for-approval','waterworks_compromise','void-payment','initial-payment',0,NULL,'[visibleWhen:\"#{false}\"]',NULL,'Void Payment','[points:[640,83,555,85,493,158],type:\"arrow\",pos:[493,83],size:[147,75]]'),('for-approval','waterworks_disconnection','approve','end',0,NULL,'[showConfirm:true,confirmMessage:\"You are about to update the account. Proceed?\"]',NULL,'Approve','[points:[613,160,718,146],type:\"arrow\",pos:[613,146],size:[105,14]]'),('for-approval','waterworks_newconnection','approve','billing',0,NULL,'[showConfirm:true,confirmMessage:\"You are about to approve and send this for billing. Proceed?\"]',NULL,'Approve','[points:[665,113,614,157],type:\"arrow\",pos:[614,113],size:[51,44]]'),('for-approval','waterworks_reconnection','approve','end',0,NULL,'[showConfirm:true,confirmMessage:\"You are about to update the account. Proceed?\"]',NULL,'Approve','[points:[613,160,718,146],type:\"arrow\",pos:[613,146],size:[105,14]]'),('for-reading','waterworks_batch_billing','submit-for-approval','for-approval',0,NULL,'[showConfirm:true,confirmMessage:\"You are about to send this for approval. Proceed?\"]',NULL,'Submit for Approval','[points:[457,203,520,244,661,246],type:\"arrow\",pos:[457,203],size:[204,43]]'),('for-reading','waterworks_batch_billing','send-for-mobile-reading','mobile-reading',1,NULL,'[:]',NULL,'Send for Mobile Reading','[points:[458,153,577,75],type:\"arrow\",pos:[458,75],size:[119,78]]'),('for-reversal','waterworks_newconnection','approve-reversal','end',0,NULL,'[showConfirm:true,confirmMessage:\"You are about to reverse back the transaction to its original state. Proceed?\"]',NULL,'Approve','[points:[483,343,705,417,894,344],type:\"arrow\",pos:[483,343],size:[411,74]]'),('for-review','waterworks_compromise','send-for-approval','for-approval',0,NULL,'[showConfirm:true,confirmMessage:\"You are about to submit this for approval. Proceed?\"]',NULL,'Send for Approval','[points:[471,47,640,67],type:\"arrow\",pos:[471,47],size:[169,20]]'),('for-review','waterworks_compromise','send-for-initial-payment','initial-payment',0,NULL,'[:]',NULL,'Send for Initial Payment','[points:[429,69,460,158],type:\"arrow\",pos:[429,69],size:[31,89]]'),('for-review','waterworks_newconnection','send-for-approval','for-approval',0,NULL,'[showConfirm:true,confirmMessage:\"You are about to submit this for approval. Proceed?\"]',NULL,'Send for Approval','[points:[522,55,632,68],type:\"arrow\",pos:[522,55],size:[110,13]]'),('initial-payment','waterworks_compromise','post-payment','for-approval',0,NULL,'[visibleWhen:\"#{false}\"]',NULL,'Send for Approval','[points:[527,162,616,147,643,112],type:\"arrow\",pos:[527,112],size:[116,50]]'),('mobile-reading','waterworks_batch_billing','submit-for-approval','for-approval',1,NULL,'[showConfirm:true,confirmMessage:\"You are about to submit this for approval. Continue?\"]',NULL,'Submit for Approval','[points:[626,75,701,222],type:\"arrow\",pos:[626,75],size:[75,147]]'),('mobile-reading','waterworks_batch_billing','revert-mobile-reading','for-reading',0,NULL,'[:]',NULL,'Return for Reading','[points:[538,44,430,64,418,152],type:\"arrow\",pos:[418,44],size:[120,108]]'),('payment','waterworks_application','post-payment','releasing',0,NULL,'[:]',NULL,'Post Payment','[points:[470,200,499,203,573,204],type:\"arrow\",pos:[470,200],size:[103,4]]'),('payment','waterworks_compromise','post-payment','releasing',0,NULL,'[visibleWhen:\"#{false}\"]',NULL,'Post Payment','[points:[813,339,866,345,887,385],type:\"arrow\",pos:[813,339],size:[74,46]]'),('payment','waterworks_newconnection','post-payment','end',0,NULL,'[visibleWhen:\"#{ false }\"]',NULL,'Post Payment','[points:[692,313,788,347,894,335],type:\"arrow\",pos:[692,313],size:[202,34]]'),('receiving','waterworks_application','send-for-assessment','assessment',0,NULL,'[showConfirm:true,confirmMessage:\"You are about to send this for assessment. Proceed?\"]',NULL,'Send for Assessment','[points:[279,93,367,99],type:\"arrow\",pos:[279,93],size:[88,6]]'),('receiving','waterworks_newconnection','send-for-review','for-review',0,NULL,'[:]',NULL,'Send for Review','[points:[324,102,420,68],type:\"arrow\",pos:[324,68],size:[96,34]]'),('releasing','waterworks_application','release','end',0,NULL,'[showConfirm:true,confirmMessage:\"You are about to release this document. Proceed?\"]',NULL,'Release','[points:[684,165,763,89],type:\"arrow\",pos:[684,89],size:[79,76]]'),('releasing','waterworks_compromise','release','end',0,NULL,'[:]',NULL,'Release','[points:[967,390,1027,367],type:\"arrow\",pos:[967,367],size:[60,23]]'),('releasing','waterworks_compromise','void-payment','payment',0,NULL,'[visibleWhen:\"#{false}\"]',NULL,'Void Payment','[points:[864,409,775,407,775,339],type:\"arrow\",pos:[775,339],size:[89,70]]'),('start','waterworks_application','start','receiving',0,NULL,'[:]',NULL,'Start','[points:[84,43,146,66],type:\"arrow\",pos:[84,43],size:[62,23]]'),('start','waterworks_batch_billing','submit','draft',0,NULL,'[autostart:true]',NULL,NULL,'[points:[104,80,214,115],type:\"arrow\",pos:[104,80],size:[110,35]]'),('start','waterworks_change_request','start','draft',0,NULL,'[:]',NULL,'Start','[points:[206,68,267,88],type:\"arrow\",pos:[206,68],size:[61,20]]'),('start','waterworks_compromise','start','draft',0,NULL,'[:]',NULL,'Start','[points:[161,62,225,101],type:\"arrow\",pos:[161,62],size:[64,39]]'),('start','waterworks_disconnection','start','draft',0,NULL,'[:]',NULL,'Start','[points:[206,68,267,88],type:\"arrow\",pos:[206,68],size:[61,20]]'),('start','waterworks_newconnection','start','receiving',0,NULL,'[:]',NULL,'Start','[points:[161,65,217,95],type:\"arrow\",pos:[161,65],size:[56,30]]'),('start','waterworks_reconnection','start','draft',0,NULL,'[:]',NULL,'Start','[points:[206,68,267,88],type:\"arrow\",pos:[206,68],size:[61,20]]');
/*!40000 ALTER TABLE `sys_wf_transition` ENABLE KEYS */;
UNLOCK TABLES;

--
-- Temporary table structure for view `vw_report_billing_summary`
--

DROP TABLE IF EXISTS `vw_report_billing_summary`;
/*!50001 DROP VIEW IF EXISTS `vw_report_billing_summary`*/;
SET @saved_cs_client     = @@character_set_client;
SET character_set_client = utf8;
/*!50001 CREATE VIEW `vw_report_billing_summary` AS SELECT 
 1 AS `year`,
 1 AS `month`,
 1 AS `barangay_objid`,
 1 AS `barangay_name`,
 1 AS `zone_objid`,
 1 AS `zone_code`,
 1 AS `zone_title`,
 1 AS `res_metered`,
 1 AS `res_meteredvol`,
 1 AS `res_meteredamt`,
 1 AS `res_defective`,
 1 AS `res_defectivevol`,
 1 AS `res_defectiveamt`,
 1 AS `res_unmetered`,
 1 AS `res_unmeteredvol`,
 1 AS `res_unmeteredamt`,
 1 AS `com_metered`,
 1 AS `com_meteredvol`,
 1 AS `com_meteredamt`,
 1 AS `com_defective`,
 1 AS `com_defectivevol`,
 1 AS `com_defectiveamt`,
 1 AS `com_unmetered`,
 1 AS `com_unmeteredvol`,
 1 AS `com_unmeteredamt`,
 1 AS `ind_metered`,
 1 AS `ind_meteredvol`,
 1 AS `ind_meteredamt`,
 1 AS `ind_defective`,
 1 AS `ind_defectivevol`,
 1 AS `ind_defectiveamt`,
 1 AS `ind_unmetered`,
 1 AS `ind_unmeteredvol`,
 1 AS `ind_unmeteredamt`,
 1 AS `gov_metered`,
 1 AS `gov_meteredvol`,
 1 AS `gov_meteredamt`,
 1 AS `gov_defective`,
 1 AS `gov_defectivevol`,
 1 AS `gov_defectiveamt`,
 1 AS `gov_unmetered`,
 1 AS `gov_unmeteredvol`,
 1 AS `gov_unmeteredamt`,
 1 AS `bulk_metered`,
 1 AS `bulk_meteredvol`,
 1 AS `bulk_meteredamt`,
 1 AS `bulk_defective`,
 1 AS `bulk_defectivevol`,
 1 AS `bulk_defectiveamt`,
 1 AS `bulk_unmetered`,
 1 AS `bulk_unmeteredvol`,
 1 AS `bulk_unmeteredamt`*/;
SET character_set_client = @saved_cs_client;

--
-- Temporary table structure for view `vw_waterworks_account`
--

DROP TABLE IF EXISTS `vw_waterworks_account`;
/*!50001 DROP VIEW IF EXISTS `vw_waterworks_account`*/;
SET @saved_cs_client     = @@character_set_client;
SET character_set_client = utf8;
/*!50001 CREATE VIEW `vw_waterworks_account` AS SELECT 
 1 AS `objid`,
 1 AS `state`,
 1 AS `acctno`,
 1 AS `acctinfoid`,
 1 AS `dtstarted`,
 1 AS `applicationid`,
 1 AS `remarks`,
 1 AS `ukey`,
 1 AS `seqno`,
 1 AS `billid`,
 1 AS `lng`,
 1 AS `lat`,
 1 AS `excludeinbatch`,
 1 AS `acctname`,
 1 AS `owner_objid`,
 1 AS `owner_name`,
 1 AS `address_type`,
 1 AS `address_text`,
 1 AS `address_barangay_objid`,
 1 AS `address_barangay_name`,
 1 AS `address_city`,
 1 AS `address_province`,
 1 AS `address_municipality`,
 1 AS `address_unitno`,
 1 AS `address_street`,
 1 AS `address_subdivision`,
 1 AS `address_bldgno`,
 1 AS `address_bldgname`,
 1 AS `address_pin`,
 1 AS `stuboutid`,
 1 AS `subareaid`,
 1 AS `meterid`,
 1 AS `classificationid`,
 1 AS `units`,
 1 AS `attributes`,
 1 AS `meterstate`,
 1 AS `mobileno`,
 1 AS `email`,
 1 AS `phoneno`*/;
SET character_set_client = @saved_cs_client;

--
-- Temporary table structure for view `vw_waterworks_account_info`
--

DROP TABLE IF EXISTS `vw_waterworks_account_info`;
/*!50001 DROP VIEW IF EXISTS `vw_waterworks_account_info`*/;
SET @saved_cs_client     = @@character_set_client;
SET character_set_client = utf8;
/*!50001 CREATE VIEW `vw_waterworks_account_info` AS SELECT 
 1 AS `objid`,
 1 AS `acctname`,
 1 AS `owner_objid`,
 1 AS `owner_name`,
 1 AS `address_type`,
 1 AS `address_text`,
 1 AS `address_barangay_objid`,
 1 AS `address_barangay_name`,
 1 AS `address_city`,
 1 AS `address_province`,
 1 AS `address_municipality`,
 1 AS `address_unitno`,
 1 AS `address_street`,
 1 AS `address_subdivision`,
 1 AS `address_bldgno`,
 1 AS `address_bldgname`,
 1 AS `address_pin`,
 1 AS `stuboutid`,
 1 AS `subareaid`,
 1 AS `meterid`,
 1 AS `classification_objid`,
 1 AS `units`,
 1 AS `attributes`,
 1 AS `meterstate`,
 1 AS `mobileno`,
 1 AS `email`,
 1 AS `phoneno`,
 1 AS `meter_serialno`,
 1 AS `meter_capacity`,
 1 AS `meter_brand`,
 1 AS `meter_size`,
 1 AS `subarea_code`,
 1 AS `subarea_area_code`,
 1 AS `stubout_code`*/;
SET character_set_client = @saved_cs_client;

--
-- Temporary table structure for view `vw_waterworks_application`
--

DROP TABLE IF EXISTS `vw_waterworks_application`;
/*!50001 DROP VIEW IF EXISTS `vw_waterworks_application`*/;
SET @saved_cs_client     = @@character_set_client;
SET character_set_client = utf8;
/*!50001 CREATE VIEW `vw_waterworks_application` AS SELECT 
 1 AS `objid`,
 1 AS `state`,
 1 AS `dtcreated`,
 1 AS `appno`,
 1 AS `apptype`,
 1 AS `acctid`,
 1 AS `acctinfoid`,
 1 AS `taskid`,
 1 AS `acctno`*/;
SET character_set_client = @saved_cs_client;

--
-- Temporary table structure for view `vw_waterworks_batch_billing`
--

DROP TABLE IF EXISTS `vw_waterworks_batch_billing`;
/*!50001 DROP VIEW IF EXISTS `vw_waterworks_batch_billing`*/;
SET @saved_cs_client     = @@character_set_client;
SET character_set_client = utf8;
/*!50001 CREATE VIEW `vw_waterworks_batch_billing` AS SELECT 
 1 AS `objid`,
 1 AS `state`,
 1 AS `subareaid`,
 1 AS `dtposted`,
 1 AS `reader_objid`,
 1 AS `reader_name`,
 1 AS `taskid`,
 1 AS `readingdate`,
 1 AS `year`,
 1 AS `month`,
 1 AS `scheduleid`,
 1 AS `batchno`,
 1 AS `monthname`,
 1 AS `subarea_schedulegroupid`,
 1 AS `subarea_code`,
 1 AS `subarea_barangay_name`,
 1 AS `area_code`,
 1 AS `period_fromdate`,
 1 AS `period_todate`,
 1 AS `period_readingdate`,
 1 AS `period_readingenddate`,
 1 AS `period_billdate`,
 1 AS `period_billingenddate`,
 1 AS `period_discdate`,
 1 AS `period_duedate`,
 1 AS `period_billexpirydate`*/;
SET character_set_client = @saved_cs_client;

--
-- Temporary table structure for view `vw_waterworks_batch_billing_error`
--

DROP TABLE IF EXISTS `vw_waterworks_batch_billing_error`;
/*!50001 DROP VIEW IF EXISTS `vw_waterworks_batch_billing_error`*/;
SET @saved_cs_client     = @@character_set_client;
SET character_set_client = utf8;
/*!50001 CREATE VIEW `vw_waterworks_batch_billing_error` AS SELECT 
 1 AS `objid`,
 1 AS `batchid`,
 1 AS `billid`,
 1 AS `acctid`,
 1 AS `action`,
 1 AS `errmsg`,
 1 AS `seqno`,
 1 AS `acctno`,
 1 AS `acctname`*/;
SET character_set_client = @saved_cs_client;

--
-- Temporary table structure for view `vw_waterworks_bill`
--

DROP TABLE IF EXISTS `vw_waterworks_bill`;
/*!50001 DROP VIEW IF EXISTS `vw_waterworks_bill`*/;
SET @saved_cs_client     = @@character_set_client;
SET character_set_client = utf8;
/*!50001 CREATE VIEW `vw_waterworks_bill` AS SELECT 
 1 AS `objid`,
 1 AS `billno`,
 1 AS `billdate`,
 1 AS `acctid`,
 1 AS `acctinfoid`,
 1 AS `batchid`,
 1 AS `txnmode`,
 1 AS `expirydate`,
 1 AS `state`,
 1 AS `balanceforward`,
 1 AS `billed`,
 1 AS `billrefno`,
 1 AS `printed`,
 1 AS `remarks`,
 1 AS `createdby_objid`,
 1 AS `createdby_name`,
 1 AS `dtcreated`,
 1 AS `validitydate`,
 1 AS `initial`,
 1 AS `step`,
 1 AS `consumptionid`,
 1 AS `totalcredits`,
 1 AS `totalprevunpaid`,
 1 AS `totalbillunpaid`,
 1 AS `billamount`,
 1 AS `totalsurcharge`,
 1 AS `totalpayment`,
 1 AS `totaldiscount`,
 1 AS `year`,
 1 AS `month`,
 1 AS `scheduleid`,
 1 AS `monthname`,
 1 AS `acctno`,
 1 AS `acctname`,
 1 AS `acctstate`,
 1 AS `seqno`,
 1 AS `subareaid`,
 1 AS `address_text`,
 1 AS `classificationid`,
 1 AS `stuboutid`,
 1 AS `meterid`,
 1 AS `meterstate`,
 1 AS `subarea_schedulegroupid`,
 1 AS `subarea_code`,
 1 AS `subarea_barangay_name`,
 1 AS `area_code`,
 1 AS `period_fromdate`,
 1 AS `period_todate`,
 1 AS `period_readingdate`,
 1 AS `period_readingenddate`,
 1 AS `period_billdate`,
 1 AS `period_billingenddate`,
 1 AS `period_discdate`,
 1 AS `period_duedate`,
 1 AS `period_billexpirydate`*/;
SET character_set_client = @saved_cs_client;

--
-- Temporary table structure for view `vw_waterworks_bill_consumption`
--

DROP TABLE IF EXISTS `vw_waterworks_bill_consumption`;
/*!50001 DROP VIEW IF EXISTS `vw_waterworks_bill_consumption`*/;
SET @saved_cs_client     = @@character_set_client;
SET character_set_client = utf8;
/*!50001 CREATE VIEW `vw_waterworks_bill_consumption` AS SELECT 
 1 AS `objid`,
 1 AS `billid`,
 1 AS `reading`,
 1 AS `volume`,
 1 AS `amount`,
 1 AS `hold`,
 1 AS `reason`,
 1 AS `readingdate`,
 1 AS `reader_objid`,
 1 AS `reader_name`,
 1 AS `prev_reading`,
 1 AS `batchid`*/;
SET character_set_client = @saved_cs_client;

--
-- Temporary table structure for view `vw_waterworks_change_request`
--

DROP TABLE IF EXISTS `vw_waterworks_change_request`;
/*!50001 DROP VIEW IF EXISTS `vw_waterworks_change_request`*/;
SET @saved_cs_client     = @@character_set_client;
SET character_set_client = utf8;
/*!50001 CREATE VIEW `vw_waterworks_change_request` AS SELECT 
 1 AS `objid`,
 1 AS `controlno`,
 1 AS `apptype`,
 1 AS `dtcreated`,
 1 AS `acctid`,
 1 AS `acctinfoid`,
 1 AS `newacctinfoid`,
 1 AS `reason`,
 1 AS `taskid`,
 1 AS `account_acctno`,
 1 AS `task_state`,
 1 AS `task_startdate`,
 1 AS `task_enddate`,
 1 AS `task_assignee_objid`,
 1 AS `task_assignee_name`,
 1 AS `task_actor_objid`,
 1 AS `task_actor_name`,
 1 AS `task_title`*/;
SET character_set_client = @saved_cs_client;

--
-- Temporary table structure for view `vw_waterworks_compromise`
--

DROP TABLE IF EXISTS `vw_waterworks_compromise`;
/*!50001 DROP VIEW IF EXISTS `vw_waterworks_compromise`*/;
SET @saved_cs_client     = @@character_set_client;
SET character_set_client = utf8;
/*!50001 CREATE VIEW `vw_waterworks_compromise` AS SELECT 
 1 AS `objid`,
 1 AS `controlno`,
 1 AS `state`,
 1 AS `dtcreated`,
 1 AS `acctid`,
 1 AS `acctinfoid`,
 1 AS `particulars`,
 1 AS `taskid`,
 1 AS `amount`,
 1 AS `downpaymentrate`,
 1 AS `downpayment`,
 1 AS `term`,
 1 AS `startduedate`,
 1 AS `balance`,
 1 AS `acctno`,
 1 AS `task_state`,
 1 AS `task_startdate`,
 1 AS `task_enddate`,
 1 AS `task_assignee_objid`,
 1 AS `task_assignee_name`,
 1 AS `task_actor_objid`,
 1 AS `task_actor_name`,
 1 AS `task_title`*/;
SET character_set_client = @saved_cs_client;

--
-- Temporary table structure for view `vw_waterworks_compromise_billitem`
--

DROP TABLE IF EXISTS `vw_waterworks_compromise_billitem`;
/*!50001 DROP VIEW IF EXISTS `vw_waterworks_compromise_billitem`*/;
SET @saved_cs_client     = @@character_set_client;
SET character_set_client = utf8;
/*!50001 CREATE VIEW `vw_waterworks_compromise_billitem` AS SELECT 
 1 AS `objid`,
 1 AS `parentid`,
 1 AS `billitemid`,
 1 AS `amount`,
 1 AS `amtpaid`,
 1 AS `year`,
 1 AS `month`,
 1 AS `item_title`*/;
SET character_set_client = @saved_cs_client;

--
-- Temporary table structure for view `vw_waterworks_consumption`
--

DROP TABLE IF EXISTS `vw_waterworks_consumption`;
/*!50001 DROP VIEW IF EXISTS `vw_waterworks_consumption`*/;
SET @saved_cs_client     = @@character_set_client;
SET character_set_client = utf8;
/*!50001 CREATE VIEW `vw_waterworks_consumption` AS SELECT 
 1 AS `objid`,
 1 AS `acctid`,
 1 AS `meterid`,
 1 AS `year`,
 1 AS `month`,
 1 AS `billid`,
 1 AS `txnmode`,
 1 AS `reading`,
 1 AS `volume`,
 1 AS `amount`,
 1 AS `state`,
 1 AS `hold`,
 1 AS `reason`,
 1 AS `reader_objid`,
 1 AS `reader_name`,
 1 AS `readingdate`,
 1 AS `prev_reading`,
 1 AS `prev_month`,
 1 AS `prev_year`,
 1 AS `batchid`*/;
SET character_set_client = @saved_cs_client;

--
-- Temporary table structure for view `vw_waterworks_disconnection`
--

DROP TABLE IF EXISTS `vw_waterworks_disconnection`;
/*!50001 DROP VIEW IF EXISTS `vw_waterworks_disconnection`*/;
SET @saved_cs_client     = @@character_set_client;
SET character_set_client = utf8;
/*!50001 CREATE VIEW `vw_waterworks_disconnection` AS SELECT 
 1 AS `objid`,
 1 AS `controlno`,
 1 AS `dtcreated`,
 1 AS `acctid`,
 1 AS `acctinfoid`,
 1 AS `reason`,
 1 AS `taskid`,
 1 AS `amountdue`,
 1 AS `account_acctno`,
 1 AS `task_state`,
 1 AS `task_startdate`,
 1 AS `task_enddate`,
 1 AS `task_assignee_objid`,
 1 AS `task_assignee_name`,
 1 AS `task_actor_objid`,
 1 AS `task_actor_name`,
 1 AS `task_title`*/;
SET character_set_client = @saved_cs_client;

--
-- Temporary table structure for view `vw_waterworks_payment_item`
--

DROP TABLE IF EXISTS `vw_waterworks_payment_item`;
/*!50001 DROP VIEW IF EXISTS `vw_waterworks_payment_item`*/;
SET @saved_cs_client     = @@character_set_client;
SET character_set_client = utf8;
/*!50001 CREATE VIEW `vw_waterworks_payment_item` AS SELECT 
 1 AS `objid`,
 1 AS `year`,
 1 AS `month`,
 1 AS `item_title`,
 1 AS `item_sortorder`,
 1 AS `amount`,
 1 AS `discount`,
 1 AS `pmtid`*/;
SET character_set_client = @saved_cs_client;

--
-- Table structure for table `waterworks_account`
--

DROP TABLE IF EXISTS `waterworks_account`;
/*!40101 SET @saved_cs_client     = @@character_set_client */;
/*!40101 SET character_set_client = utf8 */;
CREATE TABLE `waterworks_account` (
  `objid` varchar(50) NOT NULL,
  `state` varchar(50) DEFAULT NULL,
  `acctno` varchar(50) DEFAULT NULL,
  `acctinfoid` varchar(50) DEFAULT NULL,
  `dtstarted` date DEFAULT NULL,
  `applicationid` varchar(50) DEFAULT NULL,
  `remarks` text,
  `ukey` varchar(50) NOT NULL DEFAULT '',
  `seqno` int(11) DEFAULT NULL,
  `billid` varchar(50) DEFAULT NULL,
  `lng` float(255,0) DEFAULT NULL,
  `lat` float(255,0) DEFAULT NULL,
  `excludeinbatch` int(10) DEFAULT NULL,
  PRIMARY KEY (`objid`),
  UNIQUE KEY `uix_acctno` (`acctno`,`ukey`),
  KEY `ix_acctno` (`acctno`),
  KEY `ix_applicationid` (`applicationid`),
  KEY `fk_waterworks_account_acctinfoid` (`acctinfoid`),
  KEY `fk_waterworks_account_billid` (`billid`),
  CONSTRAINT `fk_waterworks_account_applicationid` FOREIGN KEY (`applicationid`) REFERENCES `waterworks_application` (`objid`)
) ENGINE=InnoDB DEFAULT CHARSET=utf8;
/*!40101 SET character_set_client = @saved_cs_client */;

--
-- Dumping data for table `waterworks_account`
--

LOCK TABLES `waterworks_account` WRITE;
/*!40000 ALTER TABLE `waterworks_account` DISABLE KEYS */;
INSERT INTO `waterworks_account` VALUES ('WACCT-1e93ebd:18a5e033ca5:-7ffd','ACTIVE','1967','WACCT-1e93ebd:18a5e033ca5:-7ffd',NULL,NULL,NULL,'',19,NULL,NULL,NULL,0),('WACCT-1e93ebd:18a5e033ca5:-7ffe','ACTIVE','725','WACCT-1e93ebd:18a5e033ca5:-7ffe',NULL,NULL,NULL,'',18,NULL,NULL,NULL,0),('WACCT-1e93ebd:18a5e033ca5:-7fff','ACTIVE','1648','WACCT-1e93ebd:18a5e033ca5:-7fff',NULL,NULL,NULL,'',17,NULL,NULL,NULL,0),('WACCT-1e93ebd:18a5e033ca5:-8000','ACTIVE','2301','WACCT-1e93ebd:18a5e033ca5:-8000',NULL,NULL,NULL,'',16,NULL,NULL,NULL,0),('WACCT-5d78541:189dd34aeb5:-7fb8','ACTIVE','1340','WACCT-5d78541:189dd34aeb5:-7fb8',NULL,NULL,NULL,'',49,NULL,NULL,NULL,0),('WACCT-5d78541:189dd34aeb5:-7fb9','ACTIVE','1982','WACCT-5d78541:189dd34aeb5:-7fb9',NULL,NULL,NULL,'',48,NULL,NULL,NULL,0),('WACCT-5d78541:189dd34aeb5:-7fba','ACTIVE','1918','WACCT-5d78541:189dd34aeb5:-7fba',NULL,NULL,NULL,'',47,NULL,NULL,NULL,0),('WACCT-5d78541:189dd34aeb5:-7fbb','ACTIVE','1877','WACCT-5d78541:189dd34aeb5:-7fbb',NULL,NULL,NULL,'',46,NULL,NULL,NULL,0),('WACCT-5d78541:189dd34aeb5:-7fbc','ACTIVE','2321','WACCT-5d78541:189dd34aeb5:-7fbc',NULL,NULL,NULL,'',45,NULL,NULL,NULL,0),('WACCT-5d78541:189dd34aeb5:-7fbd','ACTIVE','1339','WACCT-5d78541:189dd34aeb5:-7fbd',NULL,NULL,NULL,'',44,NULL,NULL,NULL,0),('WACCT-5d78541:189dd34aeb5:-7fbe','ACTIVE','1338','WACCT-5d78541:189dd34aeb5:-7fbe',NULL,NULL,NULL,'',43,NULL,NULL,NULL,0),('WACCT-5d78541:189dd34aeb5:-7fbf','ACTIVE','1337','WACCT-5d78541:189dd34aeb5:-7fbf',NULL,NULL,NULL,'',42,NULL,NULL,NULL,0),('WACCT-5d78541:189dd34aeb5:-7fc0','ACTIVE','1354','WACCT-5d78541:189dd34aeb5:-7fc0',NULL,NULL,NULL,'',41,NULL,NULL,NULL,0),('WACCT-5d78541:189dd34aeb5:-7fc1','ACTIVE','1335','WACCT-5d78541:189dd34aeb5:-7fc1',NULL,NULL,NULL,'',40,NULL,NULL,NULL,0),('WACCT-5d78541:189dd34aeb5:-7fc2','ACTIVE','1336','WACCT-5d78541:189dd34aeb5:-7fc2',NULL,NULL,NULL,'',39,NULL,NULL,NULL,0),('WACCT-5d78541:189dd34aeb5:-7fc3','ACTIVE','2306','WACCT-5d78541:189dd34aeb5:-7fc3',NULL,NULL,NULL,'',38,NULL,NULL,NULL,0),('WACCT-5d78541:189dd34aeb5:-7fc4','ACTIVE','2132','WACCT-5d78541:189dd34aeb5:-7fc4',NULL,NULL,NULL,'',37,NULL,NULL,NULL,0),('WACCT-5d78541:189dd34aeb5:-7fc5','ACTIVE','2116','WACCT-5d78541:189dd34aeb5:-7fc5',NULL,NULL,NULL,'',36,NULL,NULL,NULL,0),('WACCT-5d78541:189dd34aeb5:-7fc6','ACTIVE','2281','WACCT-5d78541:189dd34aeb5:-7fc6',NULL,NULL,NULL,'',35,NULL,NULL,NULL,0),('WACCT-5d78541:189dd34aeb5:-7fc7','ACTIVE','1333','WACCT-5d78541:189dd34aeb5:-7fc7',NULL,NULL,NULL,'',34,NULL,NULL,NULL,0),('WACCT-5d78541:189dd34aeb5:-7fc8','ACTIVE','1931','WACCT-5d78541:189dd34aeb5:-7fc8',NULL,NULL,NULL,'',33,NULL,NULL,NULL,0),('WACCT-5d78541:189dd34aeb5:-7fc9','ACTIVE','2003','WACCT-5d78541:189dd34aeb5:-7fc9',NULL,NULL,NULL,'',32,NULL,NULL,NULL,0),('WACCT-5d78541:189dd34aeb5:-7fca','ACTIVE','1842','WACCT-5d78541:189dd34aeb5:-7fca',NULL,NULL,NULL,'',31,NULL,NULL,NULL,0),('WACCT-5d78541:189dd34aeb5:-7fcb','ACTIVE','1673','WACCT-5d78541:189dd34aeb5:-7fcb',NULL,NULL,NULL,'',30,NULL,NULL,NULL,0),('WACCT-5d78541:189dd34aeb5:-7fcc','ACTIVE','2111','WACCT-5d78541:189dd34aeb5:-7fcc',NULL,NULL,NULL,'',29,NULL,NULL,NULL,0),('WACCT-5d78541:189dd34aeb5:-7fcd','ACTIVE','2276','WACCT-5d78541:189dd34aeb5:-7fcd',NULL,NULL,NULL,'',28,NULL,NULL,NULL,0),('WACCT-5d78541:189dd34aeb5:-7fce','ACTIVE','2293','WACCT-5d78541:189dd34aeb5:-7fce',NULL,NULL,NULL,'',27,NULL,NULL,NULL,0),('WACCT-5d78541:189dd34aeb5:-7fcf','ACTIVE','1800','WACCT-5d78541:189dd34aeb5:-7fcf',NULL,NULL,NULL,'',26,NULL,NULL,NULL,0),('WACCT-5d78541:189dd34aeb5:-7fd1','ACTIVE','1566','WACCT-5d78541:189dd34aeb5:-7fd1',NULL,NULL,NULL,'',24,NULL,NULL,NULL,0),('WACCT-5d78541:189dd34aeb5:-7fd2','ACTIVE','1315','WACCT-5d78541:189dd34aeb5:-7fd2',NULL,NULL,NULL,'',25,NULL,NULL,NULL,0),('WACCT-5d78541:189dd34aeb5:-7fd3','ACTIVE','1314','WACCT-5d78541:189dd34aeb5:-7fd3',NULL,NULL,NULL,'',23,NULL,NULL,NULL,0),('WACCT-5d78541:189dd34aeb5:-7fd4','ACTIVE','1313','WACCT-5d78541:189dd34aeb5:-7fd4',NULL,NULL,NULL,'',22,NULL,NULL,NULL,0),('WACCT-5d78541:189dd34aeb5:-7fd5','ACTIVE','1312','WACCT-5d78541:189dd34aeb5:-7fd5',NULL,NULL,NULL,'',21,NULL,NULL,NULL,0),('WACCT-5d78541:189dd34aeb5:-7fd6','ACTIVE','2205','WACCT-5d78541:189dd34aeb5:-7fd6',NULL,NULL,NULL,'',20,NULL,NULL,NULL,0),('WACCT-5d78541:189dd34aeb5:-7fd7','ACTIVE','2364','WACCT-5d78541:189dd34aeb5:-7fd7',NULL,NULL,NULL,'',19,NULL,NULL,NULL,0),('WACCT-5d78541:189dd34aeb5:-7fd8','ACTIVE','1325','WACCT-5d78541:189dd34aeb5:-7fd8',NULL,NULL,NULL,'',18,NULL,NULL,NULL,0),('WACCT-5d78541:189dd34aeb5:-7fd9','ACTIVE','1822','WACCT-5d78541:189dd34aeb5:-7fd9',NULL,NULL,NULL,'',17,NULL,NULL,NULL,0),('WACCT-5d78541:189dd34aeb5:-7fda','ACTIVE','1322','WACCT-5d78541:189dd34aeb5:-7fda',NULL,NULL,NULL,'',16,NULL,NULL,NULL,0),('WACCT-5d78541:189dd34aeb5:-7fdb','ACTIVE','1326','WACCT-5d78541:189dd34aeb5:-7fdb',NULL,NULL,NULL,'',15,NULL,NULL,NULL,0),('WACCT-5d78541:189dd34aeb5:-7fdc','ACTIVE','1319','WACCT-5d78541:189dd34aeb5:-7fdc',NULL,NULL,NULL,'',14,NULL,NULL,NULL,0),('WACCT-5d78541:189dd34aeb5:-7fdd','ACTIVE','1318','WACCT-5d78541:189dd34aeb5:-7fdd',NULL,NULL,NULL,'',13,NULL,NULL,NULL,0),('WACCT-5d78541:189dd34aeb5:-7fde','ACTIVE','1317','WACCT-5d78541:189dd34aeb5:-7fde',NULL,NULL,NULL,'',12,NULL,NULL,NULL,0),('WACCT-5d78541:189dd34aeb5:-7fdf','ACTIVE','1316','WACCT-5d78541:189dd34aeb5:-7fdf',NULL,NULL,NULL,'',11,NULL,NULL,NULL,0),('WACCT-5d78541:189dd34aeb5:-7fe0','ACTIVE','1993','WACCT-5d78541:189dd34aeb5:-7fe0',NULL,NULL,NULL,'',10,NULL,NULL,NULL,0),('WACCT-5d78541:189dd34aeb5:-7fe1','ACTIVE','2246','WACCT-5d78541:189dd34aeb5:-7fe1',NULL,NULL,NULL,'',9,NULL,NULL,NULL,0),('WACCT-5d78541:189dd34aeb5:-7fe2','ACTIVE','1896','WACCT-5d78541:189dd34aeb5:-7fe2',NULL,NULL,NULL,'',8,NULL,NULL,NULL,0),('WACCT-5d78541:189dd34aeb5:-7fe3','ACTIVE','1708','WACCT-5d78541:189dd34aeb5:-7fe3',NULL,NULL,NULL,'',7,NULL,NULL,NULL,0),('WACCT-5d78541:189dd34aeb5:-7fe4','ACTIVE','1348','WACCT-5d78541:189dd34aeb5:-7fe4',NULL,NULL,NULL,'',6,NULL,NULL,NULL,0),('WACCT-5d78541:189dd34aeb5:-7fe5','ACTIVE','2260','WACCT-5d78541:189dd34aeb5:-7fe5',NULL,NULL,NULL,'',5,NULL,NULL,NULL,0),('WACCT-5d78541:189dd34aeb5:-7fe6','ACTIVE','1330','WACCT-5d78541:189dd34aeb5:-7fe6',NULL,NULL,NULL,'',4,NULL,NULL,NULL,0),('WACCT-5d78541:189dd34aeb5:-7fe7','ACTIVE','2320','WACCT-5d78541:189dd34aeb5:-7fe7',NULL,NULL,NULL,'',3,NULL,NULL,NULL,0),('WACCT-5d78541:189dd34aeb5:-7fe8','ACTIVE','2065','WACCT-5d78541:189dd34aeb5:-7fe8',NULL,NULL,NULL,'',2,NULL,NULL,NULL,0),('WACCT-5d78541:189dd34aeb5:-7fe9','ACTIVE','2307','WACCT-5d78541:189dd34aeb5:-7fe9',NULL,NULL,NULL,'',1,NULL,NULL,NULL,0),('WACCT-5d78541:189dd34aeb5:-7fea','ACTIVE','2327','WACCT-5d78541:189dd34aeb5:-7fea',NULL,NULL,NULL,'',47,NULL,NULL,NULL,0),('WACCT-5d78541:189dd34aeb5:-7fec','ACTIVE','1622','WACCT-5d78541:189dd34aeb5:-7fec',NULL,NULL,NULL,'',46,NULL,NULL,NULL,0),('WACCT-5d78541:189dd34aeb5:-7fed','ACTIVE','1484','WACCT-5d78541:189dd34aeb5:-7fed',NULL,NULL,NULL,'',45,NULL,NULL,NULL,0),('WACCT-5d78541:189dd34aeb5:-7fee','ACTIVE','1485','WACCT-5d78541:189dd34aeb5:-7fee',NULL,NULL,NULL,'',44,NULL,NULL,NULL,0),('WACCT-5d78541:189dd34aeb5:-7fef','ACTIVE','2232','WACCT-5d78541:189dd34aeb5:-7fef',NULL,NULL,NULL,'',43,NULL,NULL,NULL,0),('WACCT-5d78541:189dd34aeb5:-7ff0','ACTIVE','1486','WACCT-5d78541:189dd34aeb5:-7ff0',NULL,NULL,NULL,'',42,NULL,NULL,NULL,0),('WACCT-5d78541:189dd34aeb5:-7ff1','ACTIVE','2154','WACCT-5d78541:189dd34aeb5:-7ff1',NULL,NULL,NULL,'',41,NULL,NULL,NULL,0),('WACCT-5d78541:189dd34aeb5:-7ff2','ACTIVE','2012','WACCT-5d78541:189dd34aeb5:-7ff2',NULL,NULL,NULL,'',40,NULL,NULL,NULL,0),('WACCT-5d78541:189dd34aeb5:-7ff3','ACTIVE','1487','WACCT-5d78541:189dd34aeb5:-7ff3',NULL,NULL,NULL,'',39,NULL,NULL,NULL,0),('WACCT-5d78541:189dd34aeb5:-7ff4','ACTIVE','1488','WACCT-5d78541:189dd34aeb5:-7ff4',NULL,NULL,NULL,'',38,NULL,NULL,NULL,0),('WACCT-5d78541:189dd34aeb5:-7ff5','ACTIVE','1697','WACCT-5d78541:189dd34aeb5:-7ff5',NULL,NULL,NULL,'',37,NULL,NULL,NULL,0),('WACCT-5d78541:189dd34aeb5:-7ff6','ACTIVE','2024','WACCT-5d78541:189dd34aeb5:-7ff6',NULL,NULL,NULL,'',36,NULL,NULL,NULL,0),('WACCT-5d78541:189dd34aeb5:-7ff7','ACTIVE','2115','WACCT-5d78541:189dd34aeb5:-7ff7',NULL,NULL,NULL,'',35,NULL,NULL,NULL,0),('WACCT-5d78541:189dd34aeb5:-7ff8','ACTIVE','2021','WACCT-5d78541:189dd34aeb5:-7ff8',NULL,NULL,NULL,'',34,NULL,NULL,NULL,0),('WACCT-5d78541:189dd34aeb5:-7ff9','ACTIVE','2366','WACCT-5d78541:189dd34aeb5:-7ff9',NULL,NULL,NULL,'',33,NULL,NULL,NULL,0),('WACCT-5d78541:189dd34aeb5:-7ffa','ACTIVE','2356','WACCT-5d78541:189dd34aeb5:-7ffa',NULL,NULL,NULL,'',32,NULL,NULL,NULL,0),('WACCT-5d78541:189dd34aeb5:-7ffb','ACTIVE','2262','WACCT-5d78541:189dd34aeb5:-7ffb',NULL,NULL,NULL,'',31,NULL,NULL,NULL,0),('WACCT-5d78541:189dd34aeb5:-7ffc','ACTIVE','1478','WACCT-5d78541:189dd34aeb5:-7ffc',NULL,NULL,NULL,'',30,NULL,NULL,NULL,0),('WACCT-5d78541:189dd34aeb5:-7ffd','ACTIVE','1481','WACCT-5d78541:189dd34aeb5:-7ffd',NULL,NULL,NULL,'',29,NULL,NULL,NULL,0),('WACCT-5d78541:189dd34aeb5:-7ffe','ACTIVE','1482','WACCT-5d78541:189dd34aeb5:-7ffe',NULL,NULL,NULL,'',28,NULL,NULL,NULL,0),('WACCT-5d78541:189dd34aeb5:-7fff','ACTIVE','1700','WACCT-5d78541:189dd34aeb5:-7fff',NULL,NULL,NULL,'',27,NULL,NULL,NULL,0),('WACCT-5d78541:189dd34aeb5:-8000','ACTIVE','1480','WACCT-5d78541:189dd34aeb5:-8000',NULL,NULL,NULL,'',26,NULL,NULL,NULL,0),('WACCT-5f2287b5:18a1b111382:-7f90','ACTIVE','723','WACCT-5f2287b5:18a1b111382:-7f90',NULL,NULL,NULL,'',7,NULL,NULL,NULL,0),('WACCT-5f2287b5:18a1b111382:-7f91','ACTIVE','722','WACCT-5f2287b5:18a1b111382:-7f91',NULL,NULL,NULL,'',6,NULL,NULL,NULL,0),('WACCT-5f2287b5:18a1b111382:-7f92','ACTIVE','721','WACCT-5f2287b5:18a1b111382:-7f92',NULL,NULL,NULL,'',5,NULL,NULL,NULL,0),('WACCT-5f2287b5:18a1b111382:-7f93','ACTIVE','2267','WACCT-5f2287b5:18a1b111382:-7f93',NULL,NULL,NULL,'',4,NULL,NULL,NULL,0),('WACCT-5f2287b5:18a1b111382:-7f94','ACTIVE','2062','WACCT-5f2287b5:18a1b111382:-7f94',NULL,NULL,NULL,'',3,NULL,NULL,NULL,0),('WACCT-5f2287b5:18a1b111382:-7f95','ACTIVE','2187','WACCT-5f2287b5:18a1b111382:-7f95',NULL,NULL,NULL,'',2,NULL,NULL,NULL,0),('WACCT-5f2287b5:18a1b111382:-7f97','ACTIVE','2133','WACCT-5f2287b5:18a1b111382:-7f97',NULL,NULL,NULL,'',1,NULL,NULL,NULL,0),('WACCT-5f2287b5:18a1b111382:-7f98','ACTIVE','2380','WACCT-5f2287b5:18a1b111382:-7f98',NULL,NULL,NULL,'',33,NULL,NULL,NULL,0),('WACCT-5f2287b5:18a1b111382:-7f99','ACTIVE','2328','WACCT-5f2287b5:18a1b111382:-7f99',NULL,NULL,NULL,'',131,NULL,NULL,NULL,0),('WACCT-5f2287b5:18a1b111382:-7f9a','ACTIVE','2226','WACCT-5f2287b5:18a1b111382:-7f9a',NULL,NULL,NULL,'',133,NULL,NULL,NULL,0),('WACCT-5f2287b5:18a1b111382:-7f9b','ACTIVE','2160','WACCT-5f2287b5:18a1b111382:-7f9b',NULL,NULL,NULL,'',130,NULL,NULL,NULL,0),('WACCT-5f2287b5:18a1b111382:-7f9c','ACTIVE','321','WACCT-5f2287b5:18a1b111382:-7f9c',NULL,NULL,NULL,'',129,NULL,NULL,NULL,0),('WACCT-5f2287b5:18a1b111382:-7f9d','ACTIVE','320','WACCT-5f2287b5:18a1b111382:-7f9d',NULL,NULL,NULL,'',128,NULL,NULL,NULL,0),('WACCT-5f2287b5:18a1b111382:-7f9e','ACTIVE','1977','WACCT-5f2287b5:18a1b111382:-7f9e',NULL,NULL,NULL,'',127,NULL,NULL,NULL,0),('WACCT-5f2287b5:18a1b111382:-7f9f','ACTIVE','1756','WACCT-5f2287b5:18a1b111382:-7f9f',NULL,NULL,NULL,'',126,NULL,NULL,NULL,0),('WACCT-5f2287b5:18a1b111382:-7fa0','ACTIVE','319','WACCT-5f2287b5:18a1b111382:-7fa0',NULL,NULL,NULL,'',125,NULL,NULL,NULL,0),('WACCT-5f2287b5:18a1b111382:-7fa1','ACTIVE','318','WACCT-5f2287b5:18a1b111382:-7fa1',NULL,NULL,NULL,'',124,NULL,NULL,NULL,0),('WACCT-5f2287b5:18a1b111382:-7fa2','ACTIVE','317','WACCT-5f2287b5:18a1b111382:-7fa2',NULL,NULL,NULL,'',123,NULL,NULL,NULL,0),('WACCT-5f2287b5:18a1b111382:-7fa3','ACTIVE','316','WACCT-5f2287b5:18a1b111382:-7fa3',NULL,NULL,NULL,'',122,NULL,NULL,NULL,0),('WACCT-5f2287b5:18a1b111382:-7fa4','ACTIVE','315','WACCT-5f2287b5:18a1b111382:-7fa4',NULL,NULL,NULL,'',121,NULL,NULL,NULL,0),('WACCT-5f2287b5:18a1b111382:-7fa5','ACTIVE','2138','WACCT-5f2287b5:18a1b111382:-7fa5',NULL,NULL,NULL,'',120,NULL,NULL,NULL,0),('WACCT-6af7e488:18a725a15a2:-7fae','ACTIVE','1571','WACCT-6af7e488:18a725a15a2:-7fae',NULL,NULL,NULL,'',113,NULL,NULL,NULL,0),('WACCT-6af7e488:18a725a15a2:-7faf','ACTIVE','830','WACCT-6af7e488:18a725a15a2:-7faf',NULL,NULL,NULL,'',112,NULL,NULL,NULL,0),('WACCT-6af7e488:18a725a15a2:-7fb0','ACTIVE','1805','WACCT-6af7e488:18a725a15a2:-7fb0',NULL,NULL,NULL,'',111,NULL,NULL,NULL,0),('WACCT-6af7e488:18a725a15a2:-7fb1','ACTIVE','829','WACCT-6af7e488:18a725a15a2:-7fb1',NULL,NULL,NULL,'',110,NULL,NULL,NULL,0),('WACCT-6af7e488:18a725a15a2:-7fb2','ACTIVE','1960','WACCT-6af7e488:18a725a15a2:-7fb2',NULL,NULL,NULL,'',109,NULL,NULL,NULL,0),('WACCT-6af7e488:18a725a15a2:-7fb3','ACTIVE','2326','WACCT-6af7e488:18a725a15a2:-7fb3',NULL,NULL,NULL,'',109,NULL,NULL,NULL,0),('WACCT-6af7e488:18a725a15a2:-7fb4','ACTIVE','2336','WACCT-6af7e488:18a725a15a2:-7fb4',NULL,NULL,NULL,'',109,NULL,NULL,NULL,0),('WACCT-6af7e488:18a725a15a2:-7fb7','ACTIVE','2371','WACCT-6af7e488:18a725a15a2:-7fb7',NULL,NULL,NULL,'',108,NULL,NULL,NULL,0),('WACCT-6af7e488:18a725a15a2:-7fb8','ACTIVE','1939','WACCT-6af7e488:18a725a15a2:-7fb8',NULL,NULL,NULL,'',107,NULL,NULL,NULL,0),('WACCT-6af7e488:18a725a15a2:-7fb9','ACTIVE','828','WACCT-6af7e488:18a725a15a2:-7fb9',NULL,NULL,NULL,'',106,NULL,NULL,NULL,0),('WACCT-6af7e488:18a725a15a2:-7fba','ACTIVE','2339','WACCT-6af7e488:18a725a15a2:-7fba',NULL,NULL,NULL,'',105,NULL,NULL,NULL,0),('WACCT-6af7e488:18a725a15a2:-7fbb','ACTIVE','1641','WACCT-6af7e488:18a725a15a2:-7fbb',NULL,NULL,NULL,'',104,NULL,NULL,NULL,0),('WACCT-6af7e488:18a725a15a2:-7fbc','ACTIVE','826','WACCT-6af7e488:18a725a15a2:-7fbc',NULL,NULL,NULL,'',103,NULL,NULL,NULL,0),('WACCT-6af7e488:18a725a15a2:-7fbd','ACTIVE','2055','WACCT-6af7e488:18a725a15a2:-7fbd',NULL,NULL,NULL,'',102,NULL,NULL,NULL,0),('WACCT-6af7e488:18a725a15a2:-7fbe','ACTIVE','823','WACCT-6af7e488:18a725a15a2:-7fbe',NULL,NULL,NULL,'',104,NULL,NULL,NULL,0),('WACCT-6af7e488:18a725a15a2:-7fbf','ACTIVE','822','WACCT-6af7e488:18a725a15a2:-7fbf',NULL,NULL,NULL,'',102,NULL,NULL,NULL,0),('WACCT-6af7e488:18a725a15a2:-7fc0','ACTIVE','821','WACCT-6af7e488:18a725a15a2:-7fc0',NULL,NULL,NULL,'',101,NULL,NULL,NULL,0),('WACCT-6af7e488:18a725a15a2:-7fc1','ACTIVE','820','WACCT-6af7e488:18a725a15a2:-7fc1',NULL,NULL,NULL,'',100,NULL,NULL,NULL,0),('WACCT-6af7e488:18a725a15a2:-7fc2','ACTIVE','819','WACCT-6af7e488:18a725a15a2:-7fc2',NULL,NULL,NULL,'',99,NULL,NULL,NULL,0),('WACCT-6af7e488:18a725a15a2:-7fc3','ACTIVE','818','WACCT-6af7e488:18a725a15a2:-7fc3',NULL,NULL,NULL,'',98,NULL,NULL,NULL,0),('WACCT-6af7e488:18a725a15a2:-7fc4','ACTIVE','1843','WACCT-6af7e488:18a725a15a2:-7fc4',NULL,NULL,NULL,'',98,NULL,NULL,NULL,0),('WACCT-6af7e488:18a725a15a2:-7fc6','ACTIVE','816','WACCT-6af7e488:18a725a15a2:-7fc6',NULL,NULL,NULL,'',97,NULL,NULL,NULL,0),('WACCT-6af7e488:18a725a15a2:-7fc7','ACTIVE','815','WACCT-6af7e488:18a725a15a2:-7fc7',NULL,NULL,NULL,'',96,NULL,NULL,NULL,0),('WACCT-6af7e488:18a725a15a2:-7fc8','ACTIVE','814','WACCT-6af7e488:18a725a15a2:-7fc8',NULL,NULL,NULL,'',96,NULL,NULL,NULL,0),('WACCT-6af7e488:18a725a15a2:-7fc9','ACTIVE','1798','WACCT-6af7e488:18a725a15a2:-7fc9',NULL,NULL,NULL,'',95,NULL,NULL,NULL,0),('WACCT-6af7e488:18a725a15a2:-7fca','ACTIVE','813','WACCT-6af7e488:18a725a15a2:-7fca',NULL,NULL,NULL,'',94,NULL,NULL,NULL,0),('WACCT-6af7e488:18a725a15a2:-7fcb','ACTIVE','812','WACCT-6af7e488:18a725a15a2:-7fcb',NULL,NULL,NULL,'',93,NULL,NULL,NULL,0),('WACCT-6af7e488:18a725a15a2:-7fcc','ACTIVE','811','WACCT-6af7e488:18a725a15a2:-7fcc',NULL,NULL,NULL,'',92,NULL,NULL,NULL,0),('WACCT-6af7e488:18a725a15a2:-7fcd','ACTIVE','810','WACCT-6af7e488:18a725a15a2:-7fcd',NULL,NULL,NULL,'',92,NULL,NULL,NULL,0),('WACCT-6af7e488:18a725a15a2:-7fce','ACTIVE','809','WACCT-6af7e488:18a725a15a2:-7fce',NULL,NULL,NULL,'',91,NULL,NULL,NULL,0),('WACCT-6af7e488:18a725a15a2:-7fcf','ACTIVE','1701','WACCT-6af7e488:18a725a15a2:-7fcf',NULL,NULL,NULL,'',90,NULL,NULL,NULL,0),('WACCT-6af7e488:18a725a15a2:-7fd0','ACTIVE','808','WACCT-6af7e488:18a725a15a2:-7fd0',NULL,NULL,NULL,'',89,NULL,NULL,NULL,0),('WACCT-6af7e488:18a725a15a2:-7fd1','ACTIVE','1738','WACCT-6af7e488:18a725a15a2:-7fd1',NULL,NULL,NULL,'',88,NULL,NULL,NULL,0),('WACCT-6af7e488:18a725a15a2:-7fd2','ACTIVE','806','WACCT-6af7e488:18a725a15a2:-7fd2',NULL,NULL,NULL,'',88,NULL,NULL,NULL,0),('WACCT-6af7e488:18a725a15a2:-7fd3','ACTIVE','1751','WACCT-6af7e488:18a725a15a2:-7fd3',NULL,NULL,NULL,'',87,NULL,NULL,NULL,0),('WACCT-6af7e488:18a725a15a2:-7fd4','ACTIVE','804','WACCT-6af7e488:18a725a15a2:-7fd4',NULL,NULL,NULL,'',86,NULL,NULL,NULL,0),('WACCT-6af7e488:18a725a15a2:-7fd5','ACTIVE','803','WACCT-6af7e488:18a725a15a2:-7fd5',NULL,NULL,NULL,'',86,NULL,NULL,NULL,0),('WACCT-6af7e488:18a725a15a2:-7fd6','ACTIVE','801','WACCT-6af7e488:18a725a15a2:-7fd6',NULL,NULL,NULL,'',85,NULL,NULL,NULL,0),('WACCT-6af7e488:18a725a15a2:-7fd7','ACTIVE','802','WACCT-6af7e488:18a725a15a2:-7fd7',NULL,NULL,NULL,'',84,NULL,NULL,NULL,0),('WACCT-6af7e488:18a725a15a2:-7fd8','ACTIVE','2309','WACCT-6af7e488:18a725a15a2:-7fd8',NULL,NULL,NULL,'',85,NULL,NULL,NULL,0),('WACCT-6af7e488:18a725a15a2:-7fd9','ACTIVE','2268','WACCT-6af7e488:18a725a15a2:-7fd9',NULL,NULL,NULL,'',84,NULL,NULL,NULL,0),('WACCT-6af7e488:18a725a15a2:-7fda','ACTIVE','800','WACCT-6af7e488:18a725a15a2:-7fda',NULL,NULL,NULL,'',83,NULL,NULL,NULL,0),('WACCT-6af7e488:18a725a15a2:-7fdb','ACTIVE','798','WACCT-6af7e488:18a725a15a2:-7fdb',NULL,NULL,NULL,'',82,NULL,NULL,NULL,0),('WACCT-6af7e488:18a725a15a2:-7fdc','ACTIVE','797','WACCT-6af7e488:18a725a15a2:-7fdc',NULL,NULL,NULL,'',82,NULL,NULL,NULL,0),('WACCT-6af7e488:18a725a15a2:-7fdd','ACTIVE','799','WACCT-6af7e488:18a725a15a2:-7fdd',NULL,NULL,NULL,'',81,NULL,NULL,NULL,0),('WACCT-6af7e488:18a725a15a2:-7fde','ACTIVE','796','WACCT-6af7e488:18a725a15a2:-7fde',NULL,NULL,NULL,'',80,NULL,NULL,NULL,0),('WACCT-6af7e488:18a725a15a2:-7fdf','ACTIVE','2341','WACCT-6af7e488:18a725a15a2:-7fdf',NULL,NULL,NULL,'',78,NULL,NULL,NULL,0),('WACCT-6af7e488:18a725a15a2:-7fe0','ACTIVE','765','WACCT-6af7e488:18a725a15a2:-7fe0',NULL,NULL,NULL,'',78,NULL,NULL,NULL,0),('WACCT-6af7e488:18a725a15a2:-7fe1','ACTIVE','794','WACCT-6af7e488:18a725a15a2:-7fe1',NULL,NULL,NULL,'',77,NULL,NULL,NULL,0),('WACCT-6af7e488:18a725a15a2:-7fe2','ACTIVE','791','WACCT-6af7e488:18a725a15a2:-7fe2',NULL,NULL,NULL,'',77,NULL,NULL,NULL,0),('WACCT-6af7e488:18a725a15a2:-7fe3','ACTIVE','790','WACCT-6af7e488:18a725a15a2:-7fe3',NULL,NULL,NULL,'',76,NULL,NULL,NULL,0),('WACCT-6af7e488:18a725a15a2:-7fe4','ACTIVE','789','WACCT-6af7e488:18a725a15a2:-7fe4',NULL,NULL,NULL,'',76,NULL,NULL,NULL,0),('WACCT-6af7e488:18a725a15a2:-7fe5','ACTIVE','2218','WACCT-6af7e488:18a725a15a2:-7fe5',NULL,NULL,NULL,'',75,NULL,NULL,NULL,0),('WACCT-6af7e488:18a725a15a2:-7fe6','ACTIVE','787','WACCT-6af7e488:18a725a15a2:-7fe6',NULL,NULL,NULL,'',77,NULL,NULL,NULL,0),('WACCT-6af7e488:18a725a15a2:-7fe7','ACTIVE','786','WACCT-6af7e488:18a725a15a2:-7fe7',NULL,NULL,NULL,'',76,NULL,NULL,NULL,0),('WACCT-6af7e488:18a725a15a2:-7fe8','ACTIVE','788','WACCT-6af7e488:18a725a15a2:-7fe8',NULL,NULL,NULL,'',75,NULL,NULL,NULL,0),('WACCT-6af7e488:18a725a15a2:-7fe9','ACTIVE','2008','WACCT-6af7e488:18a725a15a2:-7fe9',NULL,NULL,NULL,'',74,NULL,NULL,NULL,0),('WACCT-6af7e488:18a725a15a2:-7fea','ACTIVE','2325','WACCT-6af7e488:18a725a15a2:-7fea',NULL,NULL,NULL,'',73,NULL,NULL,NULL,0),('WACCT-6af7e488:18a725a15a2:-7feb','ACTIVE','785','WACCT-6af7e488:18a725a15a2:-7feb',NULL,NULL,NULL,'',72,NULL,NULL,NULL,0),('WACCT-6af7e488:18a725a15a2:-7fec','ACTIVE','1806','WACCT-6af7e488:18a725a15a2:-7fec',NULL,NULL,NULL,'',71,NULL,NULL,NULL,0),('WACCT-6af7e488:18a725a15a2:-7fed','ACTIVE','781','WACCT-6af7e488:18a725a15a2:-7fed',NULL,NULL,NULL,'',70,NULL,NULL,NULL,0),('WACCT-6af7e488:18a725a15a2:-7fee','ACTIVE','780','WACCT-6af7e488:18a725a15a2:-7fee',NULL,NULL,NULL,'',66,NULL,NULL,NULL,0),('WACCT-6af7e488:18a725a15a2:-7fef','ACTIVE','777','WACCT-6af7e488:18a725a15a2:-7fef',NULL,NULL,NULL,'',65,NULL,NULL,NULL,0),('WACCT-6af7e488:18a725a15a2:-7ff0','ACTIVE','778','WACCT-6af7e488:18a725a15a2:-7ff0',NULL,NULL,NULL,'',64,NULL,NULL,NULL,0),('WACCT-6af7e488:18a725a15a2:-7ff1','ACTIVE','1989','WACCT-6af7e488:18a725a15a2:-7ff1',NULL,NULL,NULL,'',63,NULL,NULL,NULL,0),('WACCT-6af7e488:18a725a15a2:-7ff2','ACTIVE','779','WACCT-6af7e488:18a725a15a2:-7ff2',NULL,NULL,NULL,'',62,NULL,NULL,NULL,0),('WACCT-6af7e488:18a725a15a2:-7ff3','ACTIVE','1820','WACCT-6af7e488:18a725a15a2:-7ff3',NULL,NULL,NULL,'',62,NULL,NULL,NULL,0),('WACCT-6af7e488:18a725a15a2:-7ff4','ACTIVE','1987','WACCT-6af7e488:18a725a15a2:-7ff4',NULL,NULL,NULL,'',62,NULL,NULL,NULL,0),('WACCT-6af7e488:18a725a15a2:-7ff5','ACTIVE','2229','WACCT-6af7e488:18a725a15a2:-7ff5',NULL,NULL,NULL,'',61,NULL,NULL,NULL,0),('WACCT-6af7e488:18a725a15a2:-7ff6','ACTIVE','1689','WACCT-6af7e488:18a725a15a2:-7ff6',NULL,NULL,NULL,'',59,NULL,NULL,NULL,0),('WACCT-6af7e488:18a725a15a2:-7ff7','ACTIVE','776','WACCT-6af7e488:18a725a15a2:-7ff7',NULL,NULL,NULL,'',58,NULL,NULL,NULL,0),('WACCT-6af7e488:18a725a15a2:-7ff8','ACTIVE','775','WACCT-6af7e488:18a725a15a2:-7ff8',NULL,NULL,NULL,'',57,NULL,NULL,NULL,0),('WACCT-6af7e488:18a725a15a2:-7ff9','ACTIVE','774','WACCT-6af7e488:18a725a15a2:-7ff9',NULL,NULL,NULL,'',56,NULL,NULL,NULL,0),('WACCT-6af7e488:18a725a15a2:-7ffa','ACTIVE','773','WACCT-6af7e488:18a725a15a2:-7ffa',NULL,NULL,NULL,'',55,NULL,NULL,NULL,0),('WACCT-6af7e488:18a725a15a2:-7ffb','ACTIVE','1869','WACCT-6af7e488:18a725a15a2:-7ffb',NULL,NULL,NULL,'',54,NULL,NULL,NULL,0),('WACCT-6af7e488:18a725a15a2:-7ffc','ACTIVE','772','WACCT-6af7e488:18a725a15a2:-7ffc',NULL,NULL,NULL,'',53,NULL,NULL,NULL,0),('WACCT-6af7e488:18a725a15a2:-7ffd','ACTIVE','2219','WACCT-6af7e488:18a725a15a2:-7ffd',NULL,NULL,NULL,'',53,NULL,NULL,NULL,0),('WACCT-6af7e488:18a725a15a2:-7ffe','ACTIVE','771','WACCT-6af7e488:18a725a15a2:-7ffe',NULL,NULL,NULL,'',52,NULL,NULL,NULL,0),('WACCT-71354bce:189f6f8c594:-7f05','ACTIVE','2068','WACCT-71354bce:189f6f8c594:-7f05',NULL,NULL,NULL,'',26,NULL,NULL,NULL,0),('WACCT-71354bce:189f6f8c594:-7f06','ACTIVE','2067','WACCT-71354bce:189f6f8c594:-7f06',NULL,NULL,NULL,'',25,NULL,NULL,NULL,0),('WACCT-71354bce:189f6f8c594:-7f07','ACTIVE','2009','WACCT-71354bce:189f6f8c594:-7f07',NULL,NULL,NULL,'',24,NULL,NULL,NULL,0),('WACCT-71354bce:189f6f8c594:-7f08','ACTIVE','1272','WACCT-71354bce:189f6f8c594:-7f08',NULL,NULL,NULL,'',23,NULL,NULL,NULL,0),('WACCT-71354bce:189f6f8c594:-7f09','ACTIVE','1273','WACCT-71354bce:189f6f8c594:-7f09',NULL,NULL,NULL,'',22,NULL,NULL,NULL,0),('WACCT-71354bce:189f6f8c594:-7f0a','ACTIVE','1274','WACCT-71354bce:189f6f8c594:-7f0a',NULL,NULL,NULL,'',21,NULL,NULL,NULL,0),('WACCT-71354bce:189f6f8c594:-7f0c','ACTIVE','1275','WACCT-71354bce:189f6f8c594:-7f0c',NULL,NULL,NULL,'',19,NULL,NULL,NULL,0),('WACCT-71354bce:189f6f8c594:-7f0d','ACTIVE','1504','WACCT-71354bce:189f6f8c594:-7f0d',NULL,NULL,NULL,'',19,NULL,NULL,NULL,0),('WACCT-71354bce:189f6f8c594:-7f0e','ACTIVE','2125','WACCT-71354bce:189f6f8c594:-7f0e',NULL,NULL,NULL,'',18,NULL,NULL,NULL,0),('WACCT-71354bce:189f6f8c594:-7f0f','ACTIVE','1276','WACCT-71354bce:189f6f8c594:-7f0f',NULL,NULL,NULL,'',17,NULL,NULL,NULL,0),('WACCT-71354bce:189f6f8c594:-7f10','ACTIVE','1277','WACCT-71354bce:189f6f8c594:-7f10',NULL,NULL,NULL,'',16,NULL,NULL,NULL,0),('WACCT-71354bce:189f6f8c594:-7f11','ACTIVE','1541','WACCT-71354bce:189f6f8c594:-7f11',NULL,NULL,NULL,'',15,NULL,NULL,NULL,0),('WACCT-71354bce:189f6f8c594:-7f12','ACTIVE','1498','WACCT-71354bce:189f6f8c594:-7f12',NULL,NULL,NULL,'',14,NULL,NULL,NULL,0),('WACCT-71354bce:189f6f8c594:-7f13','ACTIVE','1289','WACCT-71354bce:189f6f8c594:-7f13',NULL,NULL,NULL,'',13,NULL,NULL,NULL,0),('WACCT-71354bce:189f6f8c594:-7f14','ACTIVE','1473','WACCT-71354bce:189f6f8c594:-7f14',NULL,NULL,NULL,'',12,NULL,NULL,NULL,0),('WACCT-71354bce:189f6f8c594:-7f15','ACTIVE','1290','WACCT-71354bce:189f6f8c594:-7f15',NULL,NULL,NULL,'',11,NULL,NULL,NULL,0),('WACCT-71354bce:189f6f8c594:-7f16','ACTIVE','1291','WACCT-71354bce:189f6f8c594:-7f16',NULL,NULL,NULL,'',10,NULL,NULL,NULL,0),('WACCT-71354bce:189f6f8c594:-7f17','ACTIVE','1292','WACCT-71354bce:189f6f8c594:-7f17',NULL,NULL,NULL,'',9,NULL,NULL,NULL,0),('WACCT-71354bce:189f6f8c594:-7f18','ACTIVE','1298','WACCT-71354bce:189f6f8c594:-7f18',NULL,NULL,NULL,'',8,NULL,NULL,NULL,0),('WACCT-71354bce:189f6f8c594:-7f19','ACTIVE','1299','WACCT-71354bce:189f6f8c594:-7f19',NULL,NULL,NULL,'',7,NULL,NULL,NULL,0),('WACCT-71354bce:189f6f8c594:-7f1a','ACTIVE','1300','WACCT-71354bce:189f6f8c594:-7f1a',NULL,NULL,NULL,'',6,NULL,NULL,NULL,0),('WACCT-71354bce:189f6f8c594:-7f1b','ACTIVE','1303','WACCT-71354bce:189f6f8c594:-7f1b',NULL,NULL,NULL,'',5,NULL,NULL,NULL,0),('WACCT-71354bce:189f6f8c594:-7f1c','ACTIVE','1301','WACCT-71354bce:189f6f8c594:-7f1c',NULL,NULL,NULL,'',4,NULL,NULL,NULL,0),('WACCT-71354bce:189f6f8c594:-7f1d','ACTIVE','1302','WACCT-71354bce:189f6f8c594:-7f1d',NULL,NULL,NULL,'',3,NULL,NULL,NULL,0),('WACCT-71354bce:189f6f8c594:-7f1e','ACTIVE','1304','WACCT-71354bce:189f6f8c594:-7f1e',NULL,NULL,NULL,'',2,NULL,NULL,NULL,0),('WACCT-71354bce:189f6f8c594:-7f1f','ACTIVE','1305','WACCT-71354bce:189f6f8c594:-7f1f',NULL,NULL,NULL,'',1,NULL,NULL,NULL,0),('WACCT-71354bce:189f6f8c594:-7f20','ACTIVE','2263','WACCT-71354bce:189f6f8c594:-7f20',NULL,NULL,NULL,'',45,NULL,NULL,NULL,0),('WACCT-71354bce:189f6f8c594:-7f21','ACTIVE','2317','WACCT-71354bce:189f6f8c594:-7f21',NULL,NULL,NULL,'',44,NULL,NULL,NULL,0),('WACCT-71354bce:189f6f8c594:-7f22','ACTIVE','2150','WACCT-71354bce:189f6f8c594:-7f22',NULL,NULL,NULL,'',43,NULL,NULL,NULL,0),('WACCT-71354bce:189f6f8c594:-7f23','ACTIVE','2018','WACCT-71354bce:189f6f8c594:-7f23',NULL,NULL,NULL,'',42,NULL,NULL,NULL,0),('WACCT-71354bce:189f6f8c594:-7f24','ACTIVE','2124','WACCT-71354bce:189f6f8c594:-7f24',NULL,NULL,NULL,'',41,NULL,NULL,NULL,0),('WACCT-71354bce:189f6f8c594:-7f25','ACTIVE','1817','WACCT-71354bce:189f6f8c594:-7f25',NULL,NULL,NULL,'',40,NULL,NULL,NULL,0),('WACCT-71354bce:189f6f8c594:-7f26','ACTIVE','1766','WACCT-71354bce:189f6f8c594:-7f26',NULL,NULL,NULL,'',39,NULL,NULL,NULL,0),('WACCT-71354bce:189f6f8c594:-7f27','ACTIVE','1311','WACCT-71354bce:189f6f8c594:-7f27',NULL,NULL,NULL,'',38,NULL,NULL,NULL,0),('WACCT-71354bce:189f6f8c594:-7f28','ACTIVE','1587','WACCT-71354bce:189f6f8c594:-7f28',NULL,NULL,NULL,'',37,NULL,NULL,NULL,0),('WACCT-71354bce:189f6f8c594:-7f29','ACTIVE','1309','WACCT-71354bce:189f6f8c594:-7f29',NULL,NULL,NULL,'',36,NULL,NULL,NULL,0),('WACCT-71354bce:189f6f8c594:-7f2a','ACTIVE','1308','WACCT-71354bce:189f6f8c594:-7f2a',NULL,NULL,NULL,'',35,NULL,NULL,NULL,0),('WACCT-71354bce:189f6f8c594:-7f2b','ACTIVE','1307','WACCT-71354bce:189f6f8c594:-7f2b',NULL,NULL,NULL,'',34,NULL,NULL,NULL,0),('WACCT-71354bce:189f6f8c594:-7f2c','ACTIVE','1306','WACCT-71354bce:189f6f8c594:-7f2c',NULL,NULL,NULL,'',33,NULL,NULL,NULL,0),('WACCT-71354bce:189f6f8c594:-7f2d','ACTIVE','1580','WACCT-71354bce:189f6f8c594:-7f2d',NULL,NULL,NULL,'',32,NULL,NULL,NULL,0),('WACCT-71354bce:189f6f8c594:-7f2e','ACTIVE','1296','WACCT-71354bce:189f6f8c594:-7f2e',NULL,NULL,NULL,'',31,NULL,NULL,NULL,0),('WACCT-71354bce:189f6f8c594:-7f2f','ACTIVE','1295','WACCT-71354bce:189f6f8c594:-7f2f',NULL,NULL,NULL,'',30,NULL,NULL,NULL,0),('WACCT-71354bce:189f6f8c594:-7f30','ACTIVE','1294','WACCT-71354bce:189f6f8c594:-7f30',NULL,NULL,NULL,'',29,NULL,NULL,NULL,0),('WACCT-71354bce:189f6f8c594:-7f31','ACTIVE','1933','WACCT-71354bce:189f6f8c594:-7f31',NULL,NULL,NULL,'',28,NULL,NULL,NULL,0),('WACCT-71354bce:189f6f8c594:-7f32','ACTIVE','1293','WACCT-71354bce:189f6f8c594:-7f32',NULL,NULL,NULL,'',27,NULL,NULL,NULL,0),('WACCT-71354bce:189f6f8c594:-7f33','ACTIVE','1288','WACCT-71354bce:189f6f8c594:-7f33',NULL,NULL,NULL,'',26,NULL,NULL,NULL,0),('WACCT-71354bce:189f6f8c594:-7f34','ACTIVE','1286','WACCT-71354bce:189f6f8c594:-7f34',NULL,NULL,NULL,'',25,NULL,NULL,NULL,0),('WACCT-71354bce:189f6f8c594:-7f35','ACTIVE','1285','WACCT-71354bce:189f6f8c594:-7f35',NULL,NULL,NULL,'',24,NULL,NULL,NULL,0),('WACCT-71354bce:189f6f8c594:-7f36','ACTIVE','2152','WACCT-71354bce:189f6f8c594:-7f36',NULL,NULL,NULL,'',23,NULL,NULL,NULL,0),('WACCT-71354bce:189f6f8c594:-7f37','ACTIVE','1284','WACCT-71354bce:189f6f8c594:-7f37',NULL,NULL,NULL,'',22,NULL,NULL,NULL,0),('WACCT-71354bce:189f6f8c594:-7f38','ACTIVE','1634','WACCT-71354bce:189f6f8c594:-7f38',NULL,NULL,NULL,'',21,NULL,NULL,NULL,0),('WACCT-71354bce:189f6f8c594:-7f39','ACTIVE','1283','WACCT-71354bce:189f6f8c594:-7f39',NULL,NULL,NULL,'',20,NULL,NULL,NULL,0),('WACCT-71354bce:189f6f8c594:-7f3a','ACTIVE','1282','WACCT-71354bce:189f6f8c594:-7f3a',NULL,NULL,NULL,'',19,NULL,NULL,NULL,0),('WACCT-71354bce:189f6f8c594:-7f3b','ACTIVE','1281','WACCT-71354bce:189f6f8c594:-7f3b',NULL,NULL,NULL,'',18,NULL,NULL,NULL,0),('WACCT-71354bce:189f6f8c594:-7f3c','ACTIVE','1280','WACCT-71354bce:189f6f8c594:-7f3c',NULL,NULL,NULL,'',17,NULL,NULL,NULL,0),('WACCT-71354bce:189f6f8c594:-7f3d','ACTIVE','1279','WACCT-71354bce:189f6f8c594:-7f3d',NULL,NULL,NULL,'',16,NULL,NULL,NULL,0),('WACCT-71354bce:189f6f8c594:-7f3e','ACTIVE','1271','WACCT-71354bce:189f6f8c594:-7f3e',NULL,NULL,NULL,'',15,NULL,NULL,NULL,0),('WACCT-71354bce:189f6f8c594:-7f3f','ACTIVE','1269','WACCT-71354bce:189f6f8c594:-7f3f',NULL,NULL,NULL,'',14,NULL,NULL,NULL,0),('WACCT-71354bce:189f6f8c594:-7f40','ACTIVE','1563','WACCT-71354bce:189f6f8c594:-7f40',NULL,NULL,NULL,'',13,NULL,NULL,NULL,0),('WACCT-71354bce:189f6f8c594:-7f41','ACTIVE','1267','WACCT-71354bce:189f6f8c594:-7f41',NULL,NULL,NULL,'',12,NULL,NULL,NULL,0),('WACCT-71354bce:189f6f8c594:-7f42','ACTIVE','1268','WACCT-71354bce:189f6f8c594:-7f42',NULL,NULL,NULL,'',11,NULL,NULL,NULL,0),('WACCT-71354bce:189f6f8c594:-7f43','ACTIVE','1266','WACCT-71354bce:189f6f8c594:-7f43',NULL,NULL,NULL,'',10,NULL,NULL,NULL,0),('WACCT-71354bce:189f6f8c594:-7f44','ACTIVE','1265','WACCT-71354bce:189f6f8c594:-7f44',NULL,NULL,NULL,'',9,NULL,NULL,NULL,0),('WACCT-71354bce:189f6f8c594:-7f45','ACTIVE','1263','WACCT-71354bce:189f6f8c594:-7f45',NULL,NULL,NULL,'',8,NULL,NULL,NULL,0),('WACCT-71354bce:189f6f8c594:-7f46','ACTIVE','1264','WACCT-71354bce:189f6f8c594:-7f46',NULL,NULL,NULL,'',7,NULL,NULL,NULL,0),('WACCT-71354bce:189f6f8c594:-7f47','ACTIVE','1262','WACCT-71354bce:189f6f8c594:-7f47',NULL,NULL,NULL,'',6,NULL,NULL,NULL,0),('WACCT-71354bce:189f6f8c594:-7f48','ACTIVE','1732','WACCT-71354bce:189f6f8c594:-7f48',NULL,NULL,NULL,'',4,NULL,NULL,NULL,0),('WACCT-71354bce:189f6f8c594:-7f49','ACTIVE','1258','WACCT-71354bce:189f6f8c594:-7f49',NULL,NULL,NULL,'',3,NULL,NULL,NULL,0),('WACCT-71354bce:189f6f8c594:-7f4a','ACTIVE','1255','WACCT-71354bce:189f6f8c594:-7f4a',NULL,NULL,NULL,'',2,NULL,NULL,NULL,0),('WACCT-71354bce:189f6f8c594:-7f4b','ACTIVE','1254','WACCT-71354bce:189f6f8c594:-7f4b',NULL,NULL,NULL,'',1,NULL,NULL,NULL,0),('WACCT-71354bce:189f6f8c594:-7f4c','ACTIVE','1559','WACCT-71354bce:189f6f8c594:-7f4c',NULL,NULL,NULL,'',39,NULL,NULL,NULL,0),('WACCT-71354bce:189f6f8c594:-7f4d','ACTIVE','1555','WACCT-71354bce:189f6f8c594:-7f4d',NULL,NULL,NULL,'',38,NULL,NULL,NULL,0),('WACCT-71354bce:189f6f8c594:-7f4e','ACTIVE','1557','WACCT-71354bce:189f6f8c594:-7f4e',NULL,NULL,NULL,'',37,NULL,NULL,NULL,0),('WACCT-71354bce:189f6f8c594:-7f4f','ACTIVE','2106','WACCT-71354bce:189f6f8c594:-7f4f',NULL,NULL,NULL,'',36,NULL,NULL,NULL,0),('WACCT-71354bce:189f6f8c594:-7f50','ACTIVE','1554','WACCT-71354bce:189f6f8c594:-7f50',NULL,NULL,NULL,'',35,NULL,NULL,NULL,0),('WACCT-71354bce:189f6f8c594:-7f51','ACTIVE','1552','WACCT-71354bce:189f6f8c594:-7f51',NULL,NULL,NULL,'',34,NULL,NULL,NULL,0),('WACCT-71354bce:189f6f8c594:-7f52','ACTIVE','2043','WACCT-71354bce:189f6f8c594:-7f52',NULL,NULL,NULL,'',32,NULL,NULL,NULL,0),('WACCT-71354bce:189f6f8c594:-7f53','ACTIVE','1965','WACCT-71354bce:189f6f8c594:-7f53',NULL,NULL,NULL,'',31,NULL,NULL,NULL,0),('WACCT-71354bce:189f6f8c594:-7f54','ACTIVE','1558','WACCT-71354bce:189f6f8c594:-7f54',NULL,NULL,NULL,'',30,NULL,NULL,NULL,0),('WACCT-71354bce:189f6f8c594:-7f55','ACTIVE','2032','WACCT-71354bce:189f6f8c594:-7f55',NULL,NULL,NULL,'',29,NULL,NULL,NULL,0),('WACCT-71354bce:189f6f8c594:-7f56','ACTIVE','2220','WACCT-71354bce:189f6f8c594:-7f56',NULL,NULL,NULL,'',28,NULL,NULL,NULL,0),('WACCT-71354bce:189f6f8c594:-7f57','ACTIVE','1553','WACCT-71354bce:189f6f8c594:-7f57',NULL,NULL,NULL,'',27,NULL,NULL,NULL,0),('WACCT-71354bce:189f6f8c594:-7f58','ACTIVE','1938','WACCT-71354bce:189f6f8c594:-7f58',NULL,NULL,NULL,'',26,NULL,NULL,NULL,0),('WACCT-71354bce:189f6f8c594:-7f59','ACTIVE','2059','WACCT-71354bce:189f6f8c594:-7f59',NULL,NULL,NULL,'',25,NULL,NULL,NULL,0),('WACCT-71354bce:189f6f8c594:-7f5a','ACTIVE','1549','WACCT-71354bce:189f6f8c594:-7f5a',NULL,NULL,NULL,'',24,NULL,NULL,NULL,0),('WACCT-71354bce:189f6f8c594:-7f5b','ACTIVE','1548','WACCT-71354bce:189f6f8c594:-7f5b',NULL,NULL,NULL,'',23,NULL,NULL,NULL,0),('WACCT-71354bce:189f6f8c594:-7f5c','ACTIVE','1707','WACCT-71354bce:189f6f8c594:-7f5c',NULL,NULL,NULL,'',22,NULL,NULL,NULL,0),('WACCT-71354bce:189f6f8c594:-7f5d','ACTIVE','1547','WACCT-71354bce:189f6f8c594:-7f5d',NULL,NULL,NULL,'',21,NULL,NULL,NULL,0),('WACCT-71354bce:189f6f8c594:-7f5e','ACTIVE','1546','WACCT-71354bce:189f6f8c594:-7f5e',NULL,NULL,NULL,'',20,NULL,NULL,NULL,0),('WACCT-71354bce:189f6f8c594:-7f5f','ACTIVE','1545','WACCT-71354bce:189f6f8c594:-7f5f',NULL,NULL,NULL,'',19,NULL,NULL,NULL,0),('WACCT-71354bce:189f6f8c594:-7f60','ACTIVE','1544','WACCT-71354bce:189f6f8c594:-7f60',NULL,NULL,NULL,'',18,NULL,NULL,NULL,0),('WACCT-71354bce:189f6f8c594:-7f61','ACTIVE','1539','WACCT-71354bce:189f6f8c594:-7f61',NULL,NULL,NULL,'',17,NULL,NULL,NULL,0),('WACCT-71354bce:189f6f8c594:-7f62','ACTIVE','1542','WACCT-71354bce:189f6f8c594:-7f62',NULL,NULL,NULL,'',16,NULL,NULL,NULL,0),('WACCT-71354bce:189f6f8c594:-7f63','ACTIVE','1278','WACCT-71354bce:189f6f8c594:-7f63',NULL,NULL,NULL,'',15,NULL,NULL,NULL,0),('WACCT-71354bce:189f6f8c594:-7f64','ACTIVE','1540','WACCT-71354bce:189f6f8c594:-7f64',NULL,NULL,NULL,'',14,NULL,NULL,NULL,0),('WACCT-71354bce:189f6f8c594:-7f65','ACTIVE','1543','WACCT-71354bce:189f6f8c594:-7f65',NULL,NULL,NULL,'',13,NULL,NULL,NULL,0),('WACCT-71354bce:189f6f8c594:-7f66','ACTIVE','1550','WACCT-71354bce:189f6f8c594:-7f66',NULL,NULL,NULL,'',12,NULL,NULL,NULL,0),('WACCT-71354bce:189f6f8c594:-7f67','ACTIVE','1538','WACCT-71354bce:189f6f8c594:-7f67',NULL,NULL,NULL,'',11,NULL,NULL,NULL,0),('WACCT-71354bce:189f6f8c594:-7f68','ACTIVE','2164','WACCT-71354bce:189f6f8c594:-7f68',NULL,NULL,NULL,'',10,NULL,NULL,NULL,0),('WACCT-71354bce:189f6f8c594:-7f69','ACTIVE','2092','WACCT-71354bce:189f6f8c594:-7f69',NULL,NULL,NULL,'',9,NULL,NULL,NULL,0),('WACCT-71354bce:189f6f8c594:-7f6a','ACTIVE','2129','WACCT-71354bce:189f6f8c594:-7f6a',NULL,NULL,NULL,'',8,NULL,NULL,NULL,0),('WACCT-71354bce:189f6f8c594:-7f6b','ACTIVE','2013','WACCT-71354bce:189f6f8c594:-7f6b',NULL,NULL,NULL,'',7,NULL,NULL,NULL,0),('WACCT-71354bce:189f6f8c594:-7f6c','ACTIVE','1537','WACCT-71354bce:189f6f8c594:-7f6c',NULL,NULL,NULL,'',6,NULL,NULL,NULL,0),('WACCT-71354bce:189f6f8c594:-7f6d','ACTIVE','1957','WACCT-71354bce:189f6f8c594:-7f6d',NULL,NULL,NULL,'',5,NULL,NULL,NULL,0),('WACCT-71354bce:189f6f8c594:-7f6e','ACTIVE','1556','WACCT-71354bce:189f6f8c594:-7f6e',NULL,NULL,NULL,'',4,NULL,NULL,NULL,0),('WACCT-71354bce:189f6f8c594:-7f6f','ACTIVE','1564','WACCT-71354bce:189f6f8c594:-7f6f',NULL,NULL,NULL,'',3,NULL,NULL,NULL,0),('WACCT-71354bce:189f6f8c594:-7f70','ACTIVE','2034','WACCT-71354bce:189f6f8c594:-7f70',NULL,NULL,NULL,'',2,NULL,NULL,NULL,0),('WACCT-71354bce:189f6f8c594:-7f71','ACTIVE','1654','WACCT-71354bce:189f6f8c594:-7f71',NULL,NULL,NULL,'',1,NULL,NULL,NULL,0),('WACCT-71354bce:189f6f8c594:-7f72','ACTIVE','1440','WACCT-71354bce:189f6f8c594:-7f72',NULL,NULL,NULL,'',86,NULL,NULL,NULL,0),('WACCT-71354bce:189f6f8c594:-7f73','ACTIVE','2139','WACCT-71354bce:189f6f8c594:-7f73',NULL,NULL,NULL,'',85,NULL,NULL,NULL,0),('WACCT-71354bce:189f6f8c594:-7f74','ACTIVE','2050','WACCT-71354bce:189f6f8c594:-7f74',NULL,NULL,NULL,'',84,NULL,NULL,NULL,0),('WACCT-71354bce:189f6f8c594:-7f75','ACTIVE','1439','WACCT-71354bce:189f6f8c594:-7f75',NULL,NULL,NULL,'',83,NULL,NULL,NULL,0),('WACCT-71354bce:189f6f8c594:-7f76','ACTIVE','1438','WACCT-71354bce:189f6f8c594:-7f76',NULL,NULL,NULL,'',82,NULL,NULL,NULL,0),('WACCT-71354bce:189f6f8c594:-7f77','ACTIVE','1437','WACCT-71354bce:189f6f8c594:-7f77',NULL,NULL,NULL,'',81,NULL,NULL,NULL,0),('WACCT-71354bce:189f6f8c594:-7f78','ACTIVE','2333','WACCT-71354bce:189f6f8c594:-7f78',NULL,NULL,NULL,'',80,NULL,NULL,NULL,0),('WACCT-71354bce:189f6f8c594:-7f79','ACTIVE','1758','WACCT-71354bce:189f6f8c594:-7f79',NULL,NULL,NULL,'',79,NULL,NULL,NULL,0),('WACCT-71354bce:189f6f8c594:-7f7a','ACTIVE','1435','WACCT-71354bce:189f6f8c594:-7f7a',NULL,NULL,NULL,'',78,NULL,NULL,NULL,0),('WACCT-71354bce:189f6f8c594:-7f7b','ACTIVE','1433','WACCT-71354bce:189f6f8c594:-7f7b',NULL,NULL,NULL,'',77,NULL,NULL,NULL,0),('WACCT-71354bce:189f6f8c594:-7f7c','ACTIVE','1434','WACCT-71354bce:189f6f8c594:-7f7c',NULL,NULL,NULL,'',76,NULL,NULL,NULL,0),('WACCT-71354bce:189f6f8c594:-7f7d','ACTIVE','1695','WACCT-71354bce:189f6f8c594:-7f7d',NULL,NULL,NULL,'',75,NULL,NULL,NULL,0),('WACCT-71354bce:189f6f8c594:-7f7e','ACTIVE','1432','WACCT-71354bce:189f6f8c594:-7f7e',NULL,NULL,NULL,'',74,NULL,NULL,NULL,0),('WACCT-71354bce:189f6f8c594:-7f7f','ACTIVE','2040','WACCT-71354bce:189f6f8c594:-7f7f',NULL,NULL,NULL,'',73,NULL,NULL,NULL,0),('WACCT-71354bce:189f6f8c594:-7f80','ACTIVE','2295','WACCT-71354bce:189f6f8c594:-7f80',NULL,NULL,NULL,'',72,NULL,NULL,NULL,0),('WACCT-71354bce:189f6f8c594:-7f81','ACTIVE','1431','WACCT-71354bce:189f6f8c594:-7f81',NULL,NULL,NULL,'',71,NULL,NULL,NULL,0),('WACCT-71354bce:189f6f8c594:-7f82','ACTIVE','2300','WACCT-71354bce:189f6f8c594:-7f82',NULL,NULL,NULL,'',70,NULL,NULL,NULL,0),('WACCT-71354bce:189f6f8c594:-7f83','ACTIVE','1996','WACCT-71354bce:189f6f8c594:-7f83',NULL,NULL,NULL,'',69,NULL,NULL,NULL,0),('WACCT-71354bce:189f6f8c594:-7f84','ACTIVE','1428','WACCT-71354bce:189f6f8c594:-7f84',NULL,NULL,NULL,'',68,NULL,NULL,NULL,0),('WACCT-71354bce:189f6f8c594:-7f85','ACTIVE','1426','WACCT-71354bce:189f6f8c594:-7f85',NULL,NULL,NULL,'',67,NULL,NULL,NULL,0),('WACCT-71354bce:189f6f8c594:-7f86','ACTIVE','1917','WACCT-71354bce:189f6f8c594:-7f86',NULL,NULL,NULL,'',66,NULL,NULL,NULL,0),('WACCT-71354bce:189f6f8c594:-7f87','ACTIVE','2354','WACCT-71354bce:189f6f8c594:-7f87',NULL,NULL,NULL,'',65,NULL,NULL,NULL,0),('WACCT-71354bce:189f6f8c594:-7f88','ACTIVE','1424','WACCT-71354bce:189f6f8c594:-7f88',NULL,NULL,NULL,'',64,NULL,NULL,NULL,0),('WACCT-71354bce:189f6f8c594:-7f89','ACTIVE','1423','WACCT-71354bce:189f6f8c594:-7f89',NULL,NULL,NULL,'',63,NULL,NULL,NULL,0),('WACCT-71354bce:189f6f8c594:-7f8a','ACTIVE','1422','WACCT-71354bce:189f6f8c594:-7f8a',NULL,NULL,NULL,'',62,NULL,NULL,NULL,0),('WACCT-71354bce:189f6f8c594:-7f8b','ACTIVE','1420','WACCT-71354bce:189f6f8c594:-7f8b',NULL,NULL,NULL,'',61,NULL,NULL,NULL,0),('WACCT-71354bce:189f6f8c594:-7f8c','ACTIVE','1421','WACCT-71354bce:189f6f8c594:-7f8c',NULL,NULL,NULL,'',60,NULL,NULL,NULL,0),('WACCT-71354bce:189f6f8c594:-7f8d','ACTIVE','1991','WACCT-71354bce:189f6f8c594:-7f8d',NULL,NULL,NULL,'',59,NULL,NULL,NULL,0),('WACCT-71354bce:189f6f8c594:-7f8e','ACTIVE','1417','WACCT-71354bce:189f6f8c594:-7f8e',NULL,NULL,NULL,'',58,NULL,NULL,NULL,0),('WACCT-71354bce:189f6f8c594:-7f8f','ACTIVE','1416','WACCT-71354bce:189f6f8c594:-7f8f',NULL,NULL,NULL,'',57,NULL,NULL,NULL,0),('WACCT-71354bce:189f6f8c594:-7f90','ACTIVE','1415','WACCT-71354bce:189f6f8c594:-7f90',NULL,NULL,NULL,'',56,NULL,NULL,NULL,0),('WACCT-71354bce:189f6f8c594:-7f91','ACTIVE','1414','WACCT-71354bce:189f6f8c594:-7f91',NULL,NULL,NULL,'',55,NULL,NULL,NULL,0),('WACCT-71354bce:189f6f8c594:-7f92','ACTIVE','1429','WACCT-71354bce:189f6f8c594:-7f92',NULL,NULL,NULL,'',54,NULL,NULL,NULL,0),('WACCT-71354bce:189f6f8c594:-7f93','ACTIVE','2251','WACCT-71354bce:189f6f8c594:-7f93',NULL,NULL,NULL,'',53,NULL,NULL,NULL,0),('WACCT-71354bce:189f6f8c594:-7f94','ACTIVE','1436','WACCT-71354bce:189f6f8c594:-7f94',NULL,NULL,NULL,'',52,NULL,NULL,NULL,0),('WACCT-71354bce:189f6f8c594:-7f95','ACTIVE','1670','WACCT-71354bce:189f6f8c594:-7f95',NULL,NULL,NULL,'',51,NULL,NULL,NULL,0),('WACCT-71354bce:189f6f8c594:-7f96','ACTIVE','1412','WACCT-71354bce:189f6f8c594:-7f96',NULL,NULL,NULL,'',50,NULL,NULL,NULL,0),('WACCT-71354bce:189f6f8c594:-7f97','ACTIVE','1411','WACCT-71354bce:189f6f8c594:-7f97',NULL,NULL,NULL,'',49,NULL,NULL,NULL,0),('WACCT-71354bce:189f6f8c594:-7f98','ACTIVE','1410','WACCT-71354bce:189f6f8c594:-7f98',NULL,NULL,NULL,'',48,NULL,NULL,NULL,0),('WACCT-71354bce:189f6f8c594:-7f99','ACTIVE','1767','WACCT-71354bce:189f6f8c594:-7f99',NULL,NULL,NULL,'',47,NULL,NULL,NULL,0),('WACCT-71354bce:189f6f8c594:-7f9a','ACTIVE','1409','WACCT-71354bce:189f6f8c594:-7f9a',NULL,NULL,NULL,'',46,NULL,NULL,NULL,0),('WACCT-71354bce:189f6f8c594:-7f9b','ACTIVE','1407','WACCT-71354bce:189f6f8c594:-7f9b',NULL,NULL,NULL,'',45,NULL,NULL,NULL,0),('WACCT-71354bce:189f6f8c594:-7f9d','ACTIVE','1561','WACCT-71354bce:189f6f8c594:-7f9d',NULL,NULL,NULL,'',44,NULL,NULL,NULL,0),('WACCT-71354bce:189f6f8c594:-7f9e','ACTIVE','1684','WACCT-71354bce:189f6f8c594:-7f9e',NULL,NULL,NULL,'',43,NULL,NULL,NULL,0),('WACCT-71354bce:189f6f8c594:-7f9f','ACTIVE','2029','WACCT-71354bce:189f6f8c594:-7f9f',NULL,NULL,NULL,'',42,NULL,NULL,NULL,0),('WACCT-71354bce:189f6f8c594:-7fa0','ACTIVE','1406','WACCT-71354bce:189f6f8c594:-7fa0',NULL,NULL,NULL,'',41,NULL,NULL,NULL,0),('WACCT-71354bce:189f6f8c594:-7fa1','ACTIVE','1405','WACCT-71354bce:189f6f8c594:-7fa1',NULL,NULL,NULL,'',40,NULL,NULL,NULL,0),('WACCT-71354bce:189f6f8c594:-7fa2','ACTIVE','1404','WACCT-71354bce:189f6f8c594:-7fa2',NULL,NULL,NULL,'',39,NULL,NULL,NULL,0),('WACCT-71354bce:189f6f8c594:-7fa3','ACTIVE','1395','WACCT-71354bce:189f6f8c594:-7fa3',NULL,NULL,NULL,'',38,NULL,NULL,NULL,0),('WACCT-71354bce:189f6f8c594:-7fa4','ACTIVE','1396','WACCT-71354bce:189f6f8c594:-7fa4',NULL,NULL,NULL,'',37,NULL,NULL,NULL,0),('WACCT-71354bce:189f6f8c594:-7fa5','ACTIVE','1397','WACCT-71354bce:189f6f8c594:-7fa5',NULL,NULL,NULL,'',36,NULL,NULL,NULL,0),('WACCT-71354bce:189f6f8c594:-7fa6','ACTIVE','1813','WACCT-71354bce:189f6f8c594:-7fa6',NULL,NULL,NULL,'',35,NULL,NULL,NULL,0),('WACCT-71354bce:189f6f8c594:-7fa7','ACTIVE','1328','WACCT-71354bce:189f6f8c594:-7fa7',NULL,NULL,NULL,'',34,NULL,NULL,NULL,0),('WACCT-71354bce:189f6f8c594:-7fa8','ACTIVE','1399','WACCT-71354bce:189f6f8c594:-7fa8',NULL,NULL,NULL,'',33,NULL,NULL,NULL,0),('WACCT-71354bce:189f6f8c594:-7fa9','ACTIVE','1749','WACCT-71354bce:189f6f8c594:-7fa9',NULL,NULL,NULL,'',32,NULL,NULL,NULL,0),('WACCT-71354bce:189f6f8c594:-7faa','ACTIVE','1402','WACCT-71354bce:189f6f8c594:-7faa',NULL,NULL,NULL,'',31,NULL,NULL,NULL,0),('WACCT-71354bce:189f6f8c594:-7fab','ACTIVE','1398','WACCT-71354bce:189f6f8c594:-7fab',NULL,NULL,NULL,'',30,NULL,NULL,NULL,0),('WACCT-71354bce:189f6f8c594:-7fac','ACTIVE','1401','WACCT-71354bce:189f6f8c594:-7fac',NULL,NULL,NULL,'',29,NULL,NULL,NULL,0),('WACCT-71354bce:189f6f8c594:-7fad','ACTIVE','1400','WACCT-71354bce:189f6f8c594:-7fad',NULL,NULL,NULL,'',28,NULL,NULL,NULL,0),('WACCT-71354bce:189f6f8c594:-7fae','ACTIVE','1349','WACCT-71354bce:189f6f8c594:-7fae',NULL,NULL,NULL,'',27,NULL,NULL,NULL,0),('WACCT-71354bce:189f6f8c594:-7faf','ACTIVE','2206','WACCT-71354bce:189f6f8c594:-7faf',NULL,NULL,NULL,'',26,NULL,NULL,NULL,0),('WACCT-71354bce:189f6f8c594:-7fb0','ACTIVE','1403','WACCT-71354bce:189f6f8c594:-7fb0',NULL,NULL,NULL,'',25,NULL,NULL,NULL,0),('WACCT-71354bce:189f6f8c594:-7fb1','ACTIVE','1560','WACCT-71354bce:189f6f8c594:-7fb1',NULL,NULL,NULL,'',24,NULL,NULL,NULL,0),('WACCT-71354bce:189f6f8c594:-7fb2','ACTIVE','1360','WACCT-71354bce:189f6f8c594:-7fb2',NULL,NULL,NULL,'',22,NULL,NULL,NULL,0),('WACCT-71354bce:189f6f8c594:-7fb4','ACTIVE','1361','WACCT-71354bce:189f6f8c594:-7fb4',NULL,NULL,NULL,'',22,NULL,NULL,NULL,0),('WACCT-71354bce:189f6f8c594:-7fb5','ACTIVE','1362','WACCT-71354bce:189f6f8c594:-7fb5',NULL,NULL,NULL,'',21,NULL,NULL,NULL,0),('WACCT-71354bce:189f6f8c594:-7fb6','ACTIVE','1364','WACCT-71354bce:189f6f8c594:-7fb6',NULL,NULL,NULL,'',20,NULL,NULL,NULL,0),('WACCT-71354bce:189f6f8c594:-7fb7','ACTIVE','1363','WACCT-71354bce:189f6f8c594:-7fb7',NULL,NULL,NULL,'',19,NULL,NULL,NULL,0),('WACCT-71354bce:189f6f8c594:-7fb8','ACTIVE','1911','WACCT-71354bce:189f6f8c594:-7fb8',NULL,NULL,NULL,'',18,NULL,NULL,NULL,0),('WACCT-71354bce:189f6f8c594:-7fb9','ACTIVE','2101','WACCT-71354bce:189f6f8c594:-7fb9',NULL,NULL,NULL,'',17,NULL,NULL,NULL,0),('WACCT-71354bce:189f6f8c594:-7fba','ACTIVE','1388','WACCT-71354bce:189f6f8c594:-7fba',NULL,NULL,NULL,'',16,NULL,NULL,NULL,0),('WACCT-71354bce:189f6f8c594:-7fbb','ACTIVE','1389','WACCT-71354bce:189f6f8c594:-7fbb',NULL,NULL,NULL,'',15,NULL,NULL,NULL,0),('WACCT-71354bce:189f6f8c594:-7fbc','ACTIVE','1394','WACCT-71354bce:189f6f8c594:-7fbc',NULL,NULL,NULL,'',14,NULL,NULL,NULL,0),('WACCT-71354bce:189f6f8c594:-7fbd','ACTIVE','1393','WACCT-71354bce:189f6f8c594:-7fbd',NULL,NULL,NULL,'',13,NULL,NULL,NULL,0),('WACCT-71354bce:189f6f8c594:-7fbe','ACTIVE','1392','WACCT-71354bce:189f6f8c594:-7fbe',NULL,NULL,NULL,'',12,NULL,NULL,NULL,0),('WACCT-71354bce:189f6f8c594:-7fbf','ACTIVE','1391','WACCT-71354bce:189f6f8c594:-7fbf',NULL,NULL,NULL,'',11,NULL,NULL,NULL,0),('WACCT-71354bce:189f6f8c594:-7fc0','ACTIVE','1390','WACCT-71354bce:189f6f8c594:-7fc0',NULL,NULL,NULL,'',10,NULL,NULL,NULL,0),('WACCT-71354bce:189f6f8c594:-7fc1','ACTIVE','1381','WACCT-71354bce:189f6f8c594:-7fc1',NULL,NULL,NULL,'',9,NULL,NULL,NULL,0),('WACCT-71354bce:189f6f8c594:-7fc2','ACTIVE','1382','WACCT-71354bce:189f6f8c594:-7fc2',NULL,NULL,NULL,'',8,NULL,NULL,NULL,0),('WACCT-71354bce:189f6f8c594:-7fc3','ACTIVE','2324','WACCT-71354bce:189f6f8c594:-7fc3',NULL,NULL,NULL,'',7,NULL,NULL,NULL,0),('WACCT-71354bce:189f6f8c594:-7fc4','ACTIVE','1385','WACCT-71354bce:189f6f8c594:-7fc4',NULL,NULL,NULL,'',6,NULL,NULL,NULL,0),('WACCT-71354bce:189f6f8c594:-7fc5','ACTIVE','1981','WACCT-71354bce:189f6f8c594:-7fc5',NULL,NULL,NULL,'',5,NULL,NULL,NULL,0),('WACCT-71354bce:189f6f8c594:-7fc6','ACTIVE','1383','WACCT-71354bce:189f6f8c594:-7fc6',NULL,NULL,NULL,'',4,NULL,NULL,NULL,0),('WACCT-71354bce:189f6f8c594:-7fc7','ACTIVE','1702','WACCT-71354bce:189f6f8c594:-7fc7',NULL,NULL,NULL,'',3,NULL,NULL,NULL,0),('WACCT-71354bce:189f6f8c594:-7fc8','ACTIVE','1386','WACCT-71354bce:189f6f8c594:-7fc8',NULL,NULL,NULL,'',2,NULL,NULL,NULL,0),('WACCT-71354bce:189f6f8c594:-7fc9','ACTIVE','1384','WACCT-71354bce:189f6f8c594:-7fc9',NULL,NULL,NULL,'',1,NULL,NULL,NULL,0),('WACCT-71354bce:189f6f8c594:-7fca','ACTIVE','1380','WACCT-71354bce:189f6f8c594:-7fca',NULL,NULL,NULL,'',104,NULL,NULL,NULL,0),('WACCT-71354bce:189f6f8c594:-7fcb','ACTIVE','2049','WACCT-71354bce:189f6f8c594:-7fcb',NULL,NULL,NULL,'',103,NULL,NULL,NULL,0),('WACCT-71354bce:189f6f8c594:-7fcc','ACTIVE','2343','WACCT-71354bce:189f6f8c594:-7fcc',NULL,NULL,NULL,'',102,NULL,NULL,NULL,0),('WACCT-71354bce:189f6f8c594:-7fcd','ACTIVE','2315','WACCT-71354bce:189f6f8c594:-7fcd',NULL,NULL,NULL,'',101,NULL,NULL,NULL,0),('WACCT-71354bce:189f6f8c594:-7fce','ACTIVE','1374','WACCT-71354bce:189f6f8c594:-7fce',NULL,NULL,NULL,'',100,NULL,NULL,NULL,0),('WACCT-71354bce:189f6f8c594:-7fcf','ACTIVE','1375','WACCT-71354bce:189f6f8c594:-7fcf',NULL,NULL,NULL,'',99,NULL,NULL,NULL,0),('WACCT-71354bce:189f6f8c594:-7fd0','ACTIVE','1427','WACCT-71354bce:189f6f8c594:-7fd0',NULL,NULL,NULL,'',98,NULL,NULL,NULL,0),('WACCT-71354bce:189f6f8c594:-7fd1','ACTIVE','1376','WACCT-71354bce:189f6f8c594:-7fd1',NULL,NULL,NULL,'',97,NULL,NULL,NULL,0),('WACCT-71354bce:189f6f8c594:-7fd2','ACTIVE','2359','WACCT-71354bce:189f6f8c594:-7fd2',NULL,NULL,NULL,'',96,NULL,NULL,NULL,0),('WACCT-71354bce:189f6f8c594:-7fd3','ACTIVE','2352','WACCT-71354bce:189f6f8c594:-7fd3',NULL,NULL,NULL,'',95,NULL,NULL,NULL,0),('WACCT-71354bce:189f6f8c594:-7fd4','ACTIVE','1377','WACCT-71354bce:189f6f8c594:-7fd4',NULL,NULL,NULL,'',94,NULL,NULL,NULL,0),('WACCT-71354bce:189f6f8c594:-7fd5','ACTIVE','1378','WACCT-71354bce:189f6f8c594:-7fd5',NULL,NULL,NULL,'',93,NULL,NULL,NULL,0),('WACCT-71354bce:189f6f8c594:-7fd6','ACTIVE','1379','WACCT-71354bce:189f6f8c594:-7fd6',NULL,NULL,NULL,'',92,NULL,NULL,NULL,0),('WACCT-71354bce:189f6f8c594:-7fd7','ACTIVE','1373','WACCT-71354bce:189f6f8c594:-7fd7',NULL,NULL,NULL,'',91,NULL,NULL,NULL,0),('WACCT-71354bce:189f6f8c594:-7fd8','ACTIVE','2054','WACCT-71354bce:189f6f8c594:-7fd8',NULL,NULL,NULL,'',90,NULL,NULL,NULL,0),('WACCT-71354bce:189f6f8c594:-7fd9','ACTIVE','2028','WACCT-71354bce:189f6f8c594:-7fd9',NULL,NULL,NULL,'',89,NULL,NULL,NULL,0),('WACCT-71354bce:189f6f8c594:-7fda','ACTIVE','1372','WACCT-71354bce:189f6f8c594:-7fda',NULL,NULL,NULL,'',88,NULL,NULL,NULL,0),('WACCT-71354bce:189f6f8c594:-7fdb','ACTIVE','1370','WACCT-71354bce:189f6f8c594:-7fdb',NULL,NULL,NULL,'',87,NULL,NULL,NULL,0),('WACCT-71354bce:189f6f8c594:-7fdc','ACTIVE','2305','WACCT-71354bce:189f6f8c594:-7fdc',NULL,NULL,NULL,'',86,NULL,NULL,NULL,0),('WACCT-71354bce:189f6f8c594:-7fdd','ACTIVE','2158','WACCT-71354bce:189f6f8c594:-7fdd',NULL,NULL,NULL,'',84,NULL,NULL,NULL,0),('WACCT-71354bce:189f6f8c594:-7fde','ACTIVE','1970','WACCT-71354bce:189f6f8c594:-7fde',NULL,NULL,NULL,'',83,NULL,NULL,NULL,0),('WACCT-71354bce:189f6f8c594:-7fdf','ACTIVE','2369','WACCT-71354bce:189f6f8c594:-7fdf',NULL,NULL,NULL,'',105,NULL,NULL,NULL,0),('WACCT-71354bce:189f6f8c594:-7fe0','ACTIVE','1368','WACCT-71354bce:189f6f8c594:-7fe0',NULL,NULL,NULL,'',82,NULL,NULL,NULL,0),('WACCT-71354bce:189f6f8c594:-7fe1','ACTIVE','1369','WACCT-71354bce:189f6f8c594:-7fe1',NULL,NULL,NULL,'',81,NULL,NULL,NULL,0),('WACCT-71354bce:189f6f8c594:-7fe2','ACTIVE','2094','WACCT-71354bce:189f6f8c594:-7fe2',NULL,NULL,NULL,'',80,NULL,NULL,NULL,0),('WACCT-71354bce:189f6f8c594:-7fe3','ACTIVE','1365','WACCT-71354bce:189f6f8c594:-7fe3',NULL,NULL,NULL,'',79,NULL,NULL,NULL,0),('WACCT-71354bce:189f6f8c594:-7fe4','ACTIVE','1366','WACCT-71354bce:189f6f8c594:-7fe4',NULL,NULL,NULL,'',78,NULL,NULL,NULL,0),('WACCT-71354bce:189f6f8c594:-7fe5','ACTIVE','1367','WACCT-71354bce:189f6f8c594:-7fe5',NULL,NULL,NULL,'',77,NULL,NULL,NULL,0),('WACCT-71354bce:189f6f8c594:-7fe6','ACTIVE','2128','WACCT-71354bce:189f6f8c594:-7fe6',NULL,NULL,NULL,'',76,NULL,NULL,NULL,0),('WACCT-71354bce:189f6f8c594:-7fe7','ACTIVE','2149','WACCT-71354bce:189f6f8c594:-7fe7',NULL,NULL,NULL,'',75,NULL,NULL,NULL,0),('WACCT-71354bce:189f6f8c594:-7fe8','ACTIVE','2089','WACCT-71354bce:189f6f8c594:-7fe8',NULL,NULL,NULL,'',74,NULL,NULL,NULL,0),('WACCT-71354bce:189f6f8c594:-7fe9','ACTIVE','1324','WACCT-71354bce:189f6f8c594:-7fe9',NULL,NULL,NULL,'',73,NULL,NULL,NULL,0),('WACCT-71354bce:189f6f8c594:-7fea','ACTIVE','1358','WACCT-71354bce:189f6f8c594:-7fea',NULL,NULL,NULL,'',72,NULL,NULL,NULL,0),('WACCT-71354bce:189f6f8c594:-7feb','ACTIVE','1357','WACCT-71354bce:189f6f8c594:-7feb',NULL,NULL,NULL,'',71,NULL,NULL,NULL,0),('WACCT-71354bce:189f6f8c594:-7fec','ACTIVE','2214','WACCT-71354bce:189f6f8c594:-7fec',NULL,NULL,NULL,'',70,NULL,NULL,NULL,0),('WACCT-71354bce:189f6f8c594:-7fed','ACTIVE','1355','WACCT-71354bce:189f6f8c594:-7fed',NULL,NULL,NULL,'',69,NULL,NULL,NULL,0),('WACCT-71354bce:189f6f8c594:-7fee','ACTIVE','1356','WACCT-71354bce:189f6f8c594:-7fee',NULL,NULL,NULL,'',68,NULL,NULL,NULL,0),('WACCT-71354bce:189f6f8c594:-7fef','ACTIVE','1692','WACCT-71354bce:189f6f8c594:-7fef',NULL,NULL,NULL,'',57,NULL,NULL,NULL,0),('WACCT-71354bce:189f6f8c594:-7ff0','ACTIVE','1352','WACCT-71354bce:189f6f8c594:-7ff0',NULL,NULL,NULL,'',66,NULL,NULL,NULL,0),('WACCT-71354bce:189f6f8c594:-7ff1','ACTIVE','1353','WACCT-71354bce:189f6f8c594:-7ff1',NULL,NULL,NULL,'',65,NULL,NULL,NULL,0),('WACCT-71354bce:189f6f8c594:-7ff2','ACTIVE','1351','WACCT-71354bce:189f6f8c594:-7ff2',NULL,NULL,NULL,'',64,NULL,NULL,NULL,0),('WACCT-71354bce:189f6f8c594:-7ff3','ACTIVE','1350','WACCT-71354bce:189f6f8c594:-7ff3',NULL,NULL,NULL,'',63,NULL,NULL,NULL,0),('WACCT-71354bce:189f6f8c594:-7ff4','ACTIVE','1562','WACCT-71354bce:189f6f8c594:-7ff4',NULL,NULL,NULL,'',62,NULL,NULL,NULL,0),('WACCT-71354bce:189f6f8c594:-7ff5','ACTIVE','1359','WACCT-71354bce:189f6f8c594:-7ff5',NULL,NULL,NULL,'',61,NULL,NULL,NULL,0),('WACCT-71354bce:189f6f8c594:-7ff6','ACTIVE','1347','WACCT-71354bce:189f6f8c594:-7ff6',NULL,NULL,NULL,'',60,NULL,NULL,NULL,0),('WACCT-71354bce:189f6f8c594:-7ff7','ACTIVE','2337','WACCT-71354bce:189f6f8c594:-7ff7',NULL,NULL,NULL,'',59,NULL,NULL,NULL,0),('WACCT-71354bce:189f6f8c594:-7ff8','ACTIVE','2282','WACCT-71354bce:189f6f8c594:-7ff8',NULL,NULL,NULL,'',58,NULL,NULL,NULL,0),('WACCT-71354bce:189f6f8c594:-7ff9','ACTIVE','1619','WACCT-71354bce:189f6f8c594:-7ff9',NULL,NULL,NULL,'',57,NULL,NULL,NULL,0),('WACCT-71354bce:189f6f8c594:-7ffa','ACTIVE','1346','WACCT-71354bce:189f6f8c594:-7ffa',NULL,NULL,NULL,'',56,NULL,NULL,NULL,0),('WACCT-71354bce:189f6f8c594:-7ffb','ACTIVE','1345','WACCT-71354bce:189f6f8c594:-7ffb',NULL,NULL,NULL,'',55,NULL,NULL,NULL,0),('WACCT-71354bce:189f6f8c594:-7ffc','ACTIVE','2148','WACCT-71354bce:189f6f8c594:-7ffc',NULL,NULL,NULL,'',54,NULL,NULL,NULL,0),('WACCT-71354bce:189f6f8c594:-7ffd','ACTIVE','1343','WACCT-71354bce:189f6f8c594:-7ffd',NULL,NULL,NULL,'',53,NULL,NULL,NULL,0),('WACCT-71354bce:189f6f8c594:-7ffe','ACTIVE','1344','WACCT-71354bce:189f6f8c594:-7ffe',NULL,NULL,NULL,'',52,NULL,NULL,NULL,0),('WACCT-71354bce:189f6f8c594:-7fff','ACTIVE','1342','WACCT-71354bce:189f6f8c594:-7fff',NULL,NULL,NULL,'',51,NULL,NULL,NULL,0),('WACCT-71354bce:189f6f8c594:-8000','ACTIVE','1341','WACCT-71354bce:189f6f8c594:-8000',NULL,NULL,NULL,'',50,NULL,NULL,NULL,0),('WACCT-7440d19c:18a697a40ba:-7adc','ACTIVE','1235','WACCT-7440d19c:18a697a40ba:-7adc',NULL,NULL,NULL,'',1,NULL,NULL,NULL,0),('WACCT-7440d19c:18a697a40ba:-7b3a','ACTIVE','1096','WACCT-7440d19c:18a697a40ba:-7b3a',NULL,NULL,NULL,'',42,NULL,NULL,NULL,0),('WACCT-7440d19c:18a697a40ba:-7b3b','ACTIVE','1095','WACCT-7440d19c:18a697a40ba:-7b3b',NULL,NULL,NULL,'',41,NULL,NULL,NULL,0),('WACCT-7440d19c:18a697a40ba:-7b3c','ACTIVE','1094','WACCT-7440d19c:18a697a40ba:-7b3c',NULL,NULL,NULL,'',40,NULL,NULL,NULL,0),('WACCT-7440d19c:18a697a40ba:-7b3d','ACTIVE','1105','WACCT-7440d19c:18a697a40ba:-7b3d',NULL,NULL,NULL,'',39,NULL,NULL,NULL,0),('WACCT-7440d19c:18a697a40ba:-7b3e','ACTIVE','756','WACCT-7440d19c:18a697a40ba:-7b3e',NULL,NULL,NULL,'',55,NULL,NULL,NULL,0),('WACCT-7440d19c:18a697a40ba:-7b3f','ACTIVE','1093','WACCT-7440d19c:18a697a40ba:-7b3f',NULL,NULL,NULL,'',38,NULL,NULL,NULL,0),('WACCT-7440d19c:18a697a40ba:-7b40','ACTIVE','1092','WACCT-7440d19c:18a697a40ba:-7b40',NULL,NULL,NULL,'',37,NULL,NULL,NULL,0),('WACCT-7440d19c:18a697a40ba:-7b41','ACTIVE','1868','WACCT-7440d19c:18a697a40ba:-7b41',NULL,NULL,NULL,'',55,NULL,NULL,NULL,0),('WACCT-7440d19c:18a697a40ba:-7b42','ACTIVE','1090','WACCT-7440d19c:18a697a40ba:-7b42',NULL,NULL,NULL,'',36,NULL,NULL,NULL,0),('WACCT-7440d19c:18a697a40ba:-7b43','ACTIVE','1575','WACCT-7440d19c:18a697a40ba:-7b43',NULL,NULL,NULL,'',35,NULL,NULL,NULL,0),('WACCT-7440d19c:18a697a40ba:-7b44','ACTIVE','754','WACCT-7440d19c:18a697a40ba:-7b44',NULL,NULL,NULL,'',54,NULL,NULL,NULL,0),('WACCT-7440d19c:18a697a40ba:-7b45','ACTIVE','1088','WACCT-7440d19c:18a697a40ba:-7b45',NULL,NULL,NULL,'',34,NULL,NULL,NULL,0),('WACCT-7440d19c:18a697a40ba:-7b46','ACTIVE','753','WACCT-7440d19c:18a697a40ba:-7b46',NULL,NULL,NULL,'',53,NULL,NULL,NULL,0),('WACCT-7440d19c:18a697a40ba:-7b47','ACTIVE','1087','WACCT-7440d19c:18a697a40ba:-7b47',NULL,NULL,NULL,'',33,NULL,NULL,NULL,0),('WACCT-7440d19c:18a697a40ba:-7b48','ACTIVE','1086','WACCT-7440d19c:18a697a40ba:-7b48',NULL,NULL,NULL,'',32,NULL,NULL,NULL,0),('WACCT-7440d19c:18a697a40ba:-7b49','ACTIVE','2316','WACCT-7440d19c:18a697a40ba:-7b49',NULL,NULL,NULL,'',52,NULL,NULL,NULL,0),('WACCT-7440d19c:18a697a40ba:-7b4a','ACTIVE','1085','WACCT-7440d19c:18a697a40ba:-7b4a',NULL,NULL,NULL,'',31,NULL,NULL,NULL,0),('WACCT-7440d19c:18a697a40ba:-7b4b','ACTIVE','2334','WACCT-7440d19c:18a697a40ba:-7b4b',NULL,NULL,NULL,'',51,NULL,NULL,NULL,0),('WACCT-7440d19c:18a697a40ba:-7b4c','ACTIVE','1084','WACCT-7440d19c:18a697a40ba:-7b4c',NULL,NULL,NULL,'',30,NULL,NULL,NULL,0),('WACCT-7440d19c:18a697a40ba:-7b4f','ACTIVE','1083','WACCT-7440d19c:18a697a40ba:-7b4f',NULL,NULL,NULL,'',29,NULL,NULL,NULL,0),('WACCT-7440d19c:18a697a40ba:-7b50','ACTIVE','752','WACCT-7440d19c:18a697a40ba:-7b50',NULL,NULL,NULL,'',49,NULL,NULL,NULL,0),('WACCT-7440d19c:18a697a40ba:-7b51','ACTIVE','1857','WACCT-7440d19c:18a697a40ba:-7b51',NULL,NULL,NULL,'',28,NULL,NULL,NULL,0),('WACCT-7440d19c:18a697a40ba:-7b52','ACTIVE','1082','WACCT-7440d19c:18a697a40ba:-7b52',NULL,NULL,NULL,'',27,NULL,NULL,NULL,0),('WACCT-7440d19c:18a697a40ba:-7b53','ACTIVE','1108','WACCT-7440d19c:18a697a40ba:-7b53',NULL,NULL,NULL,'',26,NULL,NULL,NULL,0),('WACCT-7440d19c:18a697a40ba:-7b54','ACTIVE','1107','WACCT-7440d19c:18a697a40ba:-7b54',NULL,NULL,NULL,'',25,NULL,NULL,NULL,0),('WACCT-7440d19c:18a697a40ba:-7b55','ACTIVE','1106','WACCT-7440d19c:18a697a40ba:-7b55',NULL,NULL,NULL,'',24,NULL,NULL,NULL,0),('WACCT-7440d19c:18a697a40ba:-7b56','ACTIVE','1081','WACCT-7440d19c:18a697a40ba:-7b56',NULL,NULL,NULL,'',23,NULL,NULL,NULL,0),('WACCT-7440d19c:18a697a40ba:-7b57','ACTIVE','1080','WACCT-7440d19c:18a697a40ba:-7b57',NULL,NULL,NULL,'',22,NULL,NULL,NULL,0),('WACCT-7440d19c:18a697a40ba:-7b58','ACTIVE','1895','WACCT-7440d19c:18a697a40ba:-7b58',NULL,NULL,NULL,'',21,NULL,NULL,NULL,0),('WACCT-7440d19c:18a697a40ba:-7b59','ACTIVE','1079','WACCT-7440d19c:18a697a40ba:-7b59',NULL,NULL,NULL,'',20,NULL,NULL,NULL,0),('WACCT-7440d19c:18a697a40ba:-7b5a','ACTIVE','1078','WACCT-7440d19c:18a697a40ba:-7b5a',NULL,NULL,NULL,'',19,NULL,NULL,NULL,0),('WACCT-7440d19c:18a697a40ba:-7b5b','ACTIVE','1077','WACCT-7440d19c:18a697a40ba:-7b5b',NULL,NULL,NULL,'',18,NULL,NULL,NULL,0),('WACCT-7440d19c:18a697a40ba:-7b5c','ACTIVE','1076','WACCT-7440d19c:18a697a40ba:-7b5c',NULL,NULL,NULL,'',17,NULL,NULL,NULL,0),('WACCT-7440d19c:18a697a40ba:-7b5d','ACTIVE','1075','WACCT-7440d19c:18a697a40ba:-7b5d',NULL,NULL,NULL,'',16,NULL,NULL,NULL,0),('WACCT-7440d19c:18a697a40ba:-7b5e','ACTIVE','1074','WACCT-7440d19c:18a697a40ba:-7b5e',NULL,NULL,NULL,'',15,NULL,NULL,NULL,0),('WACCT-7440d19c:18a697a40ba:-7b5f','ACTIVE','1073','WACCT-7440d19c:18a697a40ba:-7b5f',NULL,NULL,NULL,'',14,NULL,NULL,NULL,0),('WACCT-7440d19c:18a697a40ba:-7b60','ACTIVE','1072','WACCT-7440d19c:18a697a40ba:-7b60',NULL,NULL,NULL,'',13,NULL,NULL,NULL,0),('WACCT-7440d19c:18a697a40ba:-7b61','ACTIVE','1071','WACCT-7440d19c:18a697a40ba:-7b61',NULL,NULL,NULL,'',12,NULL,NULL,NULL,0),('WACCT-7440d19c:18a697a40ba:-7b62','ACTIVE','1070','WACCT-7440d19c:18a697a40ba:-7b62',NULL,NULL,NULL,'',11,NULL,NULL,NULL,0),('WACCT-7440d19c:18a697a40ba:-7b63','ACTIVE','1069','WACCT-7440d19c:18a697a40ba:-7b63',NULL,NULL,NULL,'',10,NULL,NULL,NULL,0),('WACCT-7440d19c:18a697a40ba:-7b64','ACTIVE','1614','WACCT-7440d19c:18a697a40ba:-7b64',NULL,NULL,NULL,'',9,NULL,NULL,NULL,0),('WACCT-7440d19c:18a697a40ba:-7b65','ACTIVE','1067','WACCT-7440d19c:18a697a40ba:-7b65',NULL,NULL,NULL,'',8,NULL,NULL,NULL,0),('WACCT-7440d19c:18a697a40ba:-7b66','ACTIVE','1066','WACCT-7440d19c:18a697a40ba:-7b66',NULL,NULL,NULL,'',7,NULL,NULL,NULL,0),('WACCT-7440d19c:18a697a40ba:-7b67','ACTIVE','1065','WACCT-7440d19c:18a697a40ba:-7b67',NULL,NULL,NULL,'',6,NULL,NULL,NULL,0),('WACCT-7440d19c:18a697a40ba:-7b68','ACTIVE','1064','WACCT-7440d19c:18a697a40ba:-7b68',NULL,NULL,NULL,'',5,NULL,NULL,NULL,0),('WACCT-7440d19c:18a697a40ba:-7b69','ACTIVE','1063','WACCT-7440d19c:18a697a40ba:-7b69',NULL,NULL,NULL,'',4,NULL,NULL,NULL,0),('WACCT-7440d19c:18a697a40ba:-7b6a','ACTIVE','1062','WACCT-7440d19c:18a697a40ba:-7b6a',NULL,NULL,NULL,'',3,NULL,NULL,NULL,0),('WACCT-7440d19c:18a697a40ba:-7b6b','ACTIVE','1061','WACCT-7440d19c:18a697a40ba:-7b6b',NULL,NULL,NULL,'',2,NULL,NULL,NULL,0),('WACCT-7440d19c:18a697a40ba:-7b6d','ACTIVE','1060','WACCT-7440d19c:18a697a40ba:-7b6d',NULL,NULL,NULL,'',1,NULL,NULL,NULL,0),('WACCT-7440d19c:18a697a40ba:-7b6e','ACTIVE','2006','WACCT-7440d19c:18a697a40ba:-7b6e',NULL,NULL,NULL,'',52,NULL,NULL,NULL,0),('WACCT-7440d19c:18a697a40ba:-7f9a','ACTIVE','751','WACCT-7440d19c:18a697a40ba:-7f9a',NULL,NULL,NULL,'',48,NULL,NULL,NULL,0),('WACCT-7440d19c:18a697a40ba:-7f9d','ACTIVE','312','WACCT-7440d19c:18a697a40ba:-7f9d',NULL,NULL,NULL,'',109,NULL,NULL,NULL,0),('WACCT-7440d19c:18a697a40ba:-7f9e','ACTIVE','1261','WACCT-7440d19c:18a697a40ba:-7f9e',NULL,NULL,NULL,'',5,NULL,NULL,NULL,0),('WACCT-7440d19c:18a697a40ba:-7ff9','ACTIVE','750','WACCT-7440d19c:18a697a40ba:-7ff9',NULL,NULL,NULL,'',50,NULL,NULL,NULL,0),('WACCT-7440d19c:18a697a40ba:-7ffa','ACTIVE','748','WACCT-7440d19c:18a697a40ba:-7ffa',NULL,NULL,NULL,'',49,NULL,NULL,NULL,0),('WACCT-7440d19c:18a697a40ba:-7ffb','ACTIVE','747','WACCT-7440d19c:18a697a40ba:-7ffb',NULL,NULL,NULL,'',48,NULL,NULL,NULL,0),('WACCT-7440d19c:18a697a40ba:-7ffc','ACTIVE','745','WACCT-7440d19c:18a697a40ba:-7ffc',NULL,NULL,NULL,'',45,NULL,NULL,NULL,0),('WACCT-7440d19c:18a697a40ba:-7ffd','ACTIVE','746','WACCT-7440d19c:18a697a40ba:-7ffd',NULL,NULL,NULL,'',43,NULL,NULL,NULL,0),('WACCT-7440d19c:18a697a40ba:-7ffe','ACTIVE','744','WACCT-7440d19c:18a697a40ba:-7ffe',NULL,NULL,NULL,'',42,NULL,NULL,NULL,0),('WACCT-7440d19c:18a697a40ba:-7fff','ACTIVE','2083','WACCT-7440d19c:18a697a40ba:-7fff',NULL,NULL,NULL,'',41,NULL,NULL,NULL,0),('WACCT-7440d19c:18a697a40ba:-8000','ACTIVE','743','WACCT-7440d19c:18a697a40ba:-8000',NULL,NULL,NULL,'',40,NULL,NULL,NULL,0),('WACCT2f1ef104:18a24e77b88:-7ff9','ACTIVE','2221','WACCT2f1ef104:18a24e77b88:-7ff9',NULL,NULL,NULL,'',15,NULL,NULL,NULL,0),('WACCT2f1ef104:18a24e77b88:-7ffa','ACTIVE','726','WACCT2f1ef104:18a24e77b88:-7ffa',NULL,NULL,NULL,'',14,NULL,NULL,NULL,0),('WACCT2f1ef104:18a24e77b88:-7ffb','ACTIVE','1762','WACCT2f1ef104:18a24e77b88:-7ffb',NULL,NULL,NULL,'',13,NULL,NULL,NULL,0),('WACCT2f1ef104:18a24e77b88:-7ffc','ACTIVE','1572','WACCT2f1ef104:18a24e77b88:-7ffc',NULL,NULL,NULL,'',12,NULL,NULL,NULL,0),('WACCT2f1ef104:18a24e77b88:-7ffd','ACTIVE','1794','WACCT2f1ef104:18a24e77b88:-7ffd',NULL,NULL,NULL,'',11,NULL,NULL,NULL,0),('WACCT2f1ef104:18a24e77b88:-7ffe','ACTIVE','2036','WACCT2f1ef104:18a24e77b88:-7ffe',NULL,NULL,NULL,'',10,NULL,NULL,NULL,0),('WACCT2f1ef104:18a24e77b88:-7fff','ACTIVE','1898','WACCT2f1ef104:18a24e77b88:-7fff',NULL,NULL,NULL,'',9,NULL,NULL,NULL,0),('WACCT2f1ef104:18a24e77b88:-8000','ACTIVE','724','WACCT2f1ef104:18a24e77b88:-8000',NULL,NULL,NULL,'',8,NULL,NULL,NULL,0),('WACCT3820fb32:189d2d45c3b:-7fc7','ACTIVE','1479','WACCT3820fb32:189d2d45c3b:-7fc7',NULL,NULL,NULL,'',25,NULL,NULL,NULL,0),('WACCT3820fb32:189d2d45c3b:-7fc8','ACTIVE','2296','WACCT3820fb32:189d2d45c3b:-7fc8',NULL,NULL,NULL,'',24,NULL,NULL,NULL,0),('WACCT3820fb32:189d2d45c3b:-7fc9','ACTIVE','1476','WACCT3820fb32:189d2d45c3b:-7fc9',NULL,NULL,NULL,'',23,NULL,NULL,NULL,0),('WACCT3820fb32:189d2d45c3b:-7fca','ACTIVE','1923','WACCT3820fb32:189d2d45c3b:-7fca',NULL,NULL,NULL,'',22,NULL,NULL,NULL,0),('WACCT3820fb32:189d2d45c3b:-7fcb','ACTIVE','1853','WACCT3820fb32:189d2d45c3b:-7fcb',NULL,NULL,NULL,'',21,NULL,NULL,NULL,0),('WACCT3820fb32:189d2d45c3b:-7fcc','ACTIVE','1827','WACCT3820fb32:189d2d45c3b:-7fcc',NULL,NULL,NULL,'',20,NULL,NULL,NULL,0),('WACCT3820fb32:189d2d45c3b:-7fcd','ACTIVE','1826','WACCT3820fb32:189d2d45c3b:-7fcd',NULL,NULL,NULL,'',19,NULL,NULL,NULL,0),('WACCT3820fb32:189d2d45c3b:-7fce','ACTIVE','1489','WACCT3820fb32:189d2d45c3b:-7fce',NULL,NULL,NULL,'',18,NULL,NULL,NULL,0),('WACCT3820fb32:189d2d45c3b:-7fcf','ACTIVE','1490','WACCT3820fb32:189d2d45c3b:-7fcf',NULL,NULL,NULL,'',17,NULL,NULL,NULL,0),('WACCT3820fb32:189d2d45c3b:-7fd0','ACTIVE','1704','WACCT3820fb32:189d2d45c3b:-7fd0',NULL,NULL,NULL,'',16,NULL,NULL,NULL,0),('WACCT3820fb32:189d2d45c3b:-7fd1','ACTIVE','1735','WACCT3820fb32:189d2d45c3b:-7fd1',NULL,NULL,NULL,'',15,NULL,NULL,NULL,0),('WACCT3820fb32:189d2d45c3b:-7fd2','ACTIVE','2228','WACCT3820fb32:189d2d45c3b:-7fd2',NULL,NULL,NULL,'',14,NULL,NULL,NULL,0),('WACCT3820fb32:189d2d45c3b:-7fd3','ACTIVE','2051','WACCT3820fb32:189d2d45c3b:-7fd3',NULL,NULL,NULL,'',13,NULL,NULL,NULL,0),('WACCT3820fb32:189d2d45c3b:-7fd4','ACTIVE','2048','WACCT3820fb32:189d2d45c3b:-7fd4',NULL,NULL,NULL,'',12,NULL,NULL,NULL,0),('WACCT3820fb32:189d2d45c3b:-7fd5','ACTIVE','1969','WACCT3820fb32:189d2d45c3b:-7fd5',NULL,NULL,NULL,'',11,NULL,NULL,NULL,0),('WACCT3820fb32:189d2d45c3b:-7fd6','ACTIVE','1492','WACCT3820fb32:189d2d45c3b:-7fd6',NULL,NULL,NULL,'',10,NULL,NULL,NULL,0),('WACCT3820fb32:189d2d45c3b:-7fd7','ACTIVE','2020','WACCT3820fb32:189d2d45c3b:-7fd7',NULL,NULL,NULL,'',9,NULL,NULL,NULL,0),('WACCT3820fb32:189d2d45c3b:-7fd8','ACTIVE','1491','WACCT3820fb32:189d2d45c3b:-7fd8',NULL,NULL,NULL,'',8,NULL,NULL,NULL,0),('WACCT3820fb32:189d2d45c3b:-7fd9','ACTIVE','1493','WACCT3820fb32:189d2d45c3b:-7fd9',NULL,NULL,NULL,'',7,NULL,NULL,NULL,0),('WACCT3820fb32:189d2d45c3b:-7fdb','ACTIVE','1747','WACCT3820fb32:189d2d45c3b:-7fdb',NULL,NULL,NULL,'',6,NULL,NULL,NULL,0),('WACCT3820fb32:189d2d45c3b:-7fdc','ACTIVE','2344','WACCT3820fb32:189d2d45c3b:-7fdc',NULL,NULL,NULL,'',5,NULL,NULL,NULL,0),('WACCT3820fb32:189d2d45c3b:-7fe5','ACTIVE','2345','WACCT3820fb32:189d2d45c3b:-7fe5',NULL,NULL,NULL,'',4,NULL,NULL,NULL,0),('WACCT3820fb32:189d2d45c3b:-7fe6','ACTIVE','2346','WACCT3820fb32:189d2d45c3b:-7fe6',NULL,NULL,NULL,'',3,NULL,NULL,NULL,0),('WACCT3820fb32:189d2d45c3b:-7fe7','ACTIVE','2302','WACCT3820fb32:189d2d45c3b:-7fe7',NULL,NULL,NULL,'',2,NULL,NULL,NULL,0),('WACCT3820fb32:189d2d45c3b:-7fec','ACTIVE','2303','WACCT3820fb32:189d2d45c3b:-7fec',NULL,NULL,NULL,'',1,NULL,NULL,NULL,0),('WACCT3820fb32:189d2d45c3b:-7fed','ACTIVE','2142','WACCT3820fb32:189d2d45c3b:-7fed',NULL,NULL,NULL,'',71,NULL,NULL,NULL,0),('WACCT3820fb32:189d2d45c3b:-7fee','ACTIVE','2137','WACCT3820fb32:189d2d45c3b:-7fee',NULL,NULL,NULL,'',70,NULL,NULL,NULL,0),('WACCT3820fb32:189d2d45c3b:-7fef','ACTIVE','1633','WACCT3820fb32:189d2d45c3b:-7fef',NULL,NULL,NULL,'',69,NULL,NULL,NULL,0),('WACCT3820fb32:189d2d45c3b:-7ff0','ACTIVE','1472','WACCT3820fb32:189d2d45c3b:-7ff0',NULL,NULL,NULL,'',66,NULL,NULL,NULL,0),('WACCT3820fb32:189d2d45c3b:-7ff1','ACTIVE','2131','WACCT3820fb32:189d2d45c3b:-7ff1',NULL,NULL,NULL,'',65,NULL,NULL,NULL,0),('WACCT3820fb32:189d2d45c3b:-7ff2','ACTIVE','2304','WACCT3820fb32:189d2d45c3b:-7ff2',NULL,NULL,NULL,'',64,NULL,NULL,NULL,0),('WACCT3820fb32:189d2d45c3b:-7ff3','ACTIVE','1471','WACCT3820fb32:189d2d45c3b:-7ff3',NULL,NULL,NULL,'',63,NULL,NULL,NULL,0),('WACCT3820fb32:189d2d45c3b:-7ff4','ACTIVE','2086','WACCT3820fb32:189d2d45c3b:-7ff4',NULL,NULL,NULL,'',62,NULL,NULL,NULL,0),('WACCT3820fb32:189d2d45c3b:-7ff5','ACTIVE','1469','WACCT3820fb32:189d2d45c3b:-7ff5',NULL,NULL,NULL,'',61,NULL,NULL,NULL,0),('WACCT3820fb32:189d2d45c3b:-7ff6','ACTIVE','1672','WACCT3820fb32:189d2d45c3b:-7ff6',NULL,NULL,NULL,'',60,NULL,NULL,NULL,0),('WACCT3820fb32:189d2d45c3b:-7ff7','ACTIVE','1468','WACCT3820fb32:189d2d45c3b:-7ff7',NULL,NULL,NULL,'',59,NULL,NULL,NULL,0),('WACCT3820fb32:189d2d45c3b:-7ff8','ACTIVE','1470','WACCT3820fb32:189d2d45c3b:-7ff8',NULL,NULL,NULL,'',58,NULL,NULL,NULL,0),('WACCT3820fb32:189d2d45c3b:-7ffa','ACTIVE','2110','WACCT3820fb32:189d2d45c3b:-7ffa',NULL,NULL,NULL,'',57,NULL,NULL,NULL,0),('WACCT3820fb32:189d2d45c3b:-7ffb','ACTIVE','1477','WACCT3820fb32:189d2d45c3b:-7ffb',NULL,NULL,NULL,'',56,NULL,NULL,NULL,0),('WACCT3820fb32:189d2d45c3b:-7ffc','ACTIVE','834','WACCT3820fb32:189d2d45c3b:-7ffc',NULL,NULL,NULL,'',55,NULL,NULL,NULL,0),('WACCT3820fb32:189d2d45c3b:-7ffd','ACTIVE','1467','WACCT3820fb32:189d2d45c3b:-7ffd',NULL,NULL,NULL,'',53,NULL,NULL,NULL,0),('WACCT3820fb32:189d2d45c3b:-7ffe','ACTIVE','1465','WACCT3820fb32:189d2d45c3b:-7ffe',NULL,NULL,NULL,'',52,NULL,NULL,NULL,0),('WACCT3820fb32:189d2d45c3b:-7fff','ACTIVE','207','WACCT3820fb32:189d2d45c3b:-7fff',NULL,NULL,NULL,'',51,NULL,NULL,NULL,0),('WACCT3820fb32:189d2d45c3b:-8000','ACTIVE','2093','WACCT3820fb32:189d2d45c3b:-8000',NULL,NULL,NULL,'',50,NULL,NULL,NULL,0),('WACCT442a2c4b:18a62c2ead0:-7feb','ACTIVE','2056','WACCT442a2c4b:18a62c2ead0:-7feb',NULL,NULL,NULL,'',34,NULL,NULL,NULL,0),('WACCT442a2c4b:18a62c2ead0:-7fec','ACTIVE','1763','WACCT442a2c4b:18a62c2ead0:-7fec',NULL,NULL,NULL,'',33,NULL,NULL,NULL,0),('WACCT442a2c4b:18a62c2ead0:-7fed','ACTIVE','1961','WACCT442a2c4b:18a62c2ead0:-7fed',NULL,NULL,NULL,'',32,NULL,NULL,NULL,0),('WACCT442a2c4b:18a62c2ead0:-7fee','ACTIVE','1680','WACCT442a2c4b:18a62c2ead0:-7fee',NULL,NULL,NULL,'',32,NULL,NULL,NULL,0),('WACCT442a2c4b:18a62c2ead0:-7ff0','ACTIVE','741','WACCT442a2c4b:18a62c2ead0:-7ff0',NULL,NULL,NULL,'',31,NULL,NULL,NULL,0),('WACCT442a2c4b:18a62c2ead0:-7ff1','ACTIVE','740','WACCT442a2c4b:18a62c2ead0:-7ff1',NULL,NULL,NULL,'',31,NULL,NULL,NULL,0),('WACCT442a2c4b:18a62c2ead0:-7ff2','ACTIVE','739','WACCT442a2c4b:18a62c2ead0:-7ff2',NULL,NULL,NULL,'',30,NULL,NULL,NULL,0),('WACCT442a2c4b:18a62c2ead0:-7ff3','ACTIVE','738','WACCT442a2c4b:18a62c2ead0:-7ff3',NULL,NULL,NULL,'',29,NULL,NULL,NULL,0),('WACCT442a2c4b:18a62c2ead0:-7ff5','ACTIVE','737','WACCT442a2c4b:18a62c2ead0:-7ff5',NULL,NULL,NULL,'',28,NULL,NULL,NULL,0),('WACCT442a2c4b:18a62c2ead0:-7ff6','ACTIVE','736','WACCT442a2c4b:18a62c2ead0:-7ff6',NULL,NULL,NULL,'',27,NULL,NULL,NULL,0),('WACCT442a2c4b:18a62c2ead0:-7ff7','ACTIVE','735','WACCT442a2c4b:18a62c2ead0:-7ff7',NULL,NULL,NULL,'',27,NULL,NULL,NULL,0),('WACCT442a2c4b:18a62c2ead0:-7ff8','ACTIVE','734','WACCT442a2c4b:18a62c2ead0:-7ff8',NULL,NULL,NULL,'',26,NULL,NULL,NULL,0),('WACCT442a2c4b:18a62c2ead0:-7ff9','ACTIVE','733','WACCT442a2c4b:18a62c2ead0:-7ff9',NULL,NULL,NULL,'',25,NULL,NULL,NULL,0),('WACCT442a2c4b:18a62c2ead0:-7ffa','ACTIVE','1590','WACCT442a2c4b:18a62c2ead0:-7ffa',NULL,NULL,NULL,'',23,NULL,NULL,NULL,0),('WACCT442a2c4b:18a62c2ead0:-7ffb','ACTIVE','732','WACCT442a2c4b:18a62c2ead0:-7ffb',NULL,NULL,NULL,'',23,NULL,NULL,NULL,0),('WACCT442a2c4b:18a62c2ead0:-7ffc','ACTIVE','731','WACCT442a2c4b:18a62c2ead0:-7ffc',NULL,NULL,NULL,'',22,NULL,NULL,NULL,0),('WACCT442a2c4b:18a62c2ead0:-7ffd','ACTIVE','730','WACCT442a2c4b:18a62c2ead0:-7ffd',NULL,NULL,NULL,'',22,NULL,NULL,NULL,0),('WACCT442a2c4b:18a62c2ead0:-7ffe','ACTIVE','729','WACCT442a2c4b:18a62c2ead0:-7ffe',NULL,NULL,NULL,'',22,NULL,NULL,NULL,0),('WACCT442a2c4b:18a62c2ead0:-7fff','ACTIVE','728','WACCT442a2c4b:18a62c2ead0:-7fff',NULL,NULL,NULL,'',21,NULL,NULL,NULL,0),('WACCT442a2c4b:18a62c2ead0:-8000','ACTIVE','727','WACCT442a2c4b:18a62c2ead0:-8000',NULL,NULL,NULL,'',20,NULL,NULL,NULL,0),('WACCT4d8c0d7e:189b925a776:-7fb5','ACTIVE','1456','WACCT4d8c0d7e:189b925a776:-7fb5',NULL,NULL,NULL,'',27,NULL,NULL,NULL,0),('WACCT4d8c0d7e:189b925a776:-7fb6','ACTIVE','1461','WACCT4d8c0d7e:189b925a776:-7fb6',NULL,NULL,NULL,'',26,NULL,NULL,NULL,0),('WACCT4d8c0d7e:189b925a776:-7fb7','ACTIVE','2298','WACCT4d8c0d7e:189b925a776:-7fb7',NULL,NULL,NULL,'',25,NULL,NULL,NULL,0),('WACCT4d8c0d7e:189b925a776:-7fb8','ACTIVE','2161','WACCT4d8c0d7e:189b925a776:-7fb8',NULL,NULL,NULL,'',24,NULL,NULL,NULL,0),('WACCT4d8c0d7e:189b925a776:-7fb9','ACTIVE','1460','WACCT4d8c0d7e:189b925a776:-7fb9',NULL,NULL,NULL,'',23,NULL,NULL,NULL,0),('WACCT4d8c0d7e:189b925a776:-7fba','ACTIVE','1458','WACCT4d8c0d7e:189b925a776:-7fba',NULL,NULL,NULL,'',22,NULL,NULL,NULL,0),('WACCT4d8c0d7e:189b925a776:-7fbb','ACTIVE','1712','WACCT4d8c0d7e:189b925a776:-7fbb',NULL,NULL,NULL,'',39,NULL,NULL,NULL,0),('WACCT4d8c0d7e:189b925a776:-7fd8','ACTIVE','1457','WACCT4d8c0d7e:189b925a776:-7fd8',NULL,NULL,NULL,'',21,NULL,NULL,NULL,0),('WACCT4d8c0d7e:189b925a776:-7fd9','ACTIVE','1565','WACCT4d8c0d7e:189b925a776:-7fd9',NULL,NULL,NULL,'',20,NULL,NULL,NULL,0),('WACCT4d8c0d7e:189b925a776:-7fda','ACTIVE','1748','WACCT4d8c0d7e:189b925a776:-7fda',NULL,NULL,NULL,'',19,NULL,NULL,NULL,0),('WACCT4d8c0d7e:189b925a776:-7fdb','ACTIVE','1453','WACCT4d8c0d7e:189b925a776:-7fdb',NULL,NULL,NULL,'',18,NULL,NULL,NULL,0),('WACCT4d8c0d7e:189b925a776:-7fdc','ACTIVE','2179','WACCT4d8c0d7e:189b925a776:-7fdc',NULL,NULL,NULL,'',17,NULL,NULL,NULL,0),('WACCT4d8c0d7e:189b925a776:-7fdd','ACTIVE','1452','WACCT4d8c0d7e:189b925a776:-7fdd',NULL,NULL,NULL,'',16,NULL,NULL,NULL,0),('WACCT4d8c0d7e:189b925a776:-7fde','ACTIVE','1451','WACCT4d8c0d7e:189b925a776:-7fde',NULL,NULL,NULL,'',15,NULL,NULL,NULL,0),('WACCT4d8c0d7e:189b925a776:-7fdf','ACTIVE','1450','WACCT4d8c0d7e:189b925a776:-7fdf',NULL,NULL,NULL,'',14,NULL,NULL,NULL,0),('WACCT4d8c0d7e:189b925a776:-7fe0','ACTIVE','2000','WACCT4d8c0d7e:189b925a776:-7fe0',NULL,NULL,NULL,'',13,NULL,NULL,NULL,0),('WACCT4d8c0d7e:189b925a776:-7fe1','ACTIVE','1449','WACCT4d8c0d7e:189b925a776:-7fe1',NULL,NULL,NULL,'',12,NULL,NULL,NULL,0),('WACCT4d8c0d7e:189b925a776:-7fe2','ACTIVE','1448','WACCT4d8c0d7e:189b925a776:-7fe2',NULL,NULL,NULL,'',11,NULL,NULL,NULL,0),('WACCT4d8c0d7e:189b925a776:-7fe3','ACTIVE','1447','WACCT4d8c0d7e:189b925a776:-7fe3',NULL,NULL,NULL,'',10,NULL,NULL,NULL,0),('WACCT4d8c0d7e:189b925a776:-7fe4','ACTIVE','1446','WACCT4d8c0d7e:189b925a776:-7fe4',NULL,NULL,NULL,'',9,NULL,NULL,NULL,0),('WACCT4d8c0d7e:189b925a776:-7ff9','ACTIVE','2259','WACCT4d8c0d7e:189b925a776:-7ff9',NULL,NULL,NULL,'',8,NULL,NULL,NULL,0),('WACCT4d8c0d7e:189b925a776:-7ffa','ACTIVE','1445','WACCT4d8c0d7e:189b925a776:-7ffa',NULL,NULL,NULL,'',7,NULL,NULL,NULL,0),('WACCT4d8c0d7e:189b925a776:-7ffb','ACTIVE','1444','WACCT4d8c0d7e:189b925a776:-7ffb',NULL,NULL,NULL,'',6,NULL,NULL,NULL,0),('WACCT4d8c0d7e:189b925a776:-7ffc','ACTIVE','1443','WACCT4d8c0d7e:189b925a776:-7ffc',NULL,NULL,NULL,'',5,NULL,NULL,NULL,0),('WACCT4d8c0d7e:189b925a776:-7ffd','ACTIVE','1442','WACCT4d8c0d7e:189b925a776:-7ffd',NULL,NULL,NULL,'',4,NULL,NULL,NULL,0),('WACCT4d8c0d7e:189b925a776:-7ffe','ACTIVE','1441','WACCT4d8c0d7e:189b925a776:-7ffe',NULL,NULL,NULL,'',3,NULL,NULL,NULL,0),('WACCT4d8c0d7e:189b925a776:-7fff','ACTIVE','2046','WACCT4d8c0d7e:189b925a776:-7fff',NULL,NULL,NULL,'',2,NULL,NULL,NULL,0),('WACCT4d8c0d7e:189b925a776:-8000','ACTIVE','1494','WACCT4d8c0d7e:189b925a776:-8000',NULL,NULL,NULL,'',1,NULL,NULL,NULL,0),('WACCT517ae648:18a06883977:-7fc1','ACTIVE','314','WACCT517ae648:18a06883977:-7fc1',NULL,NULL,NULL,'',119,NULL,NULL,NULL,0),('WACCT517ae648:18a06883977:-7fc2','ACTIVE','1823','WACCT517ae648:18a06883977:-7fc2',NULL,NULL,NULL,'',118,NULL,NULL,NULL,0),('WACCT517ae648:18a06883977:-7fc3','ACTIVE','2288','WACCT517ae648:18a06883977:-7fc3',NULL,NULL,NULL,'',117,NULL,NULL,NULL,0),('WACCT517ae648:18a06883977:-7fc4','ACTIVE','313','WACCT517ae648:18a06883977:-7fc4',NULL,NULL,NULL,'',116,NULL,NULL,NULL,0),('WACCT517ae648:18a06883977:-7fc5','ACTIVE','311','WACCT517ae648:18a06883977:-7fc5',NULL,NULL,NULL,'',115,NULL,NULL,NULL,0),('WACCT517ae648:18a06883977:-7fc6','ACTIVE','310','WACCT517ae648:18a06883977:-7fc6',NULL,NULL,NULL,'',114,NULL,NULL,NULL,0),('WACCT517ae648:18a06883977:-7fc7','ACTIVE','1988','WACCT517ae648:18a06883977:-7fc7',NULL,NULL,NULL,'',113,NULL,NULL,NULL,0),('WACCT517ae648:18a06883977:-7fc8','ACTIVE','308','WACCT517ae648:18a06883977:-7fc8',NULL,NULL,NULL,'',112,NULL,NULL,NULL,0),('WACCT517ae648:18a06883977:-7fc9','ACTIVE','1744','WACCT517ae648:18a06883977:-7fc9',NULL,NULL,NULL,'',111,NULL,NULL,NULL,0),('WACCT517ae648:18a06883977:-7fca','ACTIVE','309','WACCT517ae648:18a06883977:-7fca',NULL,NULL,NULL,'',110,NULL,NULL,NULL,0),('WACCT517ae648:18a06883977:-7fcc','ACTIVE','307','WACCT517ae648:18a06883977:-7fcc',NULL,NULL,NULL,'',108,NULL,NULL,NULL,0),('WACCT517ae648:18a06883977:-7fcd','ACTIVE','306','WACCT517ae648:18a06883977:-7fcd',NULL,NULL,NULL,'',107,NULL,NULL,NULL,0),('WACCT517ae648:18a06883977:-7fce','ACTIVE','2227','WACCT517ae648:18a06883977:-7fce',NULL,NULL,NULL,'',106,NULL,NULL,NULL,0),('WACCT517ae648:18a06883977:-7fcf','ACTIVE','2151','WACCT517ae648:18a06883977:-7fcf',NULL,NULL,NULL,'',105,NULL,NULL,NULL,0),('WACCT517ae648:18a06883977:-7fd0','ACTIVE','2201','WACCT517ae648:18a06883977:-7fd0',NULL,NULL,NULL,'',104,NULL,NULL,NULL,0),('WACCT517ae648:18a06883977:-7fd1','ACTIVE','2275','WACCT517ae648:18a06883977:-7fd1',NULL,NULL,NULL,'',103,NULL,NULL,NULL,0),('WACCT517ae648:18a06883977:-7fd2','ACTIVE','305','WACCT517ae648:18a06883977:-7fd2',NULL,NULL,NULL,'',102,NULL,NULL,NULL,0),('WACCT517ae648:18a06883977:-7fd3','ACTIVE','303','WACCT517ae648:18a06883977:-7fd3',NULL,NULL,NULL,'',101,NULL,NULL,NULL,0),('WACCT517ae648:18a06883977:-7fd4','ACTIVE','2017','WACCT517ae648:18a06883977:-7fd4',NULL,NULL,NULL,'',100,NULL,NULL,NULL,0),('WACCT517ae648:18a06883977:-7fd5','ACTIVE','302','WACCT517ae648:18a06883977:-7fd5',NULL,NULL,NULL,'',99,NULL,NULL,NULL,0),('WACCT517ae648:18a06883977:-7fd6','ACTIVE','304','WACCT517ae648:18a06883977:-7fd6',NULL,NULL,NULL,'',98,NULL,NULL,NULL,0),('WACCT517ae648:18a06883977:-7fd7','ACTIVE','1720','WACCT517ae648:18a06883977:-7fd7',NULL,NULL,NULL,'',96,NULL,NULL,NULL,0),('WACCT517ae648:18a06883977:-7fd8','ACTIVE','300','WACCT517ae648:18a06883977:-7fd8',NULL,NULL,NULL,'',95,NULL,NULL,NULL,0),('WACCT517ae648:18a06883977:-7fd9','ACTIVE','299','WACCT517ae648:18a06883977:-7fd9',NULL,NULL,NULL,'',94,NULL,NULL,NULL,0),('WACCT517ae648:18a06883977:-7fda','ACTIVE','298','WACCT517ae648:18a06883977:-7fda',NULL,NULL,NULL,'',93,NULL,NULL,NULL,0),('WACCT517ae648:18a06883977:-7fdb','ACTIVE','1968','WACCT517ae648:18a06883977:-7fdb',NULL,NULL,NULL,'',92,NULL,NULL,NULL,0),('WACCT517ae648:18a06883977:-7fdc','ACTIVE','297','WACCT517ae648:18a06883977:-7fdc',NULL,NULL,NULL,'',91,NULL,NULL,NULL,0),('WACCT517ae648:18a06883977:-7fdd','ACTIVE','1653','WACCT517ae648:18a06883977:-7fdd',NULL,NULL,NULL,'',90,NULL,NULL,NULL,0),('WACCT517ae648:18a06883977:-7fde','ACTIVE','296','WACCT517ae648:18a06883977:-7fde',NULL,NULL,NULL,'',89,NULL,NULL,NULL,0),('WACCT517ae648:18a06883977:-7fdf','ACTIVE','322','WACCT517ae648:18a06883977:-7fdf',NULL,NULL,NULL,'',88,NULL,NULL,NULL,0),('WACCT517ae648:18a06883977:-7fe0','ACTIVE','295','WACCT517ae648:18a06883977:-7fe0',NULL,NULL,NULL,'',87,NULL,NULL,NULL,0),('WACCT517ae648:18a06883977:-7fe1','ACTIVE','1859','WACCT517ae648:18a06883977:-7fe1',NULL,NULL,NULL,'',86,NULL,NULL,NULL,0),('WACCT517ae648:18a06883977:-7fe2','ACTIVE','294','WACCT517ae648:18a06883977:-7fe2',NULL,NULL,NULL,'',85,NULL,NULL,NULL,0),('WACCT517ae648:18a06883977:-7fe3','ACTIVE','293','WACCT517ae648:18a06883977:-7fe3',NULL,NULL,NULL,'',84,NULL,NULL,NULL,0),('WACCT517ae648:18a06883977:-7fe4','ACTIVE','292','WACCT517ae648:18a06883977:-7fe4',NULL,NULL,NULL,'',83,NULL,NULL,NULL,0),('WACCT517ae648:18a06883977:-7fe5','ACTIVE','290','WACCT517ae648:18a06883977:-7fe5',NULL,NULL,NULL,'',82,NULL,NULL,NULL,0),('WACCT517ae648:18a06883977:-7fe6','ACTIVE','289','WACCT517ae648:18a06883977:-7fe6',NULL,NULL,NULL,'',81,NULL,NULL,NULL,0),('WACCT517ae648:18a06883977:-7fe7','ACTIVE','288','WACCT517ae648:18a06883977:-7fe7',NULL,NULL,NULL,'',80,NULL,NULL,NULL,0),('WACCT517ae648:18a06883977:-7fe8','ACTIVE','2098','WACCT517ae648:18a06883977:-7fe8',NULL,NULL,NULL,'',79,NULL,NULL,NULL,0),('WACCT517ae648:18a06883977:-7fe9','ACTIVE','2109','WACCT517ae648:18a06883977:-7fe9',NULL,NULL,NULL,'',78,NULL,NULL,NULL,0),('WACCT517ae648:18a06883977:-7fea','ACTIVE','2082','WACCT517ae648:18a06883977:-7fea',NULL,NULL,NULL,'',77,NULL,NULL,NULL,0),('WACCT517ae648:18a06883977:-7feb','ACTIVE','287','WACCT517ae648:18a06883977:-7feb',NULL,NULL,NULL,'',76,NULL,NULL,NULL,0),('WACCT517ae648:18a06883977:-7fec','ACTIVE','286','WACCT517ae648:18a06883977:-7fec',NULL,NULL,NULL,'',75,NULL,NULL,NULL,0),('WACCT517ae648:18a06883977:-7fed','ACTIVE','285','WACCT517ae648:18a06883977:-7fed',NULL,NULL,NULL,'',74,NULL,NULL,NULL,0),('WACCT517ae648:18a06883977:-7fee','ACTIVE','323','WACCT517ae648:18a06883977:-7fee',NULL,NULL,NULL,'',73,NULL,NULL,NULL,0),('WACCT517ae648:18a06883977:-7fef','ACTIVE','282','WACCT517ae648:18a06883977:-7fef',NULL,NULL,NULL,'',72,NULL,NULL,NULL,0),('WACCT517ae648:18a06883977:-7ff0','ACTIVE','284','WACCT517ae648:18a06883977:-7ff0',NULL,NULL,NULL,'',71,NULL,NULL,NULL,0),('WACCT517ae648:18a06883977:-7ff1','ACTIVE','283','WACCT517ae648:18a06883977:-7ff1',NULL,NULL,NULL,'',69,NULL,NULL,NULL,0),('WACCT517ae648:18a06883977:-7ff2','ACTIVE','281','WACCT517ae648:18a06883977:-7ff2',NULL,NULL,NULL,'',68,NULL,NULL,NULL,0),('WACCT517ae648:18a06883977:-7ff3','ACTIVE','280','WACCT517ae648:18a06883977:-7ff3',NULL,NULL,NULL,'',67,NULL,NULL,NULL,0),('WACCT517ae648:18a06883977:-7ff4','ACTIVE','1926','WACCT517ae648:18a06883977:-7ff4',NULL,NULL,NULL,'',66,NULL,NULL,NULL,0),('WACCT517ae648:18a06883977:-7ff5','ACTIVE','279','WACCT517ae648:18a06883977:-7ff5',NULL,NULL,NULL,'',65,NULL,NULL,NULL,0),('WACCT517ae648:18a06883977:-7ff6','ACTIVE','278','WACCT517ae648:18a06883977:-7ff6',NULL,NULL,NULL,'',64,NULL,NULL,NULL,0),('WACCT517ae648:18a06883977:-7ff7','ACTIVE','2367','WACCT517ae648:18a06883977:-7ff7',NULL,NULL,NULL,'',63,NULL,NULL,NULL,0),('WACCT517ae648:18a06883977:-7ff8','ACTIVE','276','WACCT517ae648:18a06883977:-7ff8',NULL,NULL,NULL,'',62,NULL,NULL,NULL,0),('WACCT517ae648:18a06883977:-7ff9','ACTIVE','275','WACCT517ae648:18a06883977:-7ff9',NULL,NULL,NULL,'',61,NULL,NULL,NULL,0),('WACCT517ae648:18a06883977:-7ffa','ACTIVE','274','WACCT517ae648:18a06883977:-7ffa',NULL,NULL,NULL,'',60,NULL,NULL,NULL,0),('WACCT517ae648:18a06883977:-7ffb','ACTIVE','273','WACCT517ae648:18a06883977:-7ffb',NULL,NULL,NULL,'',59,NULL,NULL,NULL,0),('WACCT517ae648:18a06883977:-7ffc','ACTIVE','2033','WACCT517ae648:18a06883977:-7ffc',NULL,NULL,NULL,'',58,NULL,NULL,NULL,0),('WACCT54907434:18a0149c0b7:-7f53','ACTIVE','2027','WACCT54907434:18a0149c0b7:-7f53',NULL,NULL,NULL,'',57,NULL,NULL,NULL,0),('WACCT54907434:18a0149c0b7:-7f54','ACTIVE','2278','WACCT54907434:18a0149c0b7:-7f54',NULL,NULL,NULL,'',56,NULL,NULL,NULL,0),('WACCT54907434:18a0149c0b7:-7f55','ACTIVE','1755','WACCT54907434:18a0149c0b7:-7f55',NULL,NULL,NULL,'',55,NULL,NULL,NULL,0),('WACCT54907434:18a0149c0b7:-7f56','ACTIVE','270','WACCT54907434:18a0149c0b7:-7f56',NULL,NULL,NULL,'',54,NULL,NULL,NULL,0),('WACCT54907434:18a0149c0b7:-7f57','ACTIVE','2368','WACCT54907434:18a0149c0b7:-7f57',NULL,NULL,NULL,'',53,NULL,NULL,NULL,0),('WACCT54907434:18a0149c0b7:-7f58','ACTIVE','269','WACCT54907434:18a0149c0b7:-7f58',NULL,NULL,NULL,'',51,NULL,NULL,NULL,0),('WACCT54907434:18a0149c0b7:-7f59','ACTIVE','2202','WACCT54907434:18a0149c0b7:-7f59',NULL,NULL,NULL,'',50,NULL,NULL,NULL,0),('WACCT54907434:18a0149c0b7:-7f5a','ACTIVE','268','WACCT54907434:18a0149c0b7:-7f5a',NULL,NULL,NULL,'',49,NULL,NULL,NULL,0),('WACCT54907434:18a0149c0b7:-7f5b','ACTIVE','267','WACCT54907434:18a0149c0b7:-7f5b',NULL,NULL,NULL,'',48,NULL,NULL,NULL,0),('WACCT54907434:18a0149c0b7:-7f5c','ACTIVE','266','WACCT54907434:18a0149c0b7:-7f5c',NULL,NULL,NULL,'',47,NULL,NULL,NULL,0),('WACCT54907434:18a0149c0b7:-7f5d','ACTIVE','1998','WACCT54907434:18a0149c0b7:-7f5d',NULL,NULL,NULL,'',46,NULL,NULL,NULL,0),('WACCT54907434:18a0149c0b7:-7f5e','ACTIVE','265','WACCT54907434:18a0149c0b7:-7f5e',NULL,NULL,NULL,'',45,NULL,NULL,NULL,0),('WACCT54907434:18a0149c0b7:-7f5f','ACTIVE','261','WACCT54907434:18a0149c0b7:-7f5f',NULL,NULL,NULL,'',44,NULL,NULL,NULL,0),('WACCT54907434:18a0149c0b7:-7f60','ACTIVE','264','WACCT54907434:18a0149c0b7:-7f60',NULL,NULL,NULL,'',43,NULL,NULL,NULL,0),('WACCT54907434:18a0149c0b7:-7f61','ACTIVE','263','WACCT54907434:18a0149c0b7:-7f61',NULL,NULL,NULL,'',42,NULL,NULL,NULL,0),('WACCT54907434:18a0149c0b7:-7f62','ACTIVE','262','WACCT54907434:18a0149c0b7:-7f62',NULL,NULL,NULL,'',41,NULL,NULL,NULL,0),('WACCT54907434:18a0149c0b7:-7f63','ACTIVE','2277','WACCT54907434:18a0149c0b7:-7f63',NULL,NULL,NULL,'',40,NULL,NULL,NULL,0),('WACCT54907434:18a0149c0b7:-7f64','ACTIVE','2291','WACCT54907434:18a0149c0b7:-7f64',NULL,NULL,NULL,'',39,NULL,NULL,NULL,0),('WACCT54907434:18a0149c0b7:-7f65','ACTIVE','324','WACCT54907434:18a0149c0b7:-7f65',NULL,NULL,NULL,'',38,NULL,NULL,NULL,0),('WACCT54907434:18a0149c0b7:-7f66','ACTIVE','260','WACCT54907434:18a0149c0b7:-7f66',NULL,NULL,NULL,'',37,NULL,NULL,NULL,0),('WACCT54907434:18a0149c0b7:-7f67','ACTIVE','259','WACCT54907434:18a0149c0b7:-7f67',NULL,NULL,NULL,'',36,NULL,NULL,NULL,0),('WACCT54907434:18a0149c0b7:-7f68','ACTIVE','258','WACCT54907434:18a0149c0b7:-7f68',NULL,NULL,NULL,'',35,NULL,NULL,NULL,0),('WACCT54907434:18a0149c0b7:-7f69','ACTIVE','257','WACCT54907434:18a0149c0b7:-7f69',NULL,NULL,NULL,'',34,NULL,NULL,NULL,0),('WACCT54907434:18a0149c0b7:-7f6a','ACTIVE','1908','WACCT54907434:18a0149c0b7:-7f6a',NULL,NULL,NULL,'',33,NULL,NULL,NULL,0),('WACCT54907434:18a0149c0b7:-7f6b','ACTIVE','256','WACCT54907434:18a0149c0b7:-7f6b',NULL,NULL,NULL,'',32,NULL,NULL,NULL,0),('WACCT54907434:18a0149c0b7:-7f6c','ACTIVE','255','WACCT54907434:18a0149c0b7:-7f6c',NULL,NULL,NULL,'',31,NULL,NULL,NULL,0),('WACCT54907434:18a0149c0b7:-7f6d','ACTIVE','254','WACCT54907434:18a0149c0b7:-7f6d',NULL,NULL,NULL,'',30,NULL,NULL,NULL,0),('WACCT54907434:18a0149c0b7:-7f6e','ACTIVE','2090','WACCT54907434:18a0149c0b7:-7f6e',NULL,NULL,NULL,'',29,NULL,NULL,NULL,0),('WACCT54907434:18a0149c0b7:-7f6f','ACTIVE','253','WACCT54907434:18a0149c0b7:-7f6f',NULL,NULL,NULL,'',28,NULL,NULL,NULL,0),('WACCT54907434:18a0149c0b7:-7f70','ACTIVE','2127','WACCT54907434:18a0149c0b7:-7f70',NULL,NULL,NULL,'',26,NULL,NULL,NULL,0),('WACCT54907434:18a0149c0b7:-7f71','ACTIVE','251','WACCT54907434:18a0149c0b7:-7f71',NULL,NULL,NULL,'',25,NULL,NULL,NULL,0),('WACCT54907434:18a0149c0b7:-7f72','ACTIVE','249','WACCT54907434:18a0149c0b7:-7f72',NULL,NULL,NULL,'',24,NULL,NULL,NULL,0),('WACCT54907434:18a0149c0b7:-7f73','ACTIVE','250','WACCT54907434:18a0149c0b7:-7f73',NULL,NULL,NULL,'',23,NULL,NULL,NULL,0),('WACCT54907434:18a0149c0b7:-7f74','ACTIVE','248','WACCT54907434:18a0149c0b7:-7f74',NULL,NULL,NULL,'',22,NULL,NULL,NULL,0),('WACCT54907434:18a0149c0b7:-7f75','ACTIVE','247','WACCT54907434:18a0149c0b7:-7f75',NULL,NULL,NULL,'',21,NULL,NULL,NULL,0),('WACCT54907434:18a0149c0b7:-7f76','ACTIVE','246','WACCT54907434:18a0149c0b7:-7f76',NULL,NULL,NULL,'',20,NULL,NULL,NULL,0),('WACCT54907434:18a0149c0b7:-7f77','ACTIVE','1956','WACCT54907434:18a0149c0b7:-7f77',NULL,NULL,NULL,'',19,NULL,NULL,NULL,0),('WACCT54907434:18a0149c0b7:-7f78','ACTIVE','1884','WACCT54907434:18a0149c0b7:-7f78',NULL,NULL,NULL,'',18,NULL,NULL,NULL,0),('WACCT54907434:18a0149c0b7:-7f79','ACTIVE','244','WACCT54907434:18a0149c0b7:-7f79',NULL,NULL,NULL,'',17,NULL,NULL,NULL,0),('WACCT54907434:18a0149c0b7:-7f7a','ACTIVE','245','WACCT54907434:18a0149c0b7:-7f7a',NULL,NULL,NULL,'',16,NULL,NULL,NULL,0),('WACCT54907434:18a0149c0b7:-7f7b','ACTIVE','243','WACCT54907434:18a0149c0b7:-7f7b',NULL,NULL,NULL,'',15,NULL,NULL,NULL,0),('WACCT54907434:18a0149c0b7:-7f7c','ACTIVE','242','WACCT54907434:18a0149c0b7:-7f7c',NULL,NULL,NULL,'',14,NULL,NULL,NULL,0),('WACCT54907434:18a0149c0b7:-7f7d','ACTIVE','241','WACCT54907434:18a0149c0b7:-7f7d',NULL,NULL,NULL,'',13,NULL,NULL,NULL,0),('WACCT54907434:18a0149c0b7:-7f7e','ACTIVE','1892','WACCT54907434:18a0149c0b7:-7f7e',NULL,NULL,NULL,'',12,NULL,NULL,NULL,0),('WACCT54907434:18a0149c0b7:-7f7f','ACTIVE','1721','WACCT54907434:18a0149c0b7:-7f7f',NULL,NULL,NULL,'',11,NULL,NULL,NULL,0),('WACCT54907434:18a0149c0b7:-7f80','ACTIVE','1871','WACCT54907434:18a0149c0b7:-7f80',NULL,NULL,NULL,'',10,NULL,NULL,NULL,0),('WACCT54907434:18a0149c0b7:-7f81','ACTIVE','2019','WACCT54907434:18a0149c0b7:-7f81',NULL,NULL,NULL,'',9,NULL,NULL,NULL,0),('WACCT54907434:18a0149c0b7:-7f82','ACTIVE','1598','WACCT54907434:18a0149c0b7:-7f82',NULL,NULL,NULL,'',8,NULL,NULL,NULL,0),('WACCT54907434:18a0149c0b7:-7f83','ACTIVE','1862','WACCT54907434:18a0149c0b7:-7f83',NULL,NULL,NULL,'',7,NULL,NULL,NULL,0),('WACCT54907434:18a0149c0b7:-7f84','ACTIVE','1667','WACCT54907434:18a0149c0b7:-7f84',NULL,NULL,NULL,'',6,NULL,NULL,NULL,0),('WACCT54907434:18a0149c0b7:-7f85','ACTIVE','239','WACCT54907434:18a0149c0b7:-7f85',NULL,NULL,NULL,'',5,NULL,NULL,NULL,0),('WACCT54907434:18a0149c0b7:-7f86','ACTIVE','2136','WACCT54907434:18a0149c0b7:-7f86',NULL,NULL,NULL,'',4,NULL,NULL,NULL,0),('WACCT54907434:18a0149c0b7:-7f87','ACTIVE','238','WACCT54907434:18a0149c0b7:-7f87',NULL,NULL,NULL,'',3,NULL,NULL,NULL,0),('WACCT54907434:18a0149c0b7:-7f88','ACTIVE','237','WACCT54907434:18a0149c0b7:-7f88',NULL,NULL,NULL,'',2,NULL,NULL,NULL,0),('WACCT54907434:18a0149c0b7:-7f89','ACTIVE','236','WACCT54907434:18a0149c0b7:-7f89',NULL,NULL,NULL,'',1,NULL,NULL,NULL,0),('WACCT54907434:18a0149c0b7:-7f8a','ACTIVE','2100','WACCT54907434:18a0149c0b7:-7f8a',NULL,NULL,NULL,'',72,'WBILL-2944cef5:18a8251926c:-7f40',NULL,NULL,0),('WACCT54907434:18a0149c0b7:-7f8b','ACTIVE','1883','WACCT54907434:18a0149c0b7:-7f8b',NULL,NULL,NULL,'',71,'WBILL-2944cef5:18a8251926c:-7f61',NULL,NULL,0),('WACCT54907434:18a0149c0b7:-7f8c','ACTIVE','2347','WACCT54907434:18a0149c0b7:-7f8c',NULL,NULL,NULL,'',70,'WBILL-46eef0e9:18a86fcf72d:-7f6d',NULL,NULL,0),('WACCT54907434:18a0149c0b7:-7f8d','ACTIVE','2004','WACCT54907434:18a0149c0b7:-7f8d',NULL,NULL,NULL,'',69,'WBILL-2944cef5:18a8251926c:-7f51',NULL,NULL,0),('WACCT54907434:18a0149c0b7:-7f8e','ACTIVE','2002','WACCT54907434:18a0149c0b7:-7f8e',NULL,NULL,NULL,'',68,'WBILL-2944cef5:18a8251926c:-7f55',NULL,NULL,0),('WACCT54907434:18a0149c0b7:-7f8f','ACTIVE','124','WACCT54907434:18a0149c0b7:-7f8f',NULL,NULL,NULL,'',67,'WBILL-46eef0e9:18a86fcf72d:-7f74',NULL,NULL,0),('WACCT54907434:18a0149c0b7:-7f90','ACTIVE','325','WACCT54907434:18a0149c0b7:-7f90',NULL,NULL,NULL,'',66,NULL,NULL,NULL,0),('WACCT54907434:18a0149c0b7:-7f91','ACTIVE','1713','WACCT54907434:18a0149c0b7:-7f91',NULL,NULL,NULL,'',65,'WBILL-2944cef5:18a8251926c:-7f69',NULL,NULL,0),('WACCT54907434:18a0149c0b7:-7f92','ACTIVE','328','WACCT54907434:18a0149c0b7:-7f92',NULL,NULL,NULL,'',64,'WBILL-46eef0e9:18a86fcf72d:-7f7b',NULL,NULL,0),('WACCT54907434:18a0149c0b7:-7f93','ACTIVE','327','WACCT54907434:18a0149c0b7:-7f93',NULL,NULL,NULL,'',63,'WBILL-46eef0e9:18a86fcf72d:-7f82',NULL,NULL,0),('WACCT54907434:18a0149c0b7:-7f94','ACTIVE','326','WACCT54907434:18a0149c0b7:-7f94',NULL,NULL,NULL,'',62,'WBILL-46eef0e9:18a86fcf72d:-7f89',NULL,NULL,0),('WACCT54907434:18a0149c0b7:-7f95','ACTIVE','329','WACCT54907434:18a0149c0b7:-7f95',NULL,NULL,NULL,'',61,'WBILL-46eef0e9:18a86fcf72d:-7f90',NULL,NULL,0),('WACCT54907434:18a0149c0b7:-7f96','ACTIVE','331','WACCT54907434:18a0149c0b7:-7f96',NULL,NULL,NULL,'',60,NULL,NULL,NULL,0),('WACCT54907434:18a0149c0b7:-7f97','ACTIVE','330','WACCT54907434:18a0149c0b7:-7f97',NULL,NULL,NULL,'',59,'WBILL-2944cef5:18a8251926c:-7fec',NULL,NULL,0),('WACCT54907434:18a0149c0b7:-7f98','ACTIVE','332','WACCT54907434:18a0149c0b7:-7f98',NULL,NULL,NULL,'',58,'WBILL-2944cef5:18a8251926c:-7fe9',NULL,NULL,0),('WACCT54907434:18a0149c0b7:-7f99','ACTIVE','333','WACCT54907434:18a0149c0b7:-7f99',NULL,NULL,NULL,'',57,'WBILL-46eef0e9:18a86fcf72d:-7f97',NULL,NULL,0),('WACCT54907434:18a0149c0b7:-7f9a','ACTIVE','334','WACCT54907434:18a0149c0b7:-7f9a',NULL,NULL,NULL,'',56,'WBILL-46eef0e9:18a86fcf72d:-7f9e',NULL,NULL,0),('WACCT54907434:18a0149c0b7:-7f9b','ACTIVE','1978','WACCT54907434:18a0149c0b7:-7f9b',NULL,NULL,NULL,'',55,'WBILL-2944cef5:18a8251926c:-7f59',NULL,NULL,0),('WACCT54907434:18a0149c0b7:-7f9c','ACTIVE','336','WACCT54907434:18a0149c0b7:-7f9c',NULL,NULL,NULL,'',54,'WBILL-46eef0e9:18a86fcf72d:-7fa5',NULL,NULL,0),('WACCT54907434:18a0149c0b7:-7f9d','ACTIVE','335','WACCT54907434:18a0149c0b7:-7f9d',NULL,NULL,NULL,'',53,'WBILL-2944cef5:18a8251926c:-7fe5',NULL,NULL,0),('WACCT54907434:18a0149c0b7:-7f9e','ACTIVE','1835','WACCT54907434:18a0149c0b7:-7f9e',NULL,NULL,NULL,'',52,'WBILL-2944cef5:18a8251926c:-7f65',NULL,NULL,0),('WACCT54907434:18a0149c0b7:-7f9f','ACTIVE','337','WACCT54907434:18a0149c0b7:-7f9f',NULL,NULL,NULL,'',51,'WBILL-2944cef5:18a8251926c:-7fe1',NULL,NULL,0),('WACCT54907434:18a0149c0b7:-7fa0','ACTIVE','350','WACCT54907434:18a0149c0b7:-7fa0',NULL,NULL,NULL,'',50,'WBILL-46eef0e9:18a86fcf72d:-7fac',NULL,NULL,0),('WACCT54907434:18a0149c0b7:-7fa1','ACTIVE','1942','WACCT54907434:18a0149c0b7:-7fa1',NULL,NULL,NULL,'',49,'WBILL-2944cef5:18a8251926c:-7f5d',NULL,NULL,0),('WACCT54907434:18a0149c0b7:-7fa2','ACTIVE','353','WACCT54907434:18a0149c0b7:-7fa2',NULL,NULL,NULL,'',48,'WBILL-2944cef5:18a8251926c:-7fa9',NULL,NULL,0),('WACCT54907434:18a0149c0b7:-7fa3','ACTIVE','2031','WACCT54907434:18a0149c0b7:-7fa3',NULL,NULL,NULL,'',47,'WBILL-2944cef5:18a8251926c:-7f4d',NULL,NULL,0),('WACCT54907434:18a0149c0b7:-7fa4','ACTIVE','352','WACCT54907434:18a0149c0b7:-7fa4',NULL,NULL,NULL,'',46,'WBILL-2944cef5:18a8251926c:-7fad',NULL,NULL,0),('WACCT54907434:18a0149c0b7:-7fa5','ACTIVE','351','WACCT54907434:18a0149c0b7:-7fa5',NULL,NULL,NULL,'',45,'WBILL-2944cef5:18a8251926c:-7fb1',NULL,NULL,0),('WACCT54907434:18a0149c0b7:-7fa6','ACTIVE','1679','WACCT54907434:18a0149c0b7:-7fa6',NULL,NULL,NULL,'',44,'WBILL-46eef0e9:18a86fcf72d:-7fb3',NULL,NULL,0),('WACCT54907434:18a0149c0b7:-7fa7','ACTIVE','349','WACCT54907434:18a0149c0b7:-7fa7',NULL,NULL,NULL,'',43,'WBILL-2944cef5:18a8251926c:-7fb5',NULL,NULL,0),('WACCT54907434:18a0149c0b7:-7fa8','ACTIVE','348','WACCT54907434:18a0149c0b7:-7fa8',NULL,NULL,NULL,'',42,'WBILL-2944cef5:18a8251926c:-7fb9',NULL,NULL,0),('WACCT54907434:18a0149c0b7:-7fa9','ACTIVE','347','WACCT54907434:18a0149c0b7:-7fa9',NULL,NULL,NULL,'',41,'WBILL-2944cef5:18a8251926c:-7fbd',NULL,NULL,0),('WACCT54907434:18a0149c0b7:-7faa','ACTIVE','346','WACCT54907434:18a0149c0b7:-7faa',NULL,NULL,NULL,'',40,'WBILL-2944cef5:18a8251926c:-7fc1',NULL,NULL,0),('WACCT54907434:18a0149c0b7:-7fab','ACTIVE','345','WACCT54907434:18a0149c0b7:-7fab',NULL,NULL,NULL,'',39,'WBILL-2944cef5:18a8251926c:-7fc5',NULL,NULL,0),('WACCT54907434:18a0149c0b7:-7fac','ACTIVE','342','WACCT54907434:18a0149c0b7:-7fac',NULL,NULL,NULL,'',38,'WBILL-2944cef5:18a8251926c:-7fd1',NULL,NULL,0),('WACCT54907434:18a0149c0b7:-7fad','ACTIVE','344','WACCT54907434:18a0149c0b7:-7fad',NULL,NULL,NULL,'',37,'WBILL-46eef0e9:18a86fcf72d:-7fba',NULL,NULL,0),('WACCT54907434:18a0149c0b7:-7fae','ACTIVE','343','WACCT54907434:18a0149c0b7:-7fae',NULL,NULL,NULL,'',36,'WBILL-2944cef5:18a8251926c:-7fc8',NULL,NULL,0),('WACCT54907434:18a0149c0b7:-7faf','ACTIVE','372','WACCT54907434:18a0149c0b7:-7faf',NULL,NULL,NULL,'',35,'WBILL-46eef0e9:18a86fcf72d:-7fc1',NULL,NULL,0),('WACCT54907434:18a0149c0b7:-7fb0','ACTIVE','341','WACCT54907434:18a0149c0b7:-7fb0',NULL,NULL,NULL,'',34,'WBILL-2944cef5:18a8251926c:-7fd5',NULL,NULL,0),('WACCT54907434:18a0149c0b7:-7fb1','ACTIVE','1662','WACCT54907434:18a0149c0b7:-7fb1',NULL,NULL,NULL,'',33,'WBILL-2944cef5:18a8251926c:-7f6d',NULL,NULL,0),('WACCT54907434:18a0149c0b7:-7fb2','ACTIVE','365','WACCT54907434:18a0149c0b7:-7fb2',NULL,NULL,NULL,'',32,'WBILL-46eef0e9:18a86fcf72d:-7fc8',NULL,NULL,0),('WACCT54907434:18a0149c0b7:-7fb3','ACTIVE','364','WACCT54907434:18a0149c0b7:-7fb3',NULL,NULL,NULL,'',31,'WBILL-46eef0e9:18a86fcf72d:-7fcf',NULL,NULL,0),('WACCT54907434:18a0149c0b7:-7fb4','ACTIVE','362','WACCT54907434:18a0149c0b7:-7fb4',NULL,NULL,NULL,'',30,'WBILL-2944cef5:18a8251926c:-7f89',NULL,NULL,0),('WACCT54907434:18a0149c0b7:-7fb5','ACTIVE','363','WACCT54907434:18a0149c0b7:-7fb5',NULL,NULL,NULL,'',29,'WBILL-2944cef5:18a8251926c:-7f85',NULL,NULL,0),('WACCT54907434:18a0149c0b7:-7fb6','ACTIVE','2335','WACCT54907434:18a0149c0b7:-7fb6',NULL,NULL,NULL,'',28,'WBILL-46eef0e9:18a86fcf72d:-7fd6',NULL,NULL,0),('WACCT54907434:18a0149c0b7:-7fb7','ACTIVE','361','WACCT54907434:18a0149c0b7:-7fb7',NULL,NULL,NULL,'',27,'WBILL-2944cef5:18a8251926c:-7f8d',NULL,NULL,0),('WACCT54907434:18a0149c0b7:-7fb8','ACTIVE','2358','WACCT54907434:18a0149c0b7:-7fb8',NULL,NULL,NULL,'',26,'WBILL-2944cef5:18a8251926c:-7f24',NULL,NULL,0),('WACCT54907434:18a0149c0b7:-7fb9','ACTIVE','2372','WACCT54907434:18a0149c0b7:-7fb9',NULL,NULL,NULL,'',25,'WBILL-2944cef5:18a8251926c:-7f21',NULL,NULL,0),('WACCT54907434:18a0149c0b7:-7fba','ACTIVE','360','WACCT54907434:18a0149c0b7:-7fba',NULL,NULL,NULL,'',24,'WBILL-2944cef5:18a8251926c:-7f90',NULL,NULL,0),('WACCT54907434:18a0149c0b7:-7fbb','ACTIVE','359','WACCT54907434:18a0149c0b7:-7fbb',NULL,NULL,NULL,'',23,'WBILL-2944cef5:18a8251926c:-7f99',NULL,NULL,0),('WACCT54907434:18a0149c0b7:-7fbc','ACTIVE','358','WACCT54907434:18a0149c0b7:-7fbc',NULL,NULL,NULL,'',22,'WBILL-46eef0e9:18a86fcf72d:-7fdd',NULL,NULL,0),('WACCT54907434:18a0149c0b7:-7fbd','ACTIVE','357','WACCT54907434:18a0149c0b7:-7fbd',NULL,NULL,NULL,'',21,'WBILL-46eef0e9:18a86fcf72d:-7fe4',NULL,NULL,0),('WACCT54907434:18a0149c0b7:-7fbe','ACTIVE','356','WACCT54907434:18a0149c0b7:-7fbe',NULL,NULL,NULL,'',20,'WBILL-46eef0e9:18a86fcf72d:-7feb',NULL,NULL,0),('WACCT54907434:18a0149c0b7:-7fbf','ACTIVE','355','WACCT54907434:18a0149c0b7:-7fbf',NULL,NULL,NULL,'',19,'WBILL-2944cef5:18a8251926c:-7f9c',NULL,NULL,0),('WACCT54907434:18a0149c0b7:-7fc0','ACTIVE','354','WACCT54907434:18a0149c0b7:-7fc0',NULL,NULL,NULL,'',18,'WBILL-2944cef5:18a8251926c:-7fa5',NULL,NULL,0),('WACCT54907434:18a0149c0b7:-7fc1','ACTIVE','340','WACCT54907434:18a0149c0b7:-7fc1',NULL,NULL,NULL,'',17,'WBILL-46eef0e9:18a86fcf72d:-7ff2',NULL,NULL,0),('WACCT54907434:18a0149c0b7:-7fc2','ACTIVE','2286','WACCT54907434:18a0149c0b7:-7fc2',NULL,NULL,NULL,'',16,'WBILL-2944cef5:18a8251926c:-7f2d',NULL,NULL,0),('WACCT54907434:18a0149c0b7:-7fc3','ACTIVE','2285','WACCT54907434:18a0149c0b7:-7fc3',NULL,NULL,NULL,'',15,'WBILL-2944cef5:18a8251926c:-7f31',NULL,NULL,0),('WACCT54907434:18a0149c0b7:-7fc4','ACTIVE','1833','WACCT54907434:18a0149c0b7:-7fc4',NULL,NULL,NULL,'',14,NULL,NULL,NULL,0),('WACCT54907434:18a0149c0b7:-7fc5','ACTIVE','338','WACCT54907434:18a0149c0b7:-7fc5',NULL,NULL,NULL,'',13,'WBILL-2944cef5:18a8251926c:-7fd8',NULL,NULL,0),('WACCT54907434:18a0149c0b7:-7fc6','ACTIVE','1777','WACCT54907434:18a0149c0b7:-7fc6',NULL,NULL,NULL,'',12,'WBILL-46eef0e9:18a86fcf72d:-7ff9',NULL,NULL,0),('WACCT54907434:18a0149c0b7:-7fc7','ACTIVE','2208','WACCT54907434:18a0149c0b7:-7fc7',NULL,NULL,NULL,'',11,'WBILL-2944cef5:18a8251926c:-7f3d',NULL,NULL,0),('WACCT54907434:18a0149c0b7:-7fc8','ACTIVE','2211','WACCT54907434:18a0149c0b7:-7fc8',NULL,NULL,NULL,'',10,'WBILL-2944cef5:18a8251926c:-7f35',NULL,NULL,0),('WACCT54907434:18a0149c0b7:-7fc9','ACTIVE','2210','WACCT54907434:18a0149c0b7:-7fc9',NULL,NULL,NULL,'',9,'WBILL-46eef0e9:18a86fcf72d:-8000',NULL,NULL,0),('WACCT54907434:18a0149c0b7:-7fca','ACTIVE','2209','WACCT54907434:18a0149c0b7:-7fca',NULL,NULL,NULL,'',8,'WBILL-2944cef5:18a8251926c:-7f39',NULL,NULL,0),('WACCT54907434:18a0149c0b7:-7fcb','ACTIVE','366','WACCT54907434:18a0149c0b7:-7fcb',NULL,NULL,NULL,'',7,'WBILL-2944cef5:18a8251926c:-7f16',NULL,NULL,0),('WACCT54907434:18a0149c0b7:-7fcc','ACTIVE','367','WACCT54907434:18a0149c0b7:-7fcc',NULL,NULL,NULL,'',6,'WBILL-2944cef5:18a8251926c:-7f1d',NULL,NULL,0),('WACCT54907434:18a0149c0b7:-7fcd','ACTIVE','1661','WACCT54907434:18a0149c0b7:-7fcd',NULL,NULL,NULL,'',5,'WBILL-2944cef5:18a8251926c:-7f70',NULL,NULL,0),('WACCT54907434:18a0149c0b7:-7fce','ACTIVE','368','WACCT54907434:18a0149c0b7:-7fce',NULL,NULL,NULL,'',4,NULL,NULL,NULL,0),('WACCT54907434:18a0149c0b7:-7fcf','ACTIVE','369','WACCT54907434:18a0149c0b7:-7fcf',NULL,NULL,NULL,'',3,'WBILL-2944cef5:18a8251926c:-7f81',NULL,NULL,0),('WACCT54907434:18a0149c0b7:-7fd0','ACTIVE','370','WACCT54907434:18a0149c0b7:-7fd0',NULL,NULL,NULL,'',2,'WBILL-2944cef5:18a8251926c:-7f7d',NULL,NULL,0),('WACCT54907434:18a0149c0b7:-7fd1','ACTIVE','371','WACCT54907434:18a0149c0b7:-7fd1',NULL,NULL,NULL,'',1,'WBILL-2944cef5:18a8251926c:-7f79',NULL,NULL,0),('WACCT54907434:18a0149c0b7:-7fd2','ACTIVE','2053','WACCT54907434:18a0149c0b7:-7fd2',NULL,NULL,NULL,'',46,NULL,NULL,NULL,0),('WACCT54907434:18a0149c0b7:-7fd3','ACTIVE','1496','WACCT54907434:18a0149c0b7:-7fd3',NULL,NULL,NULL,'',45,NULL,NULL,NULL,0),('WACCT54907434:18a0149c0b7:-7fd4','ACTIVE','1497','WACCT54907434:18a0149c0b7:-7fd4',NULL,NULL,NULL,'',44,NULL,NULL,NULL,0),('WACCT54907434:18a0149c0b7:-7fd5','ACTIVE','1841','WACCT54907434:18a0149c0b7:-7fd5',NULL,NULL,NULL,'',43,NULL,NULL,NULL,0),('WACCT54907434:18a0149c0b7:-7fd6','ACTIVE','1500','WACCT54907434:18a0149c0b7:-7fd6',NULL,NULL,NULL,'',42,NULL,NULL,NULL,0),('WACCT54907434:18a0149c0b7:-7fd7','ACTIVE','1502','WACCT54907434:18a0149c0b7:-7fd7',NULL,NULL,NULL,'',41,NULL,NULL,NULL,0),('WACCT54907434:18a0149c0b7:-7fd8','ACTIVE','1495','WACCT54907434:18a0149c0b7:-7fd8',NULL,NULL,NULL,'',40,NULL,NULL,NULL,0),('WACCT54907434:18a0149c0b7:-7fd9','ACTIVE','1503','WACCT54907434:18a0149c0b7:-7fd9',NULL,NULL,NULL,'',39,NULL,NULL,NULL,0),('WACCT54907434:18a0149c0b7:-7fda','ACTIVE','1507','WACCT54907434:18a0149c0b7:-7fda',NULL,NULL,NULL,'',38,NULL,NULL,NULL,0),('WACCT54907434:18a0149c0b7:-7fdb','ACTIVE','1508','WACCT54907434:18a0149c0b7:-7fdb',NULL,NULL,NULL,'',37,NULL,NULL,NULL,0),('WACCT54907434:18a0149c0b7:-7fdc','ACTIVE','1505','WACCT54907434:18a0149c0b7:-7fdc',NULL,NULL,NULL,'',36,NULL,NULL,NULL,0),('WACCT54907434:18a0149c0b7:-7fdd','ACTIVE','1510','WACCT54907434:18a0149c0b7:-7fdd',NULL,NULL,NULL,'',35,NULL,NULL,NULL,0),('WACCT54907434:18a0149c0b7:-7fdf','ACTIVE','2045','WACCT54907434:18a0149c0b7:-7fdf',NULL,NULL,NULL,'',34,NULL,NULL,NULL,0),('WACCT54907434:18a0149c0b7:-7fe0','ACTIVE','1511','WACCT54907434:18a0149c0b7:-7fe0',NULL,NULL,NULL,'',33,NULL,NULL,NULL,0),('WACCT54907434:18a0149c0b7:-7fe1','ACTIVE','1810','WACCT54907434:18a0149c0b7:-7fe1',NULL,NULL,NULL,'',32,NULL,NULL,NULL,0),('WACCT54907434:18a0149c0b7:-7fe2','ACTIVE','1515','WACCT54907434:18a0149c0b7:-7fe2',NULL,NULL,NULL,'',31,NULL,NULL,NULL,0),('WACCT54907434:18a0149c0b7:-7fe3','ACTIVE','1773','WACCT54907434:18a0149c0b7:-7fe3',NULL,NULL,NULL,'',30,NULL,NULL,NULL,0),('WACCT54907434:18a0149c0b7:-7fe4','ACTIVE','846','WACCT54907434:18a0149c0b7:-7fe4',NULL,NULL,NULL,'',29,NULL,NULL,NULL,0),('WACCT54907434:18a0149c0b7:-7fe5','ACTIVE','1512','WACCT54907434:18a0149c0b7:-7fe5',NULL,NULL,NULL,'',28,NULL,NULL,NULL,0),('WACCT54907434:18a0149c0b7:-7fe6','ACTIVE','1513','WACCT54907434:18a0149c0b7:-7fe6',NULL,NULL,NULL,'',27,NULL,NULL,NULL,0),('WACCT54907434:18a0149c0b7:-7fe7','ACTIVE','1514','WACCT54907434:18a0149c0b7:-7fe7',NULL,NULL,NULL,'',26,NULL,NULL,NULL,0),('WACCT54907434:18a0149c0b7:-7fe8','ACTIVE','1518','WACCT54907434:18a0149c0b7:-7fe8',NULL,NULL,NULL,'',25,NULL,NULL,NULL,0),('WACCT54907434:18a0149c0b7:-7fe9','ACTIVE','1519','WACCT54907434:18a0149c0b7:-7fe9',NULL,NULL,NULL,'',24,NULL,NULL,NULL,0),('WACCT54907434:18a0149c0b7:-7fea','ACTIVE','1517','WACCT54907434:18a0149c0b7:-7fea',NULL,NULL,NULL,'',23,NULL,NULL,NULL,0),('WACCT54907434:18a0149c0b7:-7feb','ACTIVE','1807','WACCT54907434:18a0149c0b7:-7feb',NULL,NULL,NULL,'',22,NULL,NULL,NULL,0),('WACCT54907434:18a0149c0b7:-7fec','ACTIVE','1516','WACCT54907434:18a0149c0b7:-7fec',NULL,NULL,NULL,'',21,NULL,NULL,NULL,0),('WACCT54907434:18a0149c0b7:-7fed','ACTIVE','1260','WACCT54907434:18a0149c0b7:-7fed',NULL,NULL,NULL,'',20,NULL,NULL,NULL,0),('WACCT54907434:18a0149c0b7:-7fee','ACTIVE','2112','WACCT54907434:18a0149c0b7:-7fee',NULL,NULL,NULL,'',19,NULL,NULL,NULL,0),('WACCT54907434:18a0149c0b7:-7fef','ACTIVE','1530','WACCT54907434:18a0149c0b7:-7fef',NULL,NULL,NULL,'',18,NULL,NULL,NULL,0),('WACCT54907434:18a0149c0b7:-7ff0','ACTIVE','1521','WACCT54907434:18a0149c0b7:-7ff0',NULL,NULL,NULL,'',17,NULL,NULL,NULL,0),('WACCT54907434:18a0149c0b7:-7ff1','ACTIVE','1522','WACCT54907434:18a0149c0b7:-7ff1',NULL,NULL,NULL,'',16,NULL,NULL,NULL,0),('WACCT54907434:18a0149c0b7:-7ff2','ACTIVE','1523','WACCT54907434:18a0149c0b7:-7ff2',NULL,NULL,NULL,'',15,NULL,NULL,NULL,0),('WACCT54907434:18a0149c0b7:-7ff3','ACTIVE','1259','WACCT54907434:18a0149c0b7:-7ff3',NULL,NULL,NULL,'',14,NULL,NULL,NULL,0),('WACCT54907434:18a0149c0b7:-7ff4','ACTIVE','1257','WACCT54907434:18a0149c0b7:-7ff4',NULL,NULL,NULL,'',12,NULL,NULL,NULL,0),('WACCT54907434:18a0149c0b7:-7ff5','ACTIVE','1525','WACCT54907434:18a0149c0b7:-7ff5',NULL,NULL,NULL,'',12,NULL,NULL,NULL,0),('WACCT54907434:18a0149c0b7:-7ff6','ACTIVE','1526','WACCT54907434:18a0149c0b7:-7ff6',NULL,NULL,NULL,'',11,NULL,NULL,NULL,0),('WACCT54907434:18a0149c0b7:-7ff7','ACTIVE','1524','WACCT54907434:18a0149c0b7:-7ff7',NULL,NULL,NULL,'',10,NULL,NULL,NULL,0),('WACCT54907434:18a0149c0b7:-7ff8','ACTIVE','1527','WACCT54907434:18a0149c0b7:-7ff8',NULL,NULL,NULL,'',9,NULL,NULL,NULL,0),('WACCT54907434:18a0149c0b7:-7ff9','ACTIVE','1528','WACCT54907434:18a0149c0b7:-7ff9',NULL,NULL,NULL,'',8,NULL,NULL,NULL,0),('WACCT54907434:18a0149c0b7:-7ffa','ACTIVE','1529','WACCT54907434:18a0149c0b7:-7ffa',NULL,NULL,NULL,'',7,NULL,NULL,NULL,0),('WACCT54907434:18a0149c0b7:-7ffb','ACTIVE','1573','WACCT54907434:18a0149c0b7:-7ffb',NULL,NULL,NULL,'',6,NULL,NULL,NULL,0),('WACCT54907434:18a0149c0b7:-7ffc','ACTIVE','1532','WACCT54907434:18a0149c0b7:-7ffc',NULL,NULL,NULL,'',5,NULL,NULL,NULL,0),('WACCT54907434:18a0149c0b7:-7ffd','ACTIVE','1533','WACCT54907434:18a0149c0b7:-7ffd',NULL,NULL,NULL,'',4,NULL,NULL,NULL,0),('WACCT54907434:18a0149c0b7:-7ffe','ACTIVE','1534','WACCT54907434:18a0149c0b7:-7ffe',NULL,NULL,NULL,'',3,NULL,NULL,NULL,0),('WACCT54907434:18a0149c0b7:-7fff','ACTIVE','1535','WACCT54907434:18a0149c0b7:-7fff',NULL,NULL,NULL,'',2,NULL,NULL,NULL,0),('WACCT54907434:18a0149c0b7:-8000','ACTIVE','1536','WACCT54907434:18a0149c0b7:-8000',NULL,NULL,NULL,'',1,NULL,NULL,NULL,0),('WACCT5ce2599f:189be8fb9f1:-7fee','ACTIVE','1464','WACCT5ce2599f:189be8fb9f1:-7fee',NULL,NULL,NULL,'',49,NULL,NULL,NULL,0),('WACCT5ce2599f:189be8fb9f1:-7fef','ACTIVE','1759','WACCT5ce2599f:189be8fb9f1:-7fef',NULL,NULL,NULL,'',48,NULL,NULL,NULL,0),('WACCT5ce2599f:189be8fb9f1:-7ff0','ACTIVE','1630','WACCT5ce2599f:189be8fb9f1:-7ff0',NULL,NULL,NULL,'',47,NULL,NULL,NULL,0),('WACCT5ce2599f:189be8fb9f1:-7ff1','ACTIVE','1839','WACCT5ce2599f:189be8fb9f1:-7ff1',NULL,NULL,NULL,'',46,NULL,NULL,NULL,0),('WACCT5ce2599f:189be8fb9f1:-7ff2','ACTIVE','1462','WACCT5ce2599f:189be8fb9f1:-7ff2',NULL,NULL,NULL,'',45,NULL,NULL,NULL,0),('WACCT5ce2599f:189be8fb9f1:-7ff3','ACTIVE','1463','WACCT5ce2599f:189be8fb9f1:-7ff3',NULL,NULL,NULL,'',44,NULL,NULL,NULL,0),('WACCT5ce2599f:189be8fb9f1:-7ff4','ACTIVE','2105','WACCT5ce2599f:189be8fb9f1:-7ff4',NULL,NULL,NULL,'',43,NULL,NULL,NULL,0),('WACCT5ce2599f:189be8fb9f1:-7ff5','ACTIVE','1454','WACCT5ce2599f:189be8fb9f1:-7ff5',NULL,NULL,NULL,'',42,NULL,NULL,NULL,0),('WACCT5ce2599f:189be8fb9f1:-7ff6','ACTIVE','1986','WACCT5ce2599f:189be8fb9f1:-7ff6',NULL,NULL,NULL,'',41,NULL,NULL,NULL,0),('WACCT5ce2599f:189be8fb9f1:-7ff7','ACTIVE','2099','WACCT5ce2599f:189be8fb9f1:-7ff7',NULL,NULL,NULL,'',40,NULL,NULL,NULL,0),('WACCT5ce2599f:189be8fb9f1:-7ff8','ACTIVE','1327','WACCT5ce2599f:189be8fb9f1:-7ff8',NULL,NULL,NULL,'',36,NULL,NULL,NULL,0),('WACCT5ce2599f:189be8fb9f1:-7ff9','ACTIVE','2057','WACCT5ce2599f:189be8fb9f1:-7ff9',NULL,NULL,NULL,'',35,NULL,NULL,NULL,0),('WACCT5ce2599f:189be8fb9f1:-7ffa','ACTIVE','1321','WACCT5ce2599f:189be8fb9f1:-7ffa',NULL,NULL,NULL,'',34,NULL,NULL,NULL,0),('WACCT5ce2599f:189be8fb9f1:-7ffb','ACTIVE','1774','WACCT5ce2599f:189be8fb9f1:-7ffb',NULL,NULL,NULL,'',33,NULL,NULL,NULL,0),('WACCT5ce2599f:189be8fb9f1:-7ffc','ACTIVE','1825','WACCT5ce2599f:189be8fb9f1:-7ffc',NULL,NULL,NULL,'',32,NULL,NULL,NULL,0),('WACCT5ce2599f:189be8fb9f1:-7ffd','ACTIVE','1455','WACCT5ce2599f:189be8fb9f1:-7ffd',NULL,NULL,NULL,'',31,NULL,NULL,NULL,0),('WACCT5ce2599f:189be8fb9f1:-7ffe','ACTIVE','2023','WACCT5ce2599f:189be8fb9f1:-7ffe',NULL,NULL,NULL,'',30,NULL,NULL,NULL,0),('WACCT5ce2599f:189be8fb9f1:-7fff','ACTIVE','1997','WACCT5ce2599f:189be8fb9f1:-7fff',NULL,NULL,NULL,'',29,NULL,NULL,NULL,0),('WACCT5ce2599f:189be8fb9f1:-8000','ACTIVE','1600','WACCT5ce2599f:189be8fb9f1:-8000',NULL,NULL,NULL,'',28,NULL,NULL,NULL,0);
/*!40000 ALTER TABLE `waterworks_account` ENABLE KEYS */;
UNLOCK TABLES;

--
-- Table structure for table `waterworks_account_attribute`
--

DROP TABLE IF EXISTS `waterworks_account_attribute`;
/*!40101 SET @saved_cs_client     = @@character_set_client */;
/*!40101 SET character_set_client = utf8 */;
CREATE TABLE `waterworks_account_attribute` (
  `objid` varchar(50) NOT NULL,
  `parentid` varchar(50) DEFAULT NULL,
  `attribute_name` varchar(50) DEFAULT NULL,
  PRIMARY KEY (`objid`)
) ENGINE=InnoDB DEFAULT CHARSET=utf8;
/*!40101 SET character_set_client = @saved_cs_client */;

--
-- Dumping data for table `waterworks_account_attribute`
--

LOCK TABLES `waterworks_account_attribute` WRITE;
/*!40000 ALTER TABLE `waterworks_account_attribute` DISABLE KEYS */;
/*!40000 ALTER TABLE `waterworks_account_attribute` ENABLE KEYS */;
UNLOCK TABLES;

--
-- Table structure for table `waterworks_account_info`
--

DROP TABLE IF EXISTS `waterworks_account_info`;
/*!40101 SET @saved_cs_client     = @@character_set_client */;
/*!40101 SET character_set_client = utf8 */;
CREATE TABLE `waterworks_account_info` (
  `objid` varchar(50) NOT NULL,
  `acctname` varchar(255) DEFAULT NULL,
  `owner_objid` varchar(50) DEFAULT NULL,
  `owner_name` varchar(255) DEFAULT NULL,
  `address_type` varchar(50) DEFAULT NULL,
  `address_barangay_objid` varchar(50) DEFAULT NULL,
  `address_barangay_name` varchar(50) DEFAULT NULL,
  `address_text` varchar(255) DEFAULT NULL,
  `address_city` varchar(50) DEFAULT NULL,
  `address_province` varchar(50) DEFAULT NULL,
  `address_municipality` varchar(50) DEFAULT NULL,
  `address_unitno` varchar(50) DEFAULT NULL,
  `address_street` varchar(50) DEFAULT NULL,
  `address_subdivision` varchar(50) DEFAULT NULL,
  `address_bldgno` varchar(50) DEFAULT NULL,
  `address_bldgname` varchar(50) DEFAULT NULL,
  `address_pin` varchar(50) DEFAULT NULL,
  `meterid` varchar(50) DEFAULT NULL,
  `classificationid` varchar(50) DEFAULT NULL,
  `units` int(11) DEFAULT NULL,
  `stuboutid` varchar(50) DEFAULT NULL,
  `subareaid` varchar(50) DEFAULT NULL,
  `attributes` varchar(500) DEFAULT NULL,
  `meterstate` varchar(50) DEFAULT NULL,
  `mobileno` varchar(50) DEFAULT NULL,
  `email` varchar(255) DEFAULT NULL,
  `phoneno` varchar(50) DEFAULT NULL,
  PRIMARY KEY (`objid`),
  KEY `fk_waterworks_account_classification` (`classificationid`),
  KEY `ix_acctname` (`acctname`),
  KEY `ix_owner_objid` (`owner_objid`),
  KEY `ix_meterid` (`meterid`),
  KEY `fk_waterworks_account_stuboutid` (`stuboutid`),
  KEY `fk_waterworks_account_subareaid` (`subareaid`),
  KEY `fk_waterworks_account_meter` (`meterid`),
  CONSTRAINT `waterworks_account_info_ibfk_2` FOREIGN KEY (`classificationid`) REFERENCES `waterworks_classification` (`objid`),
  CONSTRAINT `waterworks_account_info_ibfk_3` FOREIGN KEY (`meterid`) REFERENCES `waterworks_meter` (`objid`),
  CONSTRAINT `waterworks_account_info_ibfk_4` FOREIGN KEY (`stuboutid`) REFERENCES `waterworks_stubout` (`objid`),
  CONSTRAINT `waterworks_account_info_ibfk_5` FOREIGN KEY (`subareaid`) REFERENCES `waterworks_subarea` (`objid`)
) ENGINE=InnoDB DEFAULT CHARSET=utf8;
/*!40101 SET character_set_client = @saved_cs_client */;

--
-- Dumping data for table `waterworks_account_info`
--

LOCK TABLES `waterworks_account_info` WRITE;
/*!40000 ALTER TABLE `waterworks_account_info` DISABLE KEYS */;
INSERT INTO `waterworks_account_info` VALUES ('WACCINFO-6fdc760d:18a2b3eff66:-8000','.RANARIO, HRS. OF NICOLAS REP. BY MATEO OCLARIT','66508812','.RANARIO, HRS. OF NICOLAS REP. BY MATEO OCLARIT','local','047220003','ABIJILAN','ABIJILAN,MUNICIPALITY OF GARCIA HERNANDEZ,BOHOL',NULL,'BOHOL','MUNICIPALITY OF GARCIA HERNANDEZ',NULL,NULL,NULL,NULL,NULL,NULL,NULL,'RESIDENTIAL',1,NULL,NULL,'[]',NULL,NULL,NULL,NULL),('WACCINFO517ae648:18a06883977:-8000','1000-JAMITO, ZITO','IND6cecb194:1510ea83385:-7d17','1000-JAMITO, ZITO','local','047220003','ABIJILAN','ABIJILAN,MUNICIPALITY OF GARCIA HERNANDEZ,BOHOL',NULL,'BOHOL','MUNICIPALITY OF GARCIA HERNANDEZ',NULL,NULL,NULL,NULL,NULL,NULL,NULL,'RESIDENTIAL',1,NULL,NULL,'[]',NULL,NULL,NULL,NULL),('WACCT-1e93ebd:18a5e033ca5:-7ffd','1967-FUDALAN, QUILIANA 2','IND-64f8c6f4:1520ae8f966:-6ff7','1967-FUDALAN, QUILIANA 2','local','047220021','MALINAO','MALINAO,MUNICIPALITY OF GARCIA HERNANDEZ,BOHOL',NULL,'BOHOL','MUNICIPALITY OF GARCIA HERNANDEZ',NULL,NULL,NULL,NULL,NULL,NULL,'WM-69e15da8:18a5e882074:-7a7f','RESIDENTIAL',1,NULL,'3','[]','ACTIVE',NULL,NULL,NULL),('WACCT-1e93ebd:18a5e033ca5:-7ffe','725-TAYPA, SEGUNDA','IND1eca1513:15184124957:-5610','725-TAYPA, SEGUNDA','local','047220021','MALINAO','MALINAO,MUNICIPALITY OF GARCIA HERNANDEZ,BOHOL',NULL,'BOHOL','MUNICIPALITY OF GARCIA HERNANDEZ',NULL,NULL,NULL,NULL,NULL,NULL,'WM-69e15da8:18a5e882074:-7dee','RESIDENTIAL',1,NULL,'3','[]','ACTIVE',NULL,NULL,NULL),('WACCT-1e93ebd:18a5e033ca5:-7fff','1648-TUMIMBANG, RAUL','IND-ab8e96:151ad40a110:-798e','1648-TUMIMBANG, RAUL','local','047220021','MALINAO','MALINAO,MUNICIPALITY OF GARCIA HERNANDEZ,BOHOL',NULL,'BOHOL','MUNICIPALITY OF GARCIA HERNANDEZ',NULL,NULL,NULL,NULL,NULL,NULL,'WM-2e837221:18a5debb50a:-6d28','RESIDENTIAL',1,NULL,'3','[]','ACTIVE',NULL,NULL,NULL),('WACCT-1e93ebd:18a5e033ca5:-8000','2301-MINOZA, NINO','IND-664cbc2f:17e23b73ef3:-7e1b','2301-MINOZA, NINO','local','047220021','MALINAO','MALINAO,MUNICIPALITY OF GARCIA HERNANDEZ,BOHOL',NULL,'BOHOL','MUNICIPALITY OF GARCIA HERNANDEZ',NULL,NULL,NULL,NULL,NULL,NULL,'WM-2e837221:18a5debb50a:-7aec','RESIDENTIAL',1,NULL,'3','[]','ACTIVE',NULL,NULL,NULL),('WACCT-5d78541:189dd34aeb5:-7fb8','1340-SALARDA, GLORIA','IND470ca2ba:150ffe593c3:-78aa','1340-SALARDA, GLORIA','local','047220022','MANABA','MANABA,MUNICIPALITY OF GARCIA HERNANDEZ,BOHOL',NULL,'BOHOL','MUNICIPALITY OF GARCIA HERNANDEZ',NULL,NULL,NULL,NULL,NULL,NULL,'WM-3282a7e8:18a07f75359:-7bb0','RESIDENTIAL',1,NULL,'04','[]','ACTIVE',NULL,NULL,NULL),('WACCT-5d78541:189dd34aeb5:-7fb9','1982-GALBO, MARTIN','IND4897be9a:150fe27e631:-7bc5','1982-GALBO, MARTIN','local','047220022','MANABA','MANABA,MUNICIPALITY OF GARCIA HERNANDEZ,BOHOL',NULL,'BOHOL','MUNICIPALITY OF GARCIA HERNANDEZ',NULL,NULL,NULL,NULL,NULL,NULL,'WMfe87b2e:18a2b3ea51e:4a17','RESIDENTIAL',1,NULL,'04','[]','ACTIVE',NULL,NULL,NULL),('WACCT-5d78541:189dd34aeb5:-7fba','1918-CALO, ALMA','IND4897be9a:150fe27e631:-7d39','1918-CALO, ALMA','local','047220022','MANABA','MANABA,MUNICIPALITY OF GARCIA HERNANDEZ,BOHOL',NULL,'BOHOL','MUNICIPALITY OF GARCIA HERNANDEZ',NULL,NULL,NULL,NULL,NULL,NULL,'WMfe87b2e:18a2b3ea51e:2d04','RESIDENTIAL',1,NULL,'04','[]','ACTIVE',NULL,NULL,NULL),('WACCT-5d78541:189dd34aeb5:-7fbb','1877-LACORTE, JILMAR','IND4897be9a:150fe27e631:-7d96','1877-LACORTE, JILMAR','local','047220022','MANABA','MANABA,MUNICIPALITY OF GARCIA HERNANDEZ,BOHOL',NULL,'BOHOL','MUNICIPALITY OF GARCIA HERNANDEZ',NULL,NULL,NULL,NULL,NULL,NULL,'WMfe87b2e:18a2b3ea51e:1f16','RESIDENTIAL',1,NULL,'04','[]','ACTIVE',NULL,NULL,NULL),('WACCT-5d78541:189dd34aeb5:-7fbc','2321-GALIDO, ARQUILAO','IND74c0f49d:180ff7b4d2a:-7e1b','2321-GALIDO, ARQUILAO','local','047220022','MANABA','MANABA,MUNICIPALITY OF GARCIA HERNANDEZ,BOHOL',NULL,'BOHOL','MUNICIPALITY OF GARCIA HERNANDEZ',NULL,NULL,NULL,NULL,NULL,NULL,'WMbe12291:18a3fa9b053:9f8','RESIDENTIAL',1,NULL,'04','[]','ACTIVE',NULL,NULL,NULL),('WACCT-5d78541:189dd34aeb5:-7fbd','1339-ACO, PEDRO','IND-267bc127:150ff955a22:-7ff4','1339-ACO, PEDRO','local','047220022','MANABA','MANABA,MUNICIPALITY OF GARCIA HERNANDEZ,BOHOL',NULL,'BOHOL','MUNICIPALITY OF GARCIA HERNANDEZ',NULL,NULL,NULL,NULL,NULL,NULL,'WM-3282a7e8:18a07f75359:-7bd7','RESIDENTIAL',1,NULL,'04','[]','ACTIVE',NULL,NULL,NULL),('WACCT-5d78541:189dd34aeb5:-7fbe','1338-VERAN, DIOSCORO','IND-267bc127:150ff955a22:-7f5f','1338-VERAN, DIOSCORO','local','047220022','MANABA','MANABA,MUNICIPALITY OF GARCIA HERNANDEZ,BOHOL',NULL,'BOHOL','MUNICIPALITY OF GARCIA HERNANDEZ',NULL,NULL,NULL,NULL,NULL,NULL,'WM-3282a7e8:18a07f75359:-7bfe','COMMERCIAL',1,NULL,'04','[]','ACTIVE',NULL,NULL,NULL),('WACCT-5d78541:189dd34aeb5:-7fbf','1337-LADRA, DOMINGO','IND-267bc127:150ff955a22:-7f02','1337-LADRA, DOMINGO','local','047220022','MANABA','MANABA,MUNICIPALITY OF GARCIA HERNANDEZ,BOHOL',NULL,'BOHOL','MUNICIPALITY OF GARCIA HERNANDEZ',NULL,NULL,NULL,NULL,NULL,NULL,'WM-3282a7e8:18a07f75359:-7c25','RESIDENTIAL',1,NULL,'04','[]','ACTIVE',NULL,NULL,NULL),('WACCT-5d78541:189dd34aeb5:-7fc0','1354-CAACO, MARILYN [S]','IND7e75aa31:1518a46f614:-7c93','1354-CAACO, MARILYN [S]','local','047220022','MANABA','MANABA,MUNICIPALITY OF GARCIA HERNANDEZ,BOHOL',NULL,'BOHOL','MUNICIPALITY OF GARCIA HERNANDEZ',NULL,NULL,NULL,NULL,NULL,NULL,'WM-3282a7e8:18a07f75359:-798e','COMMERCIAL',1,NULL,'04','[]','ACTIVE',NULL,NULL,NULL),('WACCT-5d78541:189dd34aeb5:-7fc1','1335-SALAZAR, JESSIE','IND-267bc127:150ff955a22:-7e48','1335-SALAZAR, JESSIE','local','047220022','MANABA','MANABA,MUNICIPALITY OF GARCIA HERNANDEZ,BOHOL',NULL,'BOHOL','MUNICIPALITY OF GARCIA HERNANDEZ',NULL,NULL,NULL,NULL,NULL,NULL,'WM-3282a7e8:18a07f75359:-7c73','COMMERCIAL',1,NULL,'04','[]','ACTIVE',NULL,NULL,NULL),('WACCT-5d78541:189dd34aeb5:-7fc2','1336-PEFANIO, DAMIANA','IND-267bc127:150ff955a22:-7ea5','1336-PEFANIO, DAMIANA','local','047220022','MANABA','MANABA,MUNICIPALITY OF GARCIA HERNANDEZ,BOHOL',NULL,'BOHOL','MUNICIPALITY OF GARCIA HERNANDEZ',NULL,NULL,NULL,NULL,NULL,NULL,'WM-3282a7e8:18a07f75359:-7c4c','RESIDENTIAL',1,NULL,'04','[]','ACTIVE',NULL,NULL,NULL),('WACCT-5d78541:189dd34aeb5:-7fc3','2306-JOHNSTON, ERLINDA','IND-64cf843e:17fd43e3850:-7d4c','2306-JOHNSTON, ERLINDA','local','047220022','MANABA','MANABA,MUNICIPALITY OF GARCIA HERNANDEZ,BOHOL',NULL,'BOHOL','MUNICIPALITY OF GARCIA HERNANDEZ',NULL,NULL,NULL,NULL,NULL,NULL,'WMbe12291:18a3fa9b053:1e2','RESIDENTIAL',1,NULL,'04','[]','ACTIVE',NULL,NULL,NULL),('WACCT-5d78541:189dd34aeb5:-7fc4','2132-SIMOY, LUCRESIA','IND87e3ae2:168df25e18d:-7b05','2132-SIMOY, LUCRESIA','local','047220022','MANABA','MANABA,MUNICIPALITY OF GARCIA HERNANDEZ,BOHOL',NULL,'BOHOL','MUNICIPALITY OF GARCIA HERNANDEZ',NULL,NULL,NULL,NULL,NULL,NULL,'WMbe12291:18a3fa9b053:-6385','RESIDENTIAL',1,NULL,'04','[]','ACTIVE',NULL,NULL,NULL),('WACCT-5d78541:189dd34aeb5:-7fc5','2116-GALEMBA, JEFFREY','IND-6a4f7987:166c3e1b9c0:-7ff4','2116-GALEMBA, JEFFREY','local','047220022','MANABA','MANABA,MUNICIPALITY OF GARCIA HERNANDEZ,BOHOL',NULL,'BOHOL','MUNICIPALITY OF GARCIA HERNANDEZ',NULL,NULL,NULL,NULL,NULL,NULL,'WMbe12291:18a3fa9b053:-6dbc','RESIDENTIAL',1,NULL,'04','[]','ACTIVE',NULL,NULL,NULL),('WACCT-5d78541:189dd34aeb5:-7fc6','2281-OTAGAN, JOANNE','IND-64cf843e:17fd43e3850:-781c','2281-OTAGAN, JOANNE','local','047220022','MANABA','MANABA,MUNICIPALITY OF GARCIA HERNANDEZ,BOHOL',NULL,'BOHOL','MUNICIPALITY OF GARCIA HERNANDEZ',NULL,NULL,NULL,NULL,NULL,NULL,'WMbe12291:18a3fa9b053:-1631','COMMERCIAL',1,NULL,'04','[]','ACTIVE',NULL,NULL,NULL),('WACCT-5d78541:189dd34aeb5:-7fc7','1333-RICAPLAZA, PRIMO','IND470ca2ba:150ffe593c3:-7c11','1333-RICAPLAZA, PRIMO','local','047220022','MANABA','MANABA,MUNICIPALITY OF GARCIA HERNANDEZ,BOHOL',NULL,'BOHOL','MUNICIPALITY OF GARCIA HERNANDEZ',NULL,NULL,NULL,NULL,NULL,NULL,'WM-3282a7e8:18a07f75359:-7c9a','RESIDENTIAL',1,NULL,'04','[]','ACTIVE',NULL,NULL,NULL),('WACCT-5d78541:189dd34aeb5:-7fc8','1931-RICAPLAZA, RICO','IND2d828899:151b3859a25:-790f','1931-RICAPLAZA, RICO','local','047220022','MANABA','MANABA,MUNICIPALITY OF GARCIA HERNANDEZ,BOHOL',NULL,'BOHOL','MUNICIPALITY OF GARCIA HERNANDEZ',NULL,NULL,NULL,NULL,NULL,NULL,'WMfe87b2e:18a2b3ea51e:321a','RESIDENTIAL',1,NULL,'04','[]','ACTIVE',NULL,NULL,NULL),('WACCT-5d78541:189dd34aeb5:-7fc9','2003-SIMOY, JUNLEX','IND-2c8a5d13:1534e6b496f:-7fd0','2003-SIMOY, JUNLEX','local','047220022','MANABA','MANABA,MUNICIPALITY OF GARCIA HERNANDEZ,BOHOL',NULL,'BOHOL','MUNICIPALITY OF GARCIA HERNANDEZ',NULL,NULL,NULL,NULL,NULL,NULL,'WMfe87b2e:18a2b3ea51e:5a7f','RESIDENTIAL',1,NULL,'04','[]','ACTIVE',NULL,NULL,NULL),('WACCT-5d78541:189dd34aeb5:-7fca','1842-YANA, LEONARDO 2','IND470ca2ba:150ffe593c3:-7ccb','1842-YANA, LEONARDO 2','local','047220022','MANABA','MANABA,MUNICIPALITY OF GARCIA HERNANDEZ,BOHOL',NULL,'BOHOL','MUNICIPALITY OF GARCIA HERNANDEZ',NULL,NULL,NULL,NULL,NULL,NULL,'WMfe87b2e:18a2b3ea51e:155b','RESIDENTIAL',1,NULL,'04','[]','ACTIVE',NULL,NULL,NULL),('WACCT-5d78541:189dd34aeb5:-7fcb','1673-PEZAA, PETER','IND470ca2ba:150ffe593c3:-7e50','1673-PEZAA, PETER','local','047220022','MANABA','MANABA,MUNICIPALITY OF GARCIA HERNANDEZ,BOHOL',NULL,'BOHOL','MUNICIPALITY OF GARCIA HERNANDEZ',NULL,NULL,NULL,NULL,NULL,NULL,'WMfe87b2e:18a2b3ea51e:-3ae5','RESIDENTIAL',1,NULL,'04','[]','ACTIVE',NULL,NULL,NULL),('WACCT-5d78541:189dd34aeb5:-7fcc','2111-LANTACA, JOVENCIA LADAGA 2','IND-3d8c48b3:164f47589f8:-7feb','2111-LANTACA, JOVENCIA LADAGA 2','local','047220022','MANABA','MANABA,MUNICIPALITY OF GARCIA HERNANDEZ,BOHOL',NULL,'BOHOL','MUNICIPALITY OF GARCIA HERNANDEZ',NULL,NULL,NULL,NULL,NULL,NULL,'WMbe12291:18a3fa9b053:-73c2','RESIDENTIAL',1,NULL,'04','[]','ACTIVE',NULL,NULL,NULL),('WACCT-5d78541:189dd34aeb5:-7fcd','2276- VIRTUDAZO, ALICIA','IND-2ec93726:17c4dc10bee:-774d','2276- VIRTUDAZO, ALICIA','local','047220022','MANABA','MANABA,MUNICIPALITY OF GARCIA HERNANDEZ,BOHOL',NULL,'BOHOL','MUNICIPALITY OF GARCIA HERNANDEZ',NULL,NULL,NULL,NULL,NULL,NULL,'WMbe12291:18a3fa9b053:-1c2b','RESIDENTIAL',1,NULL,'04','[]','ACTIVE',NULL,NULL,NULL),('WACCT-5d78541:189dd34aeb5:-7fce','2293-LANTACA, JOVENCIA -STORE','IND-548bbdfb:17cfcead957:-70d7','2293-LANTACA, JOVENCIA -STORE','local','047220022','MANABA','MANABA,MUNICIPALITY OF GARCIA HERNANDEZ,BOHOL',NULL,'BOHOL','MUNICIPALITY OF GARCIA HERNANDEZ',NULL,NULL,NULL,NULL,NULL,NULL,'WMbe12291:18a3fa9b053:-cc3','COMMERCIAL',1,NULL,'04','[]','ACTIVE',NULL,NULL,NULL),('WACCT-5d78541:189dd34aeb5:-7fcf','1800-CUADRA, RAFAEL','IND-7283e72c:154c12b8480:-7b64','1800-CUADRA, RAFAEL','local','047220022','MANABA','MANABA,MUNICIPALITY OF GARCIA HERNANDEZ,BOHOL',NULL,'BOHOL','MUNICIPALITY OF GARCIA HERNANDEZ',NULL,NULL,NULL,NULL,NULL,NULL,'WMfe87b2e:18a2b3ea51e:-284','RESIDENTIAL',1,NULL,'04','[]','ACTIVE',NULL,NULL,NULL),('WACCT-5d78541:189dd34aeb5:-7fd1','1566-POLIA, RAMON','IND-230e4018:15266af505d:-7e49','1566-POLIA, RAMON','local','047220022','MANABA','MANABA,MUNICIPALITY OF GARCIA HERNANDEZ,BOHOL',NULL,'BOHOL','MUNICIPALITY OF GARCIA HERNANDEZ',NULL,NULL,NULL,NULL,NULL,NULL,'WMfe87b2e:18a2b3ea51e:-56f4','RESIDENTIAL',1,NULL,'04','[]','ACTIVE',NULL,NULL,NULL),('WACCT-5d78541:189dd34aeb5:-7fd2','1315-CUADRA, JULIUS','IND131bf8ab:1519de0fce4:-7194','1315-CUADRA, JULIUS','local','047220022','MANABA','MANABA,MUNICIPALITY OF GARCIA HERNANDEZ,BOHOL',NULL,'BOHOL','MUNICIPALITY OF GARCIA HERNANDEZ',NULL,NULL,NULL,NULL,NULL,NULL,'WM-3282a7e8:18a07f75359:-7e95','RESIDENTIAL',1,NULL,'04','[]','ACTIVE',NULL,NULL,NULL),('WACCT-5d78541:189dd34aeb5:-7fd3','1314-VILBAR, HERMINIO','IND-35be3a04:15209f5f136:-7b0e','1314-VILBAR, HERMINIO','local','047220022','MANABA','MANABA,MUNICIPALITY OF GARCIA HERNANDEZ,BOHOL',NULL,'BOHOL','MUNICIPALITY OF GARCIA HERNANDEZ',NULL,NULL,NULL,NULL,NULL,NULL,'WM-3282a7e8:18a07f75359:-7ebc','RESIDENTIAL',1,NULL,'04','[]','ACTIVE',NULL,NULL,NULL),('WACCT-5d78541:189dd34aeb5:-7fd4','1313-ABUCEJO, REY','IND1dfc24ff:152cda5ed2c:-7d31','1313-ABUCEJO, REY','local','047220022','MANABA','MANABA,MUNICIPALITY OF GARCIA HERNANDEZ,BOHOL',NULL,'BOHOL','MUNICIPALITY OF GARCIA HERNANDEZ',NULL,NULL,NULL,NULL,NULL,NULL,'WM-3282a7e8:18a07f75359:-7ee3','RESIDENTIAL',1,NULL,'04','[]','ACTIVE',NULL,NULL,NULL),('WACCT-5d78541:189dd34aeb5:-7fd5','1312-GALIDO, MICHAEL RICE MILL','IND-1a2f0f24:1520fb1d0c9:-7bd8','1312-GALIDO, MICHAEL RICE MILL','local','047220022','MANABA','MANABA,MUNICIPALITY OF GARCIA HERNANDEZ,BOHOL',NULL,'BOHOL','MUNICIPALITY OF GARCIA HERNANDEZ',NULL,NULL,NULL,NULL,NULL,NULL,'WM-3282a7e8:18a07f75359:-7f57','COMMERCIAL',1,NULL,'04','[]','ACTIVE',NULL,NULL,NULL),('WACCT-5d78541:189dd34aeb5:-7fd6','2205-ALAAN, ALBERT','IND1165ad62:171951f1a1b:-7de4','2205-ALAAN, ALBERT','local','047220022','MANABA','MANABA,MUNICIPALITY OF GARCIA HERNANDEZ,BOHOL',NULL,'BOHOL','MUNICIPALITY OF GARCIA HERNANDEZ',NULL,NULL,NULL,NULL,NULL,NULL,'WMbe12291:18a3fa9b053:-41ab','RESIDENTIAL',1,NULL,'04','[]','ACTIVE',NULL,NULL,NULL),('WACCT-5d78541:189dd34aeb5:-7fd7','2364-CANDA, TEODOSIA','IND4e46dc62:1874f505c51:-7e19','2364-CANDA, TEODOSIA','local','047220022','MANABA','MANABA,MUNICIPALITY OF GARCIA HERNANDEZ,BOHOL',NULL,'BOHOL','MUNICIPALITY OF GARCIA HERNANDEZ',NULL,NULL,NULL,NULL,NULL,NULL,'WMbe12291:18a3fa9b053:26b0','RESIDENTIAL',1,NULL,'04','[]','ACTIVE',NULL,NULL,NULL),('WACCT-5d78541:189dd34aeb5:-7fd8','1325-SAGUSAY, ILDEFONSO 3','IND-504cadac:1513c84c67a:-7fca','1325-SAGUSAY, ILDEFONSO 3','local','047220022','MANABA','MANABA,MUNICIPALITY OF GARCIA HERNANDEZ,BOHOL',NULL,'BOHOL','MUNICIPALITY OF GARCIA HERNANDEZ',NULL,NULL,NULL,NULL,NULL,NULL,'WM-3282a7e8:18a07f75359:-7d5d','RESIDENTIAL',1,NULL,'04','[]','ACTIVE',NULL,NULL,NULL),('WACCT-5d78541:189dd34aeb5:-7fd9','1822-GALIDO, ELPEDIA','IND5c8b7d12:1515b051b5f:-7adc','1822-GALIDO, ELPEDIA','local','047220022','MANABA','MANABA,MUNICIPALITY OF GARCIA HERNANDEZ,BOHOL',NULL,'BOHOL','MUNICIPALITY OF GARCIA HERNANDEZ',NULL,NULL,NULL,NULL,NULL,NULL,'WMfe87b2e:18a2b3ea51e:790','RESIDENTIAL',1,NULL,'04','[]','ACTIVE',NULL,NULL,NULL),('WACCT-5d78541:189dd34aeb5:-7fda','1322-SAGUSAY, ILDEFONSO 2','IND470ca2ba:150ffe593c3:-7ff4','1322-SAGUSAY, ILDEFONSO 2','local','047220022','MANABA','MANABA,MUNICIPALITY OF GARCIA HERNANDEZ,BOHOL',NULL,'BOHOL','MUNICIPALITY OF GARCIA HERNANDEZ',NULL,NULL,NULL,NULL,NULL,NULL,'WM-3282a7e8:18a07f75359:-7dab','RESIDENTIAL',1,NULL,'04','[]','ACTIVE',NULL,NULL,NULL),('WACCT-5d78541:189dd34aeb5:-7fdb','1326-GALEMBA, RANULFO','IND16bb84b9:1522e435202:-65ba','1326-GALEMBA, RANULFO','local','047220022','MANABA','MANABA,MUNICIPALITY OF GARCIA HERNANDEZ,BOHOL',NULL,'BOHOL','MUNICIPALITY OF GARCIA HERNANDEZ',NULL,NULL,NULL,NULL,NULL,NULL,'WM-3282a7e8:18a07f75359:-7d36','RESIDENTIAL',1,NULL,'04','[]','ACTIVE',NULL,NULL,NULL),('WACCT-5d78541:189dd34aeb5:-7fdc','1319-GALEMBA, COSME','IND1c7992f1:1519ee2ae4b:115a','1319-GALEMBA, COSME','local','047220022','MANABA','MANABA,MUNICIPALITY OF GARCIA HERNANDEZ,BOHOL',NULL,'BOHOL','MUNICIPALITY OF GARCIA HERNANDEZ',NULL,NULL,NULL,NULL,NULL,NULL,'WM-3282a7e8:18a07f75359:-7df9','RESIDENTIAL',1,NULL,'04','[]','ACTIVE',NULL,NULL,NULL),('WACCT-5d78541:189dd34aeb5:-7fdd','1318-MARTINEZ, ROBERTO','IND470ca2ba:150ffe593c3:-7ead','1318-MARTINEZ, ROBERTO','local','047220022','MANABA','MANABA,MUNICIPALITY OF GARCIA HERNANDEZ,BOHOL',NULL,'BOHOL','MUNICIPALITY OF GARCIA HERNANDEZ',NULL,NULL,NULL,NULL,NULL,NULL,'WM-3282a7e8:18a07f75359:-7e20','RESIDENTIAL',1,NULL,'04','[]','ACTIVE',NULL,NULL,NULL),('WACCT-5d78541:189dd34aeb5:-7fde','1317-SAGUSAY, MAXIMO','IND470ca2ba:150ffe593c3:-7f78','1317-SAGUSAY, MAXIMO','local','047220022','MANABA','MANABA,MUNICIPALITY OF GARCIA HERNANDEZ,BOHOL',NULL,'BOHOL','MUNICIPALITY OF GARCIA HERNANDEZ',NULL,NULL,NULL,NULL,NULL,NULL,'WM-3282a7e8:18a07f75359:-7e47','RESIDENTIAL',1,NULL,'04','[]','ACTIVE',NULL,NULL,NULL),('WACCT-5d78541:189dd34aeb5:-7fdf','1316-CANDA, SILAS','IND470ca2ba:150ffe593c3:-7f0a','1316-CANDA, SILAS','local','047220022','MANABA','MANABA,MUNICIPALITY OF GARCIA HERNANDEZ,BOHOL',NULL,'BOHOL','MUNICIPALITY OF GARCIA HERNANDEZ',NULL,NULL,NULL,NULL,NULL,NULL,'WM-3282a7e8:18a07f75359:-7e6e','RESIDENTIAL',1,NULL,'04','[]','ACTIVE',NULL,NULL,NULL),('WACCT-5d78541:189dd34aeb5:-7fe0','1993-ACO, FE','IND4897be9a:150fe27e631:-7b0a','1993-ACO, FE','local','047220022','MANABA','MANABA,MUNICIPALITY OF GARCIA HERNANDEZ,BOHOL',NULL,'BOHOL','MUNICIPALITY OF GARCIA HERNANDEZ',NULL,NULL,NULL,NULL,NULL,NULL,'WMfe87b2e:18a2b3ea51e:5052','RESIDENTIAL',1,NULL,'04','[]','ACTIVE',NULL,NULL,NULL),('WACCT-5d78541:189dd34aeb5:-7fe1','2246-NARONA, LEONCIO II','IND-50f0d2f5:174677a05bb:-72ee','2246-NARONA, LEONCIO II','local','047220022','MANABA','MANABA,MUNICIPALITY OF GARCIA HERNANDEZ,BOHOL',NULL,'BOHOL','MUNICIPALITY OF GARCIA HERNANDEZ',NULL,NULL,NULL,NULL,NULL,NULL,'WMbe12291:18a3fa9b053:-2d48','RESIDENTIAL',1,NULL,'04','[]','ACTIVE',NULL,NULL,NULL),('WACCT-5d78541:189dd34aeb5:-7fe2','1896-COLINTAS, DANILO','IND470ca2ba:150ffe593c3:-7bb4','1896-COLINTAS, DANILO','local','047220022','MANABA','MANABA,MUNICIPALITY OF GARCIA HERNANDEZ,BOHOL',NULL,'BOHOL','MUNICIPALITY OF GARCIA HERNANDEZ',NULL,NULL,NULL,NULL,NULL,NULL,'WMfe87b2e:18a2b3ea51e:2579','RESIDENTIAL',1,NULL,'04','[]','ACTIVE',NULL,NULL,NULL),('WACCT-5d78541:189dd34aeb5:-7fe3','1708-YANA, LEONARDO JR.','IND470ca2ba:150ffe593c3:-7c6e','1708-YANA, LEONARDO JR.','local','047220022','MANABA','MANABA,MUNICIPALITY OF GARCIA HERNANDEZ,BOHOL',NULL,'BOHOL','MUNICIPALITY OF GARCIA HERNANDEZ',NULL,NULL,NULL,NULL,NULL,NULL,'WMfe87b2e:18a2b3ea51e:-2720','RESIDENTIAL',1,NULL,'04','[]','ACTIVE',NULL,NULL,NULL),('WACCT-5d78541:189dd34aeb5:-7fe4','1348-SIBLA, BEBITO 2','IND470ca2ba:150ffe593c3:-7d28','1348-SIBLA, BEBITO 2','local','047220022','MANABA','MANABA,MUNICIPALITY OF GARCIA HERNANDEZ,BOHOL',NULL,'BOHOL','MUNICIPALITY OF GARCIA HERNANDEZ',NULL,NULL,NULL,NULL,NULL,NULL,'WM-3282a7e8:18a07f75359:-7a78','RESIDENTIAL',1,NULL,'04','[]','ACTIVE',NULL,NULL,NULL),('WACCT-5d78541:189dd34aeb5:-7fe5','2260-GALBO, TERESITA','IND77e20620:1173211a0ce:-7e1f','2260-GALBO, TERESITA','local','047220022','MANABA','MANABA,MUNICIPALITY OF GARCIA HERNANDEZ,BOHOL',NULL,'BOHOL','MUNICIPALITY OF GARCIA HERNANDEZ',NULL,NULL,NULL,NULL,NULL,NULL,'WMbe12291:18a3fa9b053:-24c6','RESIDENTIAL',1,NULL,'04','[]','ACTIVE',NULL,NULL,NULL),('WACCT-5d78541:189dd34aeb5:-7fe6','1330-SIBLA, LINDA','IND470ca2ba:150ffe593c3:-7d85','1330-SIBLA, LINDA','local','047220022','MANABA','MANABA,MUNICIPALITY OF GARCIA HERNANDEZ,BOHOL',NULL,'BOHOL','MUNICIPALITY OF GARCIA HERNANDEZ',NULL,NULL,NULL,NULL,NULL,NULL,'WM-3282a7e8:18a07f75359:-7cc1','RESIDENTIAL',1,NULL,'04','[]','ACTIVE',NULL,NULL,NULL),('WACCT-5d78541:189dd34aeb5:-7fe7','2320-SEBLA, FLORDEMAE','INDa90c441:180d5cb6ac1:-7dc5','2320-SEBLA, FLORDEMAE','local','047220022','MANABA','MANABA,MUNICIPALITY OF GARCIA HERNANDEZ,BOHOL',NULL,'BOHOL','MUNICIPALITY OF GARCIA HERNANDEZ',NULL,NULL,NULL,NULL,NULL,NULL,'WMbe12291:18a3fa9b053:7fb','RESIDENTIAL',1,NULL,'04','[]','ACTIVE',NULL,NULL,NULL),('WACCT-5d78541:189dd34aeb5:-7fe8','2065-LANTACA, BLESILA','IND7bf76f6:15fa34e3199:-77c7','2065-LANTACA, BLESILA','local','047220022','MANABA','MANABA,MUNICIPALITY OF GARCIA HERNANDEZ,BOHOL',NULL,'BOHOL','MUNICIPALITY OF GARCIA HERNANDEZ',NULL,NULL,NULL,NULL,NULL,NULL,'WMfe87b2e:18a2bb5aaf6:-709e','RESIDENTIAL',1,NULL,'04','[]','ACTIVE',NULL,NULL,NULL),('WACCT-5d78541:189dd34aeb5:-7fe9','2307-BERSANO, MARLOU','IND-3f4aa978:17e7a271c65:-7e1b','2307-BERSANO, MARLOU','local','047220022','MANABA','MANABA,MUNICIPALITY OF GARCIA HERNANDEZ,BOHOL',NULL,'BOHOL','MUNICIPALITY OF GARCIA HERNANDEZ',NULL,NULL,NULL,NULL,NULL,NULL,'WMbe12291:18a3fa9b053:346','RESIDENTIAL',1,NULL,'04','[]','ACTIVE',NULL,NULL,NULL),('WACCT-5d78541:189dd34aeb5:-7fea','2327-RANAY, NOEL 2','IND7ecb7442:181f4ebbb02:-7e1b','2327-RANAY, NOEL 2','local','047220022','MANABA','MANABA,MUNICIPALITY OF GARCIA HERNANDEZ,BOHOL',NULL,'BOHOL','MUNICIPALITY OF GARCIA HERNANDEZ',NULL,NULL,NULL,NULL,NULL,NULL,'WMbe12291:18a3fa9b053:ce2','RESIDENTIAL',1,NULL,'05','[]','ACTIVE',NULL,NULL,NULL),('WACCT-5d78541:189dd34aeb5:-7fec','1622-JAMITO, AGUSTIN','IND-59d28605:150eeb50b26:-7d3a','1622-JAMITO, AGUSTIN','local','047220022','MANABA','MANABA,MUNICIPALITY OF GARCIA HERNANDEZ,BOHOL',NULL,'BOHOL','MUNICIPALITY OF GARCIA HERNANDEZ',NULL,NULL,NULL,NULL,NULL,NULL,'WMfe87b2e:18a2b3ea51e:-4ae5','RESIDENTIAL',1,NULL,'05','[]','ACTIVE',NULL,NULL,NULL),('WACCT-5d78541:189dd34aeb5:-7fed','1484-MADELO, POMPIO','IND4a0368b3:152a587d158:-7fb4','1484-MADELO, POMPIO','local','047220022','MANABA','MANABA,MUNICIPALITY OF GARCIA HERNANDEZ,BOHOL',NULL,'BOHOL','MUNICIPALITY OF GARCIA HERNANDEZ',NULL,NULL,NULL,NULL,NULL,NULL,'WM-3282a7e8:18a1b099589:-2291','RESIDENTIAL',1,NULL,'05','[]','ACTIVE',NULL,NULL,NULL),('WACCT-5d78541:189dd34aeb5:-7fee','1485-RANARIO, RONIE','IND-7faf94e5:1518fde978f:-7fec','1485-RANARIO, RONIE','local','047220022','MANABA','MANABA,MUNICIPALITY OF GARCIA HERNANDEZ,BOHOL',NULL,'BOHOL','MUNICIPALITY OF GARCIA HERNANDEZ',NULL,NULL,NULL,NULL,NULL,NULL,'WM-3282a7e8:18a1b099589:-1fb9','RESIDENTIAL',1,NULL,'05','[]','ACTIVE',NULL,NULL,NULL),('WACCT-5d78541:189dd34aeb5:-7fef','2232-ACABO, MARINA','IND-7776353:17303ee8ec8:-7e20','2232-ACABO, MARINA','local','047220022','MANABA','MANABA,MUNICIPALITY OF GARCIA HERNANDEZ,BOHOL',NULL,'BOHOL','MUNICIPALITY OF GARCIA HERNANDEZ',NULL,NULL,NULL,NULL,NULL,NULL,'WMbe12291:18a3fa9b053:-2f07','RESIDENTIAL',1,NULL,'05','[]','ACTIVE',NULL,NULL,NULL),('WACCT-5d78541:189dd34aeb5:-7ff0','1486-ACABU, MEDARDA','IND-6331c8ae:1532f871e0a:-7e9f','1486-ACABU, MEDARDA','local','047220022','MANABA','MANABA,MUNICIPALITY OF GARCIA HERNANDEZ,BOHOL',NULL,'BOHOL','MUNICIPALITY OF GARCIA HERNANDEZ',NULL,NULL,NULL,NULL,NULL,NULL,'WM-3282a7e8:18a1b099589:-1ddb','RESIDENTIAL',1,NULL,'05','[]','ACTIVE',NULL,NULL,NULL),('WACCT-5d78541:189dd34aeb5:-7ff1','2154-GALENDEZ, AZRAH','IND-2f648471:16afbfa4e7d:-4afc','2154-GALENDEZ, AZRAH','local','047220022','MANABA','MANABA,MUNICIPALITY OF GARCIA HERNANDEZ,BOHOL',NULL,'BOHOL','MUNICIPALITY OF GARCIA HERNANDEZ',NULL,NULL,NULL,NULL,NULL,NULL,'WMbe12291:18a3fa9b053:-5088','RESIDENTIAL',1,NULL,'05','[]','ACTIVE',NULL,NULL,NULL),('WACCT-5d78541:189dd34aeb5:-7ff2','2012-ACABO, NESTOR P','IND4f6214f7:153967d33e7:-357d','2012-ACABO, NESTOR P','local','047220022','MANABA','MANABA,MUNICIPALITY OF GARCIA HERNANDEZ,BOHOL',NULL,'BOHOL','MUNICIPALITY OF GARCIA HERNANDEZ',NULL,NULL,NULL,NULL,NULL,NULL,'WMfe87b2e:18a2b3ea51e:5f4e','RESIDENTIAL',1,NULL,'05','[]','ACTIVE',NULL,NULL,NULL),('WACCT-5d78541:189dd34aeb5:-7ff3','1487-LADE, NICOLAS','IND-50667ee6:152a478165b:-7eab','1487-LADE, NICOLAS','local','047220022','MANABA','MANABA,MUNICIPALITY OF GARCIA HERNANDEZ,BOHOL',NULL,'BOHOL','MUNICIPALITY OF GARCIA HERNANDEZ',NULL,NULL,NULL,NULL,NULL,NULL,'WM-3282a7e8:18a1b099589:-1c14','RESIDENTIAL',1,NULL,'05','[]','ACTIVE',NULL,NULL,NULL),('WACCT-5d78541:189dd34aeb5:-7ff4','1488-LADE, EUGENIA','IND-7faf94e5:1518fde978f:-7f50','1488-LADE, EUGENIA','local','047220022','MANABA','MANABA,MUNICIPALITY OF GARCIA HERNANDEZ,BOHOL',NULL,'BOHOL','MUNICIPALITY OF GARCIA HERNANDEZ',NULL,NULL,NULL,NULL,NULL,NULL,'WM-3282a7e8:18a1b099589:-1a63','RESIDENTIAL',1,NULL,'05','[]','ACTIVE',NULL,NULL,NULL),('WACCT-5d78541:189dd34aeb5:-7ff5','1697-LADE, JULIANITO','IND1eca1513:15184124957:-78f2','1697-LADE, JULIANITO','local','047220022','MANABA','MANABA,MUNICIPALITY OF GARCIA HERNANDEZ,BOHOL',NULL,'BOHOL','MUNICIPALITY OF GARCIA HERNANDEZ',NULL,NULL,NULL,NULL,NULL,NULL,'WMfe87b2e:18a2b3ea51e:-3267','RESIDENTIAL',1,NULL,'05','[]','ACTIVE',NULL,NULL,NULL),('WACCT-5d78541:189dd34aeb5:-7ff6','2024-GALIMBA, BLESILDA','IND403e6954:154cb84b782:-7ad4','2024-GALIMBA, BLESILDA','local','047220022','MANABA','MANABA,MUNICIPALITY OF GARCIA HERNANDEZ,BOHOL',NULL,'BOHOL','MUNICIPALITY OF GARCIA HERNANDEZ',NULL,NULL,NULL,NULL,NULL,NULL,'WMfe87b2e:18a2b3ea51e:6e82','RESIDENTIAL',1,NULL,'05','[]','ACTIVE',NULL,NULL,NULL),('WACCT-5d78541:189dd34aeb5:-7ff7','2115-TORCALES, MARIE NIKKI L','IND78e56241:166323ad244:-7fa2','2115-TORCALES, MARIE NIKKI L','local','047220022','MANABA','MANABA,MUNICIPALITY OF GARCIA HERNANDEZ,BOHOL',NULL,'BOHOL','MUNICIPALITY OF GARCIA HERNANDEZ',NULL,NULL,NULL,NULL,NULL,NULL,'WMbe12291:18a3fa9b053:-7033','RESIDENTIAL',1,NULL,'05','[]','ACTIVE',NULL,NULL,NULL),('WACCT-5d78541:189dd34aeb5:-7ff8','2021-MADELO, EMILY','IND-72988e32:1549d19186b:-75b5','2021-MADELO, EMILY','local','047220022','MANABA','MANABA,MUNICIPALITY OF GARCIA HERNANDEZ,BOHOL',NULL,'BOHOL','MUNICIPALITY OF GARCIA HERNANDEZ',NULL,NULL,NULL,NULL,NULL,NULL,'WMfe87b2e:18a2b3ea51e:69ae','RESIDENTIAL',1,NULL,'05','[]','ACTIVE',NULL,NULL,NULL),('WACCT-5d78541:189dd34aeb5:-7ff9','2366-ABUCEJO, GAMALIEL','IND-7dc3d28b:11e8f479464:-7dc4','2366-ABUCEJO, GAMALIEL','local','047220022','MANABA','MANABA,MUNICIPALITY OF GARCIA HERNANDEZ,BOHOL',NULL,'BOHOL','MUNICIPALITY OF GARCIA HERNANDEZ',NULL,NULL,NULL,NULL,NULL,NULL,'WMbe12291:18a3fa9b053:2835','RESIDENTIAL',1,NULL,'05','[]','ACTIVE',NULL,NULL,NULL),('WACCT-5d78541:189dd34aeb5:-7ffa','2356-ABUCEJO, NAOMI','IND-5d5e78b0:18624579213:-7c87','2356-ABUCEJO, NAOMI','local','047220022','MANABA','MANABA,MUNICIPALITY OF GARCIA HERNANDEZ,BOHOL',NULL,'BOHOL','MUNICIPALITY OF GARCIA HERNANDEZ',NULL,NULL,NULL,NULL,NULL,NULL,'WMbe12291:18a3fa9b053:20f3','RESIDENTIAL',1,NULL,'05','[]','ACTIVE',NULL,NULL,NULL),('WACCT-5d78541:189dd34aeb5:-7ffb','2262 - JAMITO, MARCIANO','IND573a77d5:17c7d2c44a8:-791f','2262 - JAMITO, MARCIANO','local','047220022','MANABA','MANABA,MUNICIPALITY OF GARCIA HERNANDEZ,BOHOL',NULL,'BOHOL','MUNICIPALITY OF GARCIA HERNANDEZ',NULL,NULL,NULL,NULL,NULL,NULL,'WMbe12291:18a3fa9b053:-2338','RESIDENTIAL',1,NULL,'05','[]','ACTIVE',NULL,NULL,NULL),('WACCT-5d78541:189dd34aeb5:-7ffc','1478-ACABU, GLORIA','IND2d828899:151b3859a25:-7a3e','1478-ACABU, GLORIA','local','047220022','MANABA','MANABA,MUNICIPALITY OF GARCIA HERNANDEZ,BOHOL',NULL,'BOHOL','MUNICIPALITY OF GARCIA HERNANDEZ',NULL,NULL,NULL,NULL,NULL,NULL,'WM-3282a7e8:18a1b099589:-2c1d','RESIDENTIAL',1,NULL,'05','[]','ACTIVE',NULL,NULL,NULL),('WACCT-5d78541:189dd34aeb5:-7ffd','1481-RANARIO, SANTA','IND7e75aa31:1518a46f614:-7dc9','1481-RANARIO, SANTA','local','047220022','MANABA','MANABA,MUNICIPALITY OF GARCIA HERNANDEZ,BOHOL',NULL,'BOHOL','MUNICIPALITY OF GARCIA HERNANDEZ',NULL,NULL,NULL,NULL,NULL,NULL,'WM-3282a7e8:18a1b099589:-25d3','RESIDENTIAL',1,NULL,'05','[]','ACTIVE',NULL,NULL,NULL),('WACCT-5d78541:189dd34aeb5:-7ffe','1482-ABES, GODOFREDA','IND582c994:151a31a2d90:-6403','1482-ABES, GODOFREDA','local','047220022','MANABA','MANABA,MUNICIPALITY OF GARCIA HERNANDEZ,BOHOL',NULL,'BOHOL','MUNICIPALITY OF GARCIA HERNANDEZ',NULL,NULL,NULL,NULL,NULL,NULL,'WM-3282a7e8:18a1b099589:-2433','RESIDENTIAL',1,NULL,'05','[]','ACTIVE',NULL,NULL,NULL),('WACCT-5d78541:189dd34aeb5:-7fff','1700-RANARIO, ANTONIO','IND1eca1513:15184124957:-6381','1700-RANARIO, ANTONIO','local','047220022','MANABA','MANABA,MUNICIPALITY OF GARCIA HERNANDEZ,BOHOL',NULL,'BOHOL','MUNICIPALITY OF GARCIA HERNANDEZ',NULL,NULL,NULL,NULL,NULL,NULL,'WMfe87b2e:18a2b3ea51e:-2e96','RESIDENTIAL',1,NULL,'05','[]','ACTIVE',NULL,NULL,NULL),('WACCT-5d78541:189dd34aeb5:-8000','1480-ACABU, FORTUNATO','IND1eca1513:15184124957:-4d6b','1480-ACABU, FORTUNATO','local','047220022','MANABA','MANABA,MUNICIPALITY OF GARCIA HERNANDEZ,BOHOL',NULL,'BOHOL','MUNICIPALITY OF GARCIA HERNANDEZ',NULL,NULL,NULL,NULL,NULL,NULL,'WM-3282a7e8:18a1b099589:-284d','RESIDENTIAL',1,NULL,'05','[]','ACTIVE',NULL,NULL,NULL),('WACCT-5f2287b5:18a1b111382:-7f90','723- CADIZ, GABRIELA','IND-ab8e96:151ad40a110:-7701','723- CADIZ, GABRIELA','local','047220021','MALINAO','MALINAO,MUNICIPALITY OF GARCIA HERNANDEZ,BOHOL',NULL,'BOHOL','MUNICIPALITY OF GARCIA HERNANDEZ',NULL,NULL,NULL,NULL,NULL,NULL,'WM30c10c77:18a1fd6e98e:-125f','RESIDENTIAL',1,NULL,'3','[]','ACTIVE',NULL,NULL,NULL),('WACCT-5f2287b5:18a1b111382:-7f91','722-FUDALAN, QUILIANA','IND-ab8e96:151ad40a110:-7782','722-FUDALAN, QUILIANA','local','047220021','MALINAO','MALINAO,MUNICIPALITY OF GARCIA HERNANDEZ,BOHOL',NULL,'BOHOL','MUNICIPALITY OF GARCIA HERNANDEZ',NULL,NULL,NULL,NULL,NULL,NULL,'WM30c10c77:18a1fd6e98e:-167c','RESIDENTIAL',1,NULL,'3','[]','ACTIVE',NULL,NULL,NULL),('WACCT-5f2287b5:18a1b111382:-7f92','721-BAJAO, VICTOR','IND553fd0a2:1518ac79d81:-6d3d','721-BAJAO, VICTOR','local','047220021','MALINAO','MALINAO,MUNICIPALITY OF GARCIA HERNANDEZ,BOHOL',NULL,'BOHOL','MUNICIPALITY OF GARCIA HERNANDEZ',NULL,NULL,NULL,NULL,NULL,NULL,'WM30c10c77:18a1fd6e98e:-1887','RESIDENTIAL',1,NULL,'3','[]','ACTIVE',NULL,NULL,NULL),('WACCT-5f2287b5:18a1b111382:-7f93','2267 -PLAZA, ASTERIO','IND-4b399c6a:181d5f3a8eb:-7a82','2267 -PLAZA, ASTERIO','local','047220021','MALINAO','MALINAO,MUNICIPALITY OF GARCIA HERNANDEZ,BOHOL',NULL,'BOHOL','MUNICIPALITY OF GARCIA HERNANDEZ',NULL,NULL,NULL,NULL,NULL,NULL,'WMbe12291:18a3fa9b053:-1f62','RESIDENTIAL',1,NULL,'3','[]','ACTIVE',NULL,NULL,NULL),('WACCT-5f2287b5:18a1b111382:-7f94','2062-BAJAO, ROSILYN B.','IND-694bf6c4:15e5eeba7d4:-7f9e','2062-BAJAO, ROSILYN B.','local','047220021','MALINAO','MALINAO,MUNICIPALITY OF GARCIA HERNANDEZ,BOHOL',NULL,'BOHOL','MUNICIPALITY OF GARCIA HERNANDEZ',NULL,NULL,NULL,NULL,NULL,NULL,'WM30c10c77:18a1fd6e98e:-1fdd','RESIDENTIAL',1,NULL,'3','[]','ACTIVE',NULL,NULL,NULL),('WACCT-5f2287b5:18a1b111382:-7f95','2187-CAYAM, ELEM SCHOOL','IND134e32d6:170c7e06188:-7a82','2187-CAYAM, ELEM SCHOOL','local','047220021','MALINAO','MALINAO,MUNICIPALITY OF GARCIA HERNANDEZ,BOHOL',NULL,'BOHOL','MUNICIPALITY OF GARCIA HERNANDEZ',NULL,NULL,NULL,NULL,NULL,NULL,'WMbe12291:18a3fa9b053:-4665','INSTITUTIONAL',1,NULL,'3','[]','ACTIVE',NULL,NULL,NULL),('WACCT-5f2287b5:18a1b111382:-7f97','2133-ABUCEJO, MARCELINO','IND-6a367bdd:16936a4f794:-7fa2','2133-ABUCEJO, MARCELINO','local','047220021','MALINAO','MALINAO,MUNICIPALITY OF GARCIA HERNANDEZ,BOHOL',NULL,'BOHOL','MUNICIPALITY OF GARCIA HERNANDEZ',NULL,NULL,NULL,NULL,NULL,NULL,'WMbe12291:18a3fa9b053:-6221','RESIDENTIAL',1,NULL,'3','[]','ACTIVE',NULL,NULL,NULL),('WACCT-5f2287b5:18a1b111382:-7f98','DAJALOS, JOSEFINA','IND-6a011a14:18a20d146ef:-7df5','DAJALOS, JOSEFINA','local','047220022','MANABA','MANABA,MUNICIPALITY OF GARCIA HERNANDEZ,BOHOL',NULL,'BOHOL','MUNICIPALITY OF GARCIA HERNANDEZ',NULL,NULL,NULL,NULL,NULL,NULL,'WMbe12291:18a3fa9b053:35ea','RESIDENTIAL',1,NULL,'03','[]','ACTIVE',NULL,NULL,NULL),('WACCT-5f2287b5:18a1b111382:-7f99','2328-MANZANADES, LUCHI','IND7ecb7442:181f4ebbb02:-7dc6','2328-MANZANADES, LUCHI','local','047220028','EAST-ULBUJAN','EAST-ULBUJAN,MUNICIPALITY OF GARCIA HERNANDEZ,BOHOL',NULL,'BOHOL','MUNICIPALITY OF GARCIA HERNANDEZ',NULL,NULL,NULL,NULL,NULL,NULL,'WMbe12291:18a3fa9b053:e46','RESIDENTIAL',1,NULL,'ULBUJAN','[]','ACTIVE',NULL,NULL,NULL),('WACCT-5f2287b5:18a1b111382:-7f9a','2226-SALISE, NILO 2','IND56d2714a:11730f02b5a:-5cb2','2226-SALISE, NILO 2','local','047220028','EAST-ULBUJAN','EAST-ULBUJAN,MUNICIPALITY OF GARCIA HERNANDEZ,BOHOL',NULL,'BOHOL','MUNICIPALITY OF GARCIA HERNANDEZ',NULL,NULL,NULL,NULL,NULL,NULL,'WMbe12291:18a3fa9b053:-33f6','RESIDENTIAL',1,NULL,'ULBUJAN','[]','ACTIVE',NULL,NULL,NULL),('WACCT-5f2287b5:18a1b111382:-7f9b','2160-MADELO, GILBERTO','IND4981b961:16cadc102eb:-7c6d','2160-MADELO, GILBERTO','local','047220028','EAST-ULBUJAN','EAST-ULBUJAN,MUNICIPALITY OF GARCIA HERNANDEZ,BOHOL',NULL,'BOHOL','MUNICIPALITY OF GARCIA HERNANDEZ',NULL,NULL,NULL,NULL,NULL,NULL,'WMbe12291:18a3fa9b053:-4d2d','RESIDENTIAL',1,NULL,'ULBUJAN','[]','ACTIVE',NULL,NULL,NULL),('WACCT-5f2287b5:18a1b111382:-7f9c','321-TADLIP, VALENTIN','IND5a230b44:150fa1652ff:-635a','321-TADLIP, VALENTIN','local','047220028','EAST-ULBUJAN','EAST-ULBUJAN,MUNICIPALITY OF GARCIA HERNANDEZ,BOHOL',NULL,'BOHOL','MUNICIPALITY OF GARCIA HERNANDEZ',NULL,NULL,NULL,NULL,NULL,NULL,'WMef5b2be:18a4568879e:-28be','RESIDENTIAL',1,NULL,'ULBUJAN','[]','ACTIVE',NULL,NULL,NULL),('WACCT-5f2287b5:18a1b111382:-7f9d','320-RANARIO, VICTOR','IND5a230b44:150fa1652ff:-6488','320-RANARIO, VICTOR','local','047220028','EAST-ULBUJAN','EAST-ULBUJAN,MUNICIPALITY OF GARCIA HERNANDEZ,BOHOL',NULL,'BOHOL','MUNICIPALITY OF GARCIA HERNANDEZ',NULL,NULL,NULL,NULL,NULL,NULL,'WMef5b2be:18a4568879e:-2a22','RESIDENTIAL',1,NULL,'ULBUJAN','[]','ACTIVE',NULL,NULL,NULL),('WACCT-5f2287b5:18a1b111382:-7f9e','1977-SALAZAR, GRACE','IND5a230b44:150fa1652ff:-6243','1977-SALAZAR, GRACE','local','047220028','EAST-ULBUJAN','EAST-ULBUJAN,MUNICIPALITY OF GARCIA HERNANDEZ,BOHOL',NULL,'BOHOL','MUNICIPALITY OF GARCIA HERNANDEZ',NULL,NULL,NULL,NULL,NULL,NULL,'WMfe87b2e:18a2b3ea51e:44fd','RESIDENTIAL',1,NULL,'ULBUJAN','[]','ACTIVE',NULL,NULL,NULL),('WACCT-5f2287b5:18a1b111382:-7f9f','1756-TADLIP, JESSILO','IND5a230b44:150fa1652ff:-63b7','1756-TADLIP, JESSILO','local','047220028','EAST-ULBUJAN','EAST-ULBUJAN,MUNICIPALITY OF GARCIA HERNANDEZ,BOHOL',NULL,'BOHOL','MUNICIPALITY OF GARCIA HERNANDEZ',NULL,NULL,NULL,NULL,NULL,NULL,'WMfe87b2e:18a2b3ea51e:-1028','RESIDENTIAL',1,NULL,'ULBUJAN','[]','ACTIVE',NULL,NULL,NULL),('WACCT-5f2287b5:18a1b111382:-7fa0','319-ALABA, JONALYN','IND5a230b44:150fa1652ff:-642b','319-ALABA, JONALYN','local','047220028','EAST-ULBUJAN','EAST-ULBUJAN,MUNICIPALITY OF GARCIA HERNANDEZ,BOHOL',NULL,'BOHOL','MUNICIPALITY OF GARCIA HERNANDEZ',NULL,NULL,NULL,NULL,NULL,NULL,'WMef5b2be:18a4568879e:-2ba8','RESIDENTIAL',1,NULL,'ULBUJAN','[]','ACTIVE',NULL,NULL,NULL),('WACCT-5f2287b5:18a1b111382:-7fa1','318-ALABA, MELECIO','IND5a230b44:150fa1652ff:-64e5','318-ALABA, MELECIO','local','047220028','EAST-ULBUJAN','EAST-ULBUJAN,MUNICIPALITY OF GARCIA HERNANDEZ,BOHOL',NULL,'BOHOL','MUNICIPALITY OF GARCIA HERNANDEZ',NULL,NULL,NULL,NULL,NULL,NULL,'WMef5b2be:18a4568879e:-2d13','RESIDENTIAL',1,NULL,'ULBUJAN','[]','ACTIVE',NULL,NULL,NULL),('WACCT-5f2287b5:18a1b111382:-7fa2','317-SALISE, NILO','IND5a230b44:150fa1652ff:-6542','317-SALISE, NILO','local','047220028','EAST-ULBUJAN','EAST-ULBUJAN,MUNICIPALITY OF GARCIA HERNANDEZ,BOHOL',NULL,'BOHOL','MUNICIPALITY OF GARCIA HERNANDEZ',NULL,NULL,NULL,NULL,NULL,NULL,'WMef5b2be:18a4568879e:-2e77','RESIDENTIAL',1,NULL,'ULBUJAN','[]','ACTIVE',NULL,NULL,NULL),('WACCT-5f2287b5:18a1b111382:-7fa3','316-LAUDICOS, JACKSON','IND5a230b44:150fa1652ff:-659f','316-LAUDICOS, JACKSON','local','047220028','EAST-ULBUJAN','EAST-ULBUJAN,MUNICIPALITY OF GARCIA HERNANDEZ,BOHOL',NULL,'BOHOL','MUNICIPALITY OF GARCIA HERNANDEZ',NULL,NULL,NULL,NULL,NULL,NULL,'WMef5b2be:18a4568879e:-2fdb','RESIDENTIAL',1,NULL,'ULBUJAN','[]','ACTIVE',NULL,NULL,NULL),('WACCT-5f2287b5:18a1b111382:-7fa4','315-VIRTUDAZO, GREGORIO','IND5a230b44:150fa1652ff:-65fc','315-VIRTUDAZO, GREGORIO','local','047220028','EAST-ULBUJAN','EAST-ULBUJAN,MUNICIPALITY OF GARCIA HERNANDEZ,BOHOL',NULL,'BOHOL','MUNICIPALITY OF GARCIA HERNANDEZ',NULL,NULL,NULL,NULL,NULL,NULL,'WMef5b2be:18a4568879e:-315b','RESIDENTIAL',1,NULL,'ULBUJAN','[]','ACTIVE',NULL,NULL,NULL),('WACCT-5f2287b5:18a1b111382:-7fa5','2138-MARTIN, MARY VIC','IND-2642a37f:169db69a552:-49ae','2138-MARTIN, MARY VIC','local','047220028','EAST-ULBUJAN','EAST-ULBUJAN,MUNICIPALITY OF GARCIA HERNANDEZ,BOHOL',NULL,'BOHOL','MUNICIPALITY OF GARCIA HERNANDEZ',NULL,NULL,NULL,NULL,NULL,NULL,'WMbe12291:18a3fa9b053:-5d4d','RESIDENTIAL',1,NULL,'ULBUJAN','[]','ACTIVE',NULL,NULL,NULL),('WACCT-6af7e488:18a725a15a2:-7fae','1571-TADLIP, DANIEL','IND7703ff6c:1561f5c9600:-33dd','1571-TADLIP, DANIEL','local','047220021','MALINAO','MALINAO,MUNICIPALITY OF GARCIA HERNANDEZ,BOHOL',NULL,'BOHOL','MUNICIPALITY OF GARCIA HERNANDEZ',NULL,NULL,NULL,NULL,NULL,NULL,'WM1681dc23:18a72a06590:967','RESIDENTIAL',1,NULL,'3','[]','ACTIVE',NULL,NULL,NULL),('WACCT-6af7e488:18a725a15a2:-7faf','830-BROWN, KIM','IND7703ff6c:1561f5c9600:-335e','830-BROWN, KIM','local','047220021','MALINAO','MALINAO,MUNICIPALITY OF GARCIA HERNANDEZ,BOHOL',NULL,'BOHOL','MUNICIPALITY OF GARCIA HERNANDEZ',NULL,NULL,NULL,NULL,NULL,NULL,'WM1681dc23:18a72a06590:7ab','RESIDENTIAL',1,NULL,'3','[]','ACTIVE',NULL,NULL,NULL),('WACCT-6af7e488:18a725a15a2:-7fb0','1805-GALIDO, MA. THERESE','IND-28dcb93a:1572b28d7fa:-7df9','1805-GALIDO, MA. THERESE','local','047220021','MALINAO','MALINAO,MUNICIPALITY OF GARCIA HERNANDEZ,BOHOL',NULL,'BOHOL','MUNICIPALITY OF GARCIA HERNANDEZ',NULL,NULL,NULL,NULL,NULL,NULL,'WM1681dc23:18a72a06590:4d0','RESIDENTIAL',1,NULL,'3','[]','ACTIVE',NULL,NULL,NULL),('WACCT-6af7e488:18a725a15a2:-7fb1','829-DALEN, LILITA','IND3a5ddc41:156afd3fab8:-7ff4','829-DALEN, LILITA','local','047220021','MALINAO','MALINAO,MUNICIPALITY OF GARCIA HERNANDEZ,BOHOL',NULL,'BOHOL','MUNICIPALITY OF GARCIA HERNANDEZ',NULL,NULL,NULL,NULL,NULL,NULL,'WM1681dc23:18a72a06590:2d9','RESIDENTIAL',1,NULL,'3','[]','ACTIVE',NULL,NULL,NULL),('WACCT-6af7e488:18a725a15a2:-7fb2','1960-CAMTON, SUSANA','IND7520fd3c:156a0439336:-5265','1960-CAMTON, SUSANA','local','047220021','MALINAO','MALINAO,MUNICIPALITY OF GARCIA HERNANDEZ,BOHOL',NULL,'BOHOL','MUNICIPALITY OF GARCIA HERNANDEZ',NULL,NULL,NULL,NULL,NULL,NULL,'WM1681dc23:18a72a06590:9e','RESIDENTIAL',1,NULL,'3','[]','ACTIVE',NULL,NULL,NULL),('WACCT-6af7e488:18a725a15a2:-7fb3','2326-LLEMIT, CONCORDIO','IND-da823e4:181d66b74d6:-7e1b','2326-LLEMIT, CONCORDIO','local','047220021','MALINAO','MALINAO,MUNICIPALITY OF GARCIA HERNANDEZ,BOHOL',NULL,'BOHOL','MUNICIPALITY OF GARCIA HERNANDEZ',NULL,NULL,NULL,NULL,NULL,NULL,'WM1681dc23:18a72a06590:-131','RESIDENTIAL',1,NULL,'3','[]','ACTIVE',NULL,NULL,NULL),('WACCT-6af7e488:18a725a15a2:-7fb4','2336-LLEMIT, RODILLA','IND5822cb75:183aaa9818c:-7d77','2336-LLEMIT, RODILLA','local','047220021','MALINAO','MALINAO,MUNICIPALITY OF GARCIA HERNANDEZ,BOHOL',NULL,'BOHOL','MUNICIPALITY OF GARCIA HERNANDEZ',NULL,NULL,NULL,NULL,NULL,NULL,'WM1681dc23:18a72a06590:-3ca','RESIDENTIAL',1,NULL,'3','[]','ACTIVE',NULL,NULL,NULL),('WACCT-6af7e488:18a725a15a2:-7fb7','2371-REGALA, JUMAR','IND15bd1b6f:18851bffe29:-7e19','2371-REGALA, JUMAR','local','047220021','MALINAO','MALINAO,MUNICIPALITY OF GARCIA HERNANDEZ,BOHOL',NULL,'BOHOL','MUNICIPALITY OF GARCIA HERNANDEZ',NULL,NULL,NULL,NULL,NULL,NULL,'WM1681dc23:18a72a06590:-589','RESIDENTIAL',1,NULL,'3','[]','ACTIVE',NULL,NULL,NULL),('WACCT-6af7e488:18a725a15a2:-7fb8','1939-LLEMIT, TEOFILO','IND1eeecae1:15671beff34:-7f51','1939-LLEMIT, TEOFILO','local','047220021','MALINAO','MALINAO,MUNICIPALITY OF GARCIA HERNANDEZ,BOHOL',NULL,'BOHOL','MUNICIPALITY OF GARCIA HERNANDEZ',NULL,NULL,NULL,NULL,NULL,NULL,'WM1681dc23:18a72a06590:-929','RESIDENTIAL',1,NULL,'3','[]','ACTIVE',NULL,NULL,NULL),('WACCT-6af7e488:18a725a15a2:-7fb9','828-HINAMPAS, JOSEPH','IND-312f2dbf:155577fbc28:-7fb0','828-HINAMPAS, JOSEPH','local','047220021','MALINAO','MALINAO,MUNICIPALITY OF GARCIA HERNANDEZ,BOHOL',NULL,'BOHOL','MUNICIPALITY OF GARCIA HERNANDEZ',NULL,NULL,NULL,NULL,NULL,NULL,'WM1681dc23:18a72a06590:-b2b','RESIDENTIAL',1,NULL,'3','[]','ACTIVE',NULL,NULL,NULL),('WACCT-6af7e488:18a725a15a2:-7fba','2339-HENAMPAS, CARLA','IND2ae3c20:1876da23c54:-6381','2339-HENAMPAS, CARLA','local','047220021','MALINAO','MALINAO,MUNICIPALITY OF GARCIA HERNANDEZ,BOHOL',NULL,'BOHOL','MUNICIPALITY OF GARCIA HERNANDEZ',NULL,NULL,NULL,NULL,NULL,NULL,'WM1681dc23:18a72a06590:-cef','RESIDENTIAL',1,NULL,'3','[]','ACTIVE',NULL,NULL,NULL),('WACCT-6af7e488:18a725a15a2:-7fbb','1641 LLEMIT, APOLINARIA','IND-3455e1f:1579c806c55:-7b69','1641 LLEMIT, APOLINARIA','local','047220021','MALINAO','MALINAO,MUNICIPALITY OF GARCIA HERNANDEZ,BOHOL',NULL,'BOHOL','MUNICIPALITY OF GARCIA HERNANDEZ',NULL,NULL,NULL,NULL,NULL,NULL,'WM1681dc23:18a72a06590:-104f','RESIDENTIAL',1,NULL,'3','[]','ACTIVE',NULL,NULL,NULL),('WACCT-6af7e488:18a725a15a2:-7fbc','826-SALVO, FELECIANA','IND-51a9cce4:1598ffb4e90:-78b8','826-SALVO, FELECIANA','local','047220021','MALINAO','MALINAO,MUNICIPALITY OF GARCIA HERNANDEZ,BOHOL',NULL,'BOHOL','MUNICIPALITY OF GARCIA HERNANDEZ',NULL,NULL,NULL,NULL,NULL,NULL,'WM1681dc23:18a72a06590:-1449','RESIDENTIAL',1,NULL,'3','[]','ACTIVE',NULL,NULL,NULL),('WACCT-6af7e488:18a725a15a2:-7fbd','2055-CADORNA, JOSHUA','IND-61113147:15e4f711232:-5d02','2055-CADORNA, JOSHUA','local','047220021','MALINAO','MALINAO,MUNICIPALITY OF GARCIA HERNANDEZ,BOHOL',NULL,'BOHOL','MUNICIPALITY OF GARCIA HERNANDEZ',NULL,NULL,NULL,NULL,NULL,NULL,'WM1681dc23:18a72a06590:-1622','RESIDENTIAL',1,NULL,'3','[]','ACTIVE',NULL,NULL,NULL),('WACCT-6af7e488:18a725a15a2:-7fbe','823-LLEMIT, VENANCIO','IND-28b1e3b3:155ebd07090:-7fad','823-LLEMIT, VENANCIO','local','047220021','MALINAO','MALINAO,MUNICIPALITY OF GARCIA HERNANDEZ,BOHOL',NULL,'BOHOL','MUNICIPALITY OF GARCIA HERNANDEZ',NULL,NULL,NULL,NULL,NULL,NULL,'WM1681dc23:18a72a06590:-1aa2','RESIDENTIAL',1,NULL,'3','[]','ACTIVE',NULL,NULL,NULL),('WACCT-6af7e488:18a725a15a2:-7fbf','822-TAGUD, ANANIAS','IND553fd0a2:1518ac79d81:-7fdd','822-TAGUD, ANANIAS','local','047220021','MALINAO','MALINAO,MUNICIPALITY OF GARCIA HERNANDEZ,BOHOL',NULL,'BOHOL','MUNICIPALITY OF GARCIA HERNANDEZ',NULL,NULL,NULL,NULL,NULL,NULL,'WM1681dc23:18a72a06590:-1ca3','RESIDENTIAL',1,NULL,'3','[]','ACTIVE',NULL,NULL,NULL),('WACCT-6af7e488:18a725a15a2:-7fc0','821-GANADOS, LOURDES','IND-6a5f751c:155e19aa120:-6896','821-GANADOS, LOURDES','local','047220021','MALINAO','MALINAO,MUNICIPALITY OF GARCIA HERNANDEZ,BOHOL',NULL,'BOHOL','MUNICIPALITY OF GARCIA HERNANDEZ',NULL,NULL,NULL,NULL,NULL,NULL,'WM1681dc23:18a72a06590:-1ea4','RESIDENTIAL',1,NULL,'3','[]','ACTIVE',NULL,NULL,NULL),('WACCT-6af7e488:18a725a15a2:-7fc1','820-SALISE, PERLA','IND4d3e6a07:155dc6dec10:-792e','820-SALISE, PERLA','local','047220021','MALINAO','MALINAO,MUNICIPALITY OF GARCIA HERNANDEZ,BOHOL',NULL,'BOHOL','MUNICIPALITY OF GARCIA HERNANDEZ',NULL,NULL,NULL,NULL,NULL,NULL,'WM1681dc23:18a72a06590:-20d5','RESIDENTIAL',1,NULL,'3','[]','ACTIVE',NULL,NULL,NULL),('WACCT-6af7e488:18a725a15a2:-7fc2','819-CAGADAS, SILVERIO','IND-6a5f751c:155e19aa120:-7e26','819-CAGADAS, SILVERIO','local','047220021','MALINAO','MALINAO,MUNICIPALITY OF GARCIA HERNANDEZ,BOHOL',NULL,'BOHOL','MUNICIPALITY OF GARCIA HERNANDEZ',NULL,NULL,NULL,NULL,NULL,NULL,'WM1681dc23:18a72a06590:-2816','RESIDENTIAL',1,NULL,'3','[]','ACTIVE',NULL,NULL,NULL),('WACCT-6af7e488:18a725a15a2:-7fc3','818-LLEMIT, EDUARDO C/O CONSTANCIA DALEN','IND-5ba8ef3f:1566c93ba10:-7b86','818-LLEMIT, EDUARDO C/O CONSTANCIA DALEN','local','047220021','MALINAO','MALINAO,MUNICIPALITY OF GARCIA HERNANDEZ,BOHOL',NULL,'BOHOL','MUNICIPALITY OF GARCIA HERNANDEZ',NULL,NULL,NULL,NULL,NULL,NULL,'WM1681dc23:18a72a06590:-2a4c','RESIDENTIAL',1,NULL,'3','[]','ACTIVE',NULL,NULL,NULL),('WACCT-6af7e488:18a725a15a2:-7fc4','1843-DALEN, VICTORINO','INDe9f435c:1566d2139b2:-7f60','1843-DALEN, VICTORINO','local','047220021','MALINAO','MALINAO,MUNICIPALITY OF GARCIA HERNANDEZ,BOHOL',NULL,'BOHOL','MUNICIPALITY OF GARCIA HERNANDEZ',NULL,NULL,NULL,NULL,NULL,NULL,'WM1681dc23:18a72a06590:-2ef8','RESIDENTIAL',1,NULL,'3','[]','ACTIVE',NULL,NULL,NULL),('WACCT-6af7e488:18a725a15a2:-7fc6','816-DALEN, CORAZON','IND-312f2dbf:155577fbc28:-7e67','816-DALEN, CORAZON','local','047220021','MALINAO','MALINAO,MUNICIPALITY OF GARCIA HERNANDEZ,BOHOL',NULL,'BOHOL','MUNICIPALITY OF GARCIA HERNANDEZ',NULL,NULL,NULL,NULL,NULL,NULL,'WM1681dc23:18a72a06590:-350d','RESIDENTIAL',1,NULL,'3','[]','ACTIVE',NULL,NULL,NULL),('WACCT-6af7e488:18a725a15a2:-7fc7','815-DALEN, PORFERIO','IND7cd0bcef:15803801858:-7d58','815-DALEN, PORFERIO','local','047220021','MALINAO','MALINAO,MUNICIPALITY OF GARCIA HERNANDEZ,BOHOL',NULL,'BOHOL','MUNICIPALITY OF GARCIA HERNANDEZ',NULL,NULL,NULL,NULL,NULL,NULL,'WM1681dc23:18a72a06590:-36c8','RESIDENTIAL',1,NULL,'3','[]','ACTIVE',NULL,NULL,NULL),('WACCT-6af7e488:18a725a15a2:-7fc8','814-DALEN, VALERIO','IND-6e74966:156f7acfb67:-7d5c','814-DALEN, VALERIO','local','047220021','MALINAO','MALINAO,MUNICIPALITY OF GARCIA HERNANDEZ,BOHOL',NULL,'BOHOL','MUNICIPALITY OF GARCIA HERNANDEZ',NULL,NULL,NULL,NULL,NULL,NULL,'WM1681dc23:18a72a06590:-387a','RESIDENTIAL',1,NULL,'3','[]','ACTIVE',NULL,NULL,NULL),('WACCT-6af7e488:18a725a15a2:-7fc9','1798-FUENTES, MARIA FE','IND1eeecae1:15671beff34:-7ff4','1798-FUENTES, MARIA FE','local','047220021','MALINAO','MALINAO,MUNICIPALITY OF GARCIA HERNANDEZ,BOHOL',NULL,'BOHOL','MUNICIPALITY OF GARCIA HERNANDEZ',NULL,NULL,NULL,NULL,NULL,NULL,'WM1681dc23:18a72a06590:-3a4f','RESIDENTIAL',1,NULL,'3','[]','ACTIVE',NULL,NULL,NULL),('WACCT-6af7e488:18a725a15a2:-7fca','813-DALEN, MODESTO','IND-312f2dbf:155577fbc28:-7f25','813-DALEN, MODESTO','local','047220021','MALINAO','MALINAO,MUNICIPALITY OF GARCIA HERNANDEZ,BOHOL',NULL,'BOHOL','MUNICIPALITY OF GARCIA HERNANDEZ',NULL,NULL,NULL,NULL,NULL,NULL,'WM1681dc23:18a72a06590:-3c02','RESIDENTIAL',1,NULL,'3','[]','ACTIVE',NULL,NULL,NULL),('WACCT-6af7e488:18a725a15a2:-7fcb','812-DALEN, SABINO','IND-6ffafbc6:154a7734a6e:-6902','812-DALEN, SABINO','local','047220021','MALINAO','MALINAO,MUNICIPALITY OF GARCIA HERNANDEZ,BOHOL',NULL,'BOHOL','MUNICIPALITY OF GARCIA HERNANDEZ',NULL,NULL,NULL,NULL,NULL,NULL,'WM1681dc23:18a72a06590:-3de2','RESIDENTIAL',1,NULL,'3','[]','ACTIVE',NULL,NULL,NULL),('WACCT-6af7e488:18a725a15a2:-7fcc','811-GARCIA, ASTERIA','IND69fd5a32:156d90498d7:-73ec','811-GARCIA, ASTERIA','local','047220021','MALINAO','MALINAO,MUNICIPALITY OF GARCIA HERNANDEZ,BOHOL',NULL,'BOHOL','MUNICIPALITY OF GARCIA HERNANDEZ',NULL,NULL,NULL,NULL,NULL,NULL,'WM1681dc23:18a72a06590:-42bc','RESIDENTIAL',1,NULL,'3','[]','ACTIVE',NULL,NULL,NULL),('WACCT-6af7e488:18a725a15a2:-7fcd','810-DALEN, MAXIMO','IND-7414aecb:1518e620e0a:-7b96','810-DALEN, MAXIMO','local','047220021','MALINAO','MALINAO,MUNICIPALITY OF GARCIA HERNANDEZ,BOHOL',NULL,'BOHOL','MUNICIPALITY OF GARCIA HERNANDEZ',NULL,NULL,NULL,NULL,NULL,NULL,'WM1681dc23:18a72a06590:-44d4','RESIDENTIAL',1,NULL,'3','[]','ACTIVE',NULL,NULL,NULL),('WACCT-6af7e488:18a725a15a2:-7fce','809-DALEN, FIRMA','IND-7414aecb:1518e620e0a:-7c17','809-DALEN, FIRMA','local','047220021','MALINAO','MALINAO,MUNICIPALITY OF GARCIA HERNANDEZ,BOHOL',NULL,'BOHOL','MUNICIPALITY OF GARCIA HERNANDEZ',NULL,NULL,NULL,NULL,NULL,NULL,'WM1681dc23:18a72a06590:-46dd','RESIDENTIAL',1,NULL,'3','[]','ACTIVE',NULL,NULL,NULL),('WACCT-6af7e488:18a725a15a2:-7fcf','1701-DUFFY, BASILIDIS','IND37e57ea4:1537cc479c7:-7fb7','1701-DUFFY, BASILIDIS','local','047220021','MALINAO','MALINAO,MUNICIPALITY OF GARCIA HERNANDEZ,BOHOL',NULL,'BOHOL','MUNICIPALITY OF GARCIA HERNANDEZ',NULL,NULL,NULL,NULL,NULL,NULL,'WM1681dc23:18a72a06590:-4a61','RESIDENTIAL',1,NULL,'3','[]','ACTIVE',NULL,NULL,NULL),('WACCT-6af7e488:18a725a15a2:-7fd0','808-NAMBATAC, FLOR','IND34e04322:1556b1e6742:-6889','808-NAMBATAC, FLOR','local','047220021','MALINAO','MALINAO,MUNICIPALITY OF GARCIA HERNANDEZ,BOHOL',NULL,'BOHOL','MUNICIPALITY OF GARCIA HERNANDEZ',NULL,NULL,NULL,NULL,NULL,NULL,'WM1681dc23:18a72a06590:-4c6c','RESIDENTIAL',1,NULL,'3','[]','ACTIVE',NULL,NULL,NULL),('WACCT-6af7e488:18a725a15a2:-7fd1','1738-BUENBRAZO, RODULFO','IND5dae3dde:153539d0be4:-7fe3','1738-BUENBRAZO, RODULFO','local','047220021','MALINAO','MALINAO,MUNICIPALITY OF GARCIA HERNANDEZ,BOHOL',NULL,'BOHOL','MUNICIPALITY OF GARCIA HERNANDEZ',NULL,NULL,NULL,NULL,NULL,NULL,'WM1681dc23:18a72a06590:-4e58','RESIDENTIAL',1,NULL,'3','[]','ACTIVE',NULL,NULL,NULL),('WACCT-6af7e488:18a725a15a2:-7fd2','806-MARCELO, JOSEPHINE','IND582c994:151a31a2d90:-66f3','806-MARCELO, JOSEPHINE','local','047220021','MALINAO','MALINAO,MUNICIPALITY OF GARCIA HERNANDEZ,BOHOL',NULL,'BOHOL','MUNICIPALITY OF GARCIA HERNANDEZ',NULL,NULL,NULL,NULL,NULL,NULL,'WM1681dc23:18a72a06590:-50f7','RESIDENTIAL',1,NULL,'3','[]','ACTIVE',NULL,NULL,NULL),('WACCT-6af7e488:18a725a15a2:-7fd3','1751-CERIO, DAHAN NEIL','IND-7faf94e5:1518fde978f:-7ecf','1751-CERIO, DAHAN NEIL','local','047220021','MALINAO','MALINAO,MUNICIPALITY OF GARCIA HERNANDEZ,BOHOL',NULL,'BOHOL','MUNICIPALITY OF GARCIA HERNANDEZ',NULL,NULL,NULL,NULL,NULL,NULL,'WM1681dc23:18a72a06590:-52d3','RESIDENTIAL',1,NULL,'3','[]','ACTIVE',NULL,NULL,NULL),('WACCT-6af7e488:18a725a15a2:-7fd4','804-TADLIP, NAPOLEON','IND-4de0f89e:15556813383:-7fdd','804-TADLIP, NAPOLEON','local','047220021','MALINAO','MALINAO,MUNICIPALITY OF GARCIA HERNANDEZ,BOHOL',NULL,'BOHOL','MUNICIPALITY OF GARCIA HERNANDEZ',NULL,NULL,NULL,NULL,NULL,NULL,'WM1681dc23:18a72a06590:-553e','RESIDENTIAL',1,NULL,'3','[]','ACTIVE',NULL,NULL,NULL),('WACCT-6af7e488:18a725a15a2:-7fd5','803-HUERTAS, ROSALINDA','IND2206d93c:1566778c3d9:-225f','803-HUERTAS, ROSALINDA','local','047220021','MALINAO','MALINAO,MUNICIPALITY OF GARCIA HERNANDEZ,BOHOL',NULL,'BOHOL','MUNICIPALITY OF GARCIA HERNANDEZ',NULL,NULL,NULL,NULL,NULL,NULL,'WM1681dc23:18a72a06590:-5890','RESIDENTIAL',1,NULL,'3','[]','ACTIVE',NULL,NULL,NULL),('WACCT-6af7e488:18a725a15a2:-7fd6','801-DALEN, OSMUNDO','IND-230e4018:15266af505d:-7c23','801-DALEN, OSMUNDO','local','047220021','MALINAO','MALINAO,MUNICIPALITY OF GARCIA HERNANDEZ,BOHOL',NULL,'BOHOL','MUNICIPALITY OF GARCIA HERNANDEZ',NULL,NULL,NULL,NULL,NULL,NULL,'WM1681dc23:18a72a06590:-5a78','RESIDENTIAL',1,NULL,'3','[]','ACTIVE',NULL,NULL,NULL),('WACCT-6af7e488:18a725a15a2:-7fd7','802-BAYRON, NENITA','IND-1b77b8fa:151ec21d576:-4787','802-BAYRON, NENITA','local','047220021','MALINAO','MALINAO,MUNICIPALITY OF GARCIA HERNANDEZ,BOHOL',NULL,'BOHOL','MUNICIPALITY OF GARCIA HERNANDEZ',NULL,NULL,NULL,NULL,NULL,NULL,'WM1681dc23:18a72a06590:-5c42','RESIDENTIAL',1,NULL,'3','[]','ACTIVE',NULL,NULL,NULL),('WACCT-6af7e488:18a725a15a2:-7fd8','2309- SAJOT, MARIBEL LLEMIT','IND-22c664f2:17f712c947a:-779f','2309- SAJOT, MARIBEL LLEMIT','local','047220021','MALINAO','MALINAO,MUNICIPALITY OF GARCIA HERNANDEZ,BOHOL',NULL,'BOHOL','MUNICIPALITY OF GARCIA HERNANDEZ',NULL,NULL,NULL,NULL,NULL,NULL,'WM1681dc23:18a72a06590:-6164','RESIDENTIAL',1,NULL,'3','[]','ACTIVE',NULL,NULL,NULL),('WACCT-6af7e488:18a725a15a2:-7fd9','2268-DAHAN, ALBERTO','IND-d782645:179ee172373:-7390','2268-DAHAN, ALBERTO','local','047220021','MALINAO','MALINAO,MUNICIPALITY OF GARCIA HERNANDEZ,BOHOL',NULL,'BOHOL','MUNICIPALITY OF GARCIA HERNANDEZ',NULL,NULL,NULL,NULL,NULL,NULL,'WM1681dc23:18a72a06590:-632f','RESIDENTIAL',1,NULL,'3','[]','ACTIVE',NULL,NULL,NULL),('WACCT-6af7e488:18a725a15a2:-7fda','800-SAJOT, MARIA','IND7b5be4:1586f9abf29:-7ef5','800-SAJOT, MARIA','local','047220021','MALINAO','MALINAO,MUNICIPALITY OF GARCIA HERNANDEZ,BOHOL',NULL,'BOHOL','MUNICIPALITY OF GARCIA HERNANDEZ',NULL,NULL,NULL,NULL,NULL,NULL,'WM1681dc23:18a72a06590:-652b','RESIDENTIAL',1,NULL,'3','[]','ACTIVE',NULL,NULL,NULL),('WACCT-6af7e488:18a725a15a2:-7fdb','798-SAJOT, PROTACIO','IND-7ede5131:1523d705f02:-5cab','798-SAJOT, PROTACIO','local','047220021','MALINAO','MALINAO,MUNICIPALITY OF GARCIA HERNANDEZ,BOHOL',NULL,'BOHOL','MUNICIPALITY OF GARCIA HERNANDEZ',NULL,NULL,NULL,NULL,NULL,NULL,'WM1681dc23:18a72a06590:-679b','RESIDENTIAL',1,NULL,'3','[]','ACTIVE',NULL,NULL,NULL),('WACCT-6af7e488:18a725a15a2:-7fdc','797-DALEN, EXEQUILA','IND1d2e9959:152531d3017:-6e06','797-DALEN, EXEQUILA','local','047220021','MALINAO','MALINAO,MUNICIPALITY OF GARCIA HERNANDEZ,BOHOL',NULL,'BOHOL','MUNICIPALITY OF GARCIA HERNANDEZ',NULL,NULL,NULL,NULL,NULL,NULL,'WM1681dc23:18a72a06590:-6b4a','RESIDENTIAL',1,NULL,'3','[]','ACTIVE',NULL,NULL,NULL),('WACCT-6af7e488:18a725a15a2:-7fdd','799-CALUMPONG, JUSTINIANO','IND1d2e9959:152531d3017:-74a0','799-CALUMPONG, JUSTINIANO','local','047220021','MALINAO','MALINAO,MUNICIPALITY OF GARCIA HERNANDEZ,BOHOL',NULL,'BOHOL','MUNICIPALITY OF GARCIA HERNANDEZ',NULL,NULL,NULL,NULL,NULL,NULL,'WM1681dc23:18a72a06590:-6d13','RESIDENTIAL',1,NULL,'3','[]','ACTIVE',NULL,NULL,NULL),('WACCT-6af7e488:18a725a15a2:-7fde','796-BRGY. HALL CENTER MALINAO, MALINAO','IND14384189:155139114a6:-7cdb','796-BRGY. HALL CENTER MALINAO, MALINAO','local','047220021','MALINAO','MALINAO,MUNICIPALITY OF GARCIA HERNANDEZ,BOHOL',NULL,'BOHOL','MUNICIPALITY OF GARCIA HERNANDEZ',NULL,NULL,NULL,NULL,NULL,NULL,'WM1681dc23:18a72a06590:-6ede','RESIDENTIAL',1,NULL,'3','[]','ACTIVE',NULL,NULL,NULL),('WACCT-6af7e488:18a725a15a2:-7fdf','2341-GALANIDA, FULGENCIO','IND-73366ee5:184981014b1:-7e1b','2341-GALANIDA, FULGENCIO','local','047220021','MALINAO','MALINAO,MUNICIPALITY OF GARCIA HERNANDEZ,BOHOL',NULL,'BOHOL','MUNICIPALITY OF GARCIA HERNANDEZ',NULL,NULL,NULL,NULL,NULL,NULL,'WM1681dc23:18a72a06590:-7076','RESIDENTIAL',1,NULL,'3','[]','ACTIVE',NULL,NULL,NULL),('WACCT-6af7e488:18a725a15a2:-7fe0','795-DALING, LILIBETH','IND14384189:155139114a6:-7d57','795-DALING, LILIBETH','local','047220021','MALINAO','MALINAO,MUNICIPALITY OF GARCIA HERNANDEZ,BOHOL',NULL,'BOHOL','MUNICIPALITY OF GARCIA HERNANDEZ',NULL,NULL,NULL,NULL,NULL,NULL,'WM1681dc23:18a72a06590:-7334','RESIDENTIAL',1,NULL,'3','[]','ACTIVE',NULL,NULL,NULL),('WACCT-6af7e488:18a725a15a2:-7fe1','794-MACUSE, MANUEL','IND-1ba98c13:151893397d2:-7519','794-MACUSE, MANUEL','local','047220021','MALINAO','MALINAO,MUNICIPALITY OF GARCIA HERNANDEZ,BOHOL',NULL,'BOHOL','MUNICIPALITY OF GARCIA HERNANDEZ',NULL,NULL,NULL,NULL,NULL,NULL,'WM1681dc23:18a72a06590:-752e','RESIDENTIAL',1,NULL,'3','[]','ACTIVE',NULL,NULL,NULL),('WACCT-6af7e488:18a725a15a2:-7fe2','791-LLEMIT, ESPERATO [R]','IND1dfc24ff:152cda5ed2c:-7c6d','791-LLEMIT, ESPERATO [R]','local','047220021','MALINAO','MALINAO,MUNICIPALITY OF GARCIA HERNANDEZ,BOHOL',NULL,'BOHOL','MUNICIPALITY OF GARCIA HERNANDEZ',NULL,NULL,NULL,NULL,NULL,NULL,'WM1681dc23:18a72a06590:-76fa','RESIDENTIAL',1,NULL,'3','[]','ACTIVE',NULL,NULL,NULL),('WACCT-6af7e488:18a725a15a2:-7fe3','790-MACUSE, FE','IND-1ba98c13:151893397d2:-7291','790-MACUSE, FE','local','047220021','MALINAO','MALINAO,MUNICIPALITY OF GARCIA HERNANDEZ,BOHOL',NULL,'BOHOL','MUNICIPALITY OF GARCIA HERNANDEZ',NULL,NULL,NULL,NULL,NULL,NULL,'WM1681dc23:18a72a06590:-7a19','RESIDENTIAL',1,NULL,'3','[]','ACTIVE',NULL,NULL,NULL),('WACCT-6af7e488:18a725a15a2:-7fe4','789-SALISE, CRESENCIA','IND78f5d6e4:15426ad4e60:-5e0c','789-SALISE, CRESENCIA','local','047220021','MALINAO','MALINAO,MUNICIPALITY OF GARCIA HERNANDEZ,BOHOL',NULL,'BOHOL','MUNICIPALITY OF GARCIA HERNANDEZ',NULL,NULL,NULL,NULL,NULL,NULL,'WM1681dc23:18a72a06590:-7be9','RESIDENTIAL',1,NULL,'3','[]','ACTIVE',NULL,NULL,NULL),('WACCT-6af7e488:18a725a15a2:-7fe5','2218-SALISE, CHONA','IND-77f9760b:17273887a99:-7dd9','2218-SALISE, CHONA','local','047220021','MALINAO','MALINAO,MUNICIPALITY OF GARCIA HERNANDEZ,BOHOL',NULL,'BOHOL','MUNICIPALITY OF GARCIA HERNANDEZ',NULL,NULL,NULL,NULL,NULL,NULL,'WM1681dc23:18a72a06590:-7df6','RESIDENTIAL',1,NULL,'3','[]','ACTIVE',NULL,NULL,NULL),('WACCT-6af7e488:18a725a15a2:-7fe6','787-ACLAN, CORAZON','IND7e75aa31:1518a46f614:-7eb1','787-ACLAN, CORAZON','local','047220021','MALINAO','MALINAO,MUNICIPALITY OF GARCIA HERNANDEZ,BOHOL',NULL,'BOHOL','MUNICIPALITY OF GARCIA HERNANDEZ',NULL,NULL,NULL,NULL,NULL,NULL,'WM66f3bebd:18a72584820:-3a54','RESIDENTIAL',1,NULL,'3','[]','ACTIVE',NULL,NULL,NULL),('WACCT-6af7e488:18a725a15a2:-7fe7','786-SALISE, PANCRASIO JR.','IND11fd2b02:1513d1114ef:-7f5f','786-SALISE, PANCRASIO JR.','local','047220021','MALINAO','MALINAO,MUNICIPALITY OF GARCIA HERNANDEZ,BOHOL',NULL,'BOHOL','MUNICIPALITY OF GARCIA HERNANDEZ',NULL,NULL,NULL,NULL,NULL,NULL,'WM66f3bebd:18a72584820:-3c67','RESIDENTIAL',1,NULL,'3','[]','ACTIVE',NULL,NULL,NULL),('WACCT-6af7e488:18a725a15a2:-7fe8','788-NACION, CORAZON','IND-50063bed:15726031e26:-21b8','788-NACION, CORAZON','local','047220021','MALINAO','MALINAO,MUNICIPALITY OF GARCIA HERNANDEZ,BOHOL',NULL,'BOHOL','MUNICIPALITY OF GARCIA HERNANDEZ',NULL,NULL,NULL,NULL,NULL,NULL,'WM66f3bebd:18a72584820:-3e5e','RESIDENTIAL',1,NULL,'3','[]','ACTIVE',NULL,NULL,NULL),('WACCT-6af7e488:18a725a15a2:-7fe9','2008-GALENDEZ, CLARA LLEMIT','IND-13850d53:15377922e1d:-7937','2008-GALENDEZ, CLARA LLEMIT','local','047220021','MALINAO','MALINAO,MUNICIPALITY OF GARCIA HERNANDEZ,BOHOL',NULL,'BOHOL','MUNICIPALITY OF GARCIA HERNANDEZ',NULL,NULL,NULL,NULL,NULL,NULL,'WM66f3bebd:18a72584820:-40ee','RESIDENTIAL',1,NULL,'3','[]','ACTIVE',NULL,NULL,NULL),('WACCT-6af7e488:18a725a15a2:-7fea','2325-BAIO, FRANCISCA','IND740311ab:181856e4f36:-7e1b','2325-BAIO, FRANCISCA','local','047220021','MALINAO','MALINAO,MUNICIPALITY OF GARCIA HERNANDEZ,BOHOL',NULL,'BOHOL','MUNICIPALITY OF GARCIA HERNANDEZ',NULL,NULL,NULL,NULL,NULL,NULL,'WM66f3bebd:18a72584820:-436c','RESIDENTIAL',1,NULL,'3','[]','ACTIVE',NULL,NULL,NULL),('WACCT-6af7e488:18a725a15a2:-7feb','785-BAINO, JUAN','IND582c994:151a31a2d90:-6c87','785-BAINO, JUAN','local','047220021','MALINAO','MALINAO,MUNICIPALITY OF GARCIA HERNANDEZ,BOHOL',NULL,'BOHOL','MUNICIPALITY OF GARCIA HERNANDEZ',NULL,NULL,NULL,NULL,NULL,NULL,'WM66f3bebd:18a72584820:-463d','RESIDENTIAL',1,NULL,'3','[]','ACTIVE',NULL,NULL,NULL),('WACCT-6af7e488:18a725a15a2:-7fec','1806-GALENDEZ, ROQUE','IND-7414aecb:1518e620e0a:-7a81','1806-GALENDEZ, ROQUE','local','047220021','MALINAO','MALINAO,MUNICIPALITY OF GARCIA HERNANDEZ,BOHOL',NULL,'BOHOL','MUNICIPALITY OF GARCIA HERNANDEZ',NULL,NULL,NULL,NULL,NULL,NULL,'WM66f3bebd:18a72584820:-480a','RESIDENTIAL',1,NULL,'3','[]','ACTIVE',NULL,NULL,NULL),('WACCT-6af7e488:18a725a15a2:-7fed','781-MACUSE, HONORATA','IND2f6c7594:155e6c38fb1:-6fe1','781-MACUSE, HONORATA','local','047220021','MALINAO','MALINAO,MUNICIPALITY OF GARCIA HERNANDEZ,BOHOL',NULL,'BOHOL','MUNICIPALITY OF GARCIA HERNANDEZ',NULL,NULL,NULL,NULL,NULL,NULL,'WM66f3bebd:18a72584820:-49aa','RESIDENTIAL',1,NULL,'3','[]','ACTIVE',NULL,NULL,NULL),('WACCT-6af7e488:18a725a15a2:-7fee','780-LLEMIT, ELADIO','IND710f67a5:152342f5d6e:-7b7f','780-LLEMIT, ELADIO','local','047220021','MALINAO','MALINAO,MUNICIPALITY OF GARCIA HERNANDEZ,BOHOL',NULL,'BOHOL','MUNICIPALITY OF GARCIA HERNANDEZ',NULL,NULL,NULL,NULL,NULL,NULL,'WM66f3bebd:18a72584820:-4bc3','RESIDENTIAL',1,NULL,'3','[]','ACTIVE',NULL,NULL,NULL),('WACCT-6af7e488:18a725a15a2:-7fef','777-BAINO, GINA','IND-64e7a1cd:1522ed359c6:-760b','777-BAINO, GINA','local','047220021','MALINAO','MALINAO,MUNICIPALITY OF GARCIA HERNANDEZ,BOHOL',NULL,'BOHOL','MUNICIPALITY OF GARCIA HERNANDEZ',NULL,NULL,NULL,NULL,NULL,NULL,'WM66f3bebd:18a72584820:-4df5','RESIDENTIAL',1,NULL,'3','[]','ACTIVE',NULL,NULL,NULL),('WACCT-6af7e488:18a725a15a2:-7ff0','778-BAINO, PRIMO','IND-43d0705e:151a9599555:-73eb','778-BAINO, PRIMO','local','047220021','MALINAO','MALINAO,MUNICIPALITY OF GARCIA HERNANDEZ,BOHOL',NULL,'BOHOL','MUNICIPALITY OF GARCIA HERNANDEZ',NULL,NULL,NULL,NULL,NULL,NULL,'WM66f3bebd:18a72584820:-5008','RESIDENTIAL',1,NULL,'3','[]','ACTIVE',NULL,NULL,NULL),('WACCT-6af7e488:18a725a15a2:-7ff1','1989-BETE, FERMIN JR.','IND1c7992f1:1519ee2ae4b:10a1','1989-BETE, FERMIN JR.','local','047220021','MALINAO','MALINAO,MUNICIPALITY OF GARCIA HERNANDEZ,BOHOL',NULL,'BOHOL','MUNICIPALITY OF GARCIA HERNANDEZ',NULL,NULL,NULL,NULL,NULL,NULL,'WM66f3bebd:18a72584820:-5201','RESIDENTIAL',1,NULL,'3','[]','ACTIVE',NULL,NULL,NULL),('WACCT-6af7e488:18a725a15a2:-7ff2','779-BAINO, HERMINIANO','IND-74c7ee92:157020d5c71:-7fdb','779-BAINO, HERMINIANO','local','047220021','MALINAO','MALINAO,MUNICIPALITY OF GARCIA HERNANDEZ,BOHOL',NULL,'BOHOL','MUNICIPALITY OF GARCIA HERNANDEZ',NULL,NULL,NULL,NULL,NULL,NULL,'WM66f3bebd:18a72584820:-5689','RESIDENTIAL',1,NULL,'3','[]','ACTIVE',NULL,NULL,NULL),('WACCT-6af7e488:18a725a15a2:-7ff3','1820-VISTAL, DIOSCORO','IND4fbe7443:1511e21774a:-6f28','1820-VISTAL, DIOSCORO','local','047220021','MALINAO','MALINAO,MUNICIPALITY OF GARCIA HERNANDEZ,BOHOL',NULL,'BOHOL','MUNICIPALITY OF GARCIA HERNANDEZ',NULL,NULL,NULL,NULL,NULL,NULL,'WM66f3bebd:18a72584820:-5ebb','RESIDENTIAL',1,NULL,'3','[]','ACTIVE',NULL,NULL,NULL),('WACCT-6af7e488:18a725a15a2:-7ff4','1987-WABE, RHANDY V.','IND4fbe7443:1511e21774a:-6fec','1987-WABE, RHANDY V.','local','047220021','MALINAO','MALINAO,MUNICIPALITY OF GARCIA HERNANDEZ,BOHOL',NULL,'BOHOL','MUNICIPALITY OF GARCIA HERNANDEZ',NULL,NULL,NULL,NULL,NULL,NULL,'WM66f3bebd:18a72584820:-608c','RESIDENTIAL',1,NULL,'3','[]','ACTIVE',NULL,NULL,NULL),('WACCT-6af7e488:18a725a15a2:-7ff5','2229-BAHAN, REYNALDO','IND56d2714a:11730f02b5a:-5e23','2229-BAHAN, REYNALDO','local','047220021','MALINAO','MALINAO,MUNICIPALITY OF GARCIA HERNANDEZ,BOHOL',NULL,'BOHOL','MUNICIPALITY OF GARCIA HERNANDEZ',NULL,NULL,NULL,NULL,NULL,NULL,'WM66f3bebd:18a72584820:-6255','RESIDENTIAL',1,NULL,'3','[]','ACTIVE',NULL,NULL,NULL),('WACCT-6af7e488:18a725a15a2:-7ff6','1689-GALGAO, CRESENCIANA','IND5efe90b5:15233274556:-6145','1689-GALGAO, CRESENCIANA','local','047220021','MALINAO','MALINAO,MUNICIPALITY OF GARCIA HERNANDEZ,BOHOL',NULL,'BOHOL','MUNICIPALITY OF GARCIA HERNANDEZ',NULL,NULL,NULL,NULL,NULL,NULL,'WM66f3bebd:18a72584820:-645b','RESIDENTIAL',1,NULL,'3','[]','ACTIVE',NULL,NULL,NULL),('WACCT-6af7e488:18a725a15a2:-7ff7','776-MALINAO, ELEMENTARY SCHOOL','IND-ab8e96:151ad40a110:-78bf','776-MALINAO, ELEMENTARY SCHOOL','local','047220021','MALINAO','MALINAO,MUNICIPALITY OF GARCIA HERNANDEZ,BOHOL',NULL,'BOHOL','MUNICIPALITY OF GARCIA HERNANDEZ',NULL,NULL,NULL,NULL,NULL,NULL,'WM66f3bebd:18a72584820:-6823','INSTITUTIONAL',1,NULL,'3','[]','ACTIVE',NULL,NULL,NULL),('WACCT-6af7e488:18a725a15a2:-7ff8','775-BAHAN, ANTONIO','IND-299f2125:15312245fd6:-7c4d','775-BAHAN, ANTONIO','local','047220021','MALINAO','MALINAO,MUNICIPALITY OF GARCIA HERNANDEZ,BOHOL',NULL,'BOHOL','MUNICIPALITY OF GARCIA HERNANDEZ',NULL,NULL,NULL,NULL,NULL,NULL,'WM66f3bebd:18a72584820:-6a53','RESIDENTIAL',1,NULL,'3','[]','ACTIVE',NULL,NULL,NULL),('WACCT-6af7e488:18a725a15a2:-7ff9','774-ACASIO, RANDY','IND4fbe7443:1511e21774a:-6f8f','774-ACASIO, RANDY','local','047220021','MALINAO','MALINAO,MUNICIPALITY OF GARCIA HERNANDEZ,BOHOL',NULL,'BOHOL','MUNICIPALITY OF GARCIA HERNANDEZ',NULL,NULL,NULL,NULL,NULL,NULL,'WM66f3bebd:18a72584820:-6cf1','RESIDENTIAL',1,NULL,'3','[]','ACTIVE',NULL,NULL,NULL),('WACCT-6af7e488:18a725a15a2:-7ffa','773-VISTAL, TEOFANES','IND-5d744500:151ae7f7899:-79ed','773-VISTAL, TEOFANES','local','047220021','MALINAO','MALINAO,MUNICIPALITY OF GARCIA HERNANDEZ,BOHOL',NULL,'BOHOL','MUNICIPALITY OF GARCIA HERNANDEZ',NULL,NULL,NULL,NULL,NULL,NULL,'WM66f3bebd:18a72584820:-6fd5','RESIDENTIAL',1,NULL,'3','[]','ACTIVE',NULL,NULL,NULL),('WACCT-6af7e488:18a725a15a2:-7ffb','1869-DALEN, ROY','IND11fd2b02:1513d1114ef:-7ff4','1869-DALEN, ROY','local','047220021','MALINAO','MALINAO,MUNICIPALITY OF GARCIA HERNANDEZ,BOHOL',NULL,'BOHOL','MUNICIPALITY OF GARCIA HERNANDEZ',NULL,NULL,NULL,NULL,NULL,NULL,'WM66f3bebd:18a72584820:-71ae','RESIDENTIAL',1,NULL,'3','[]','ACTIVE',NULL,NULL,NULL),('WACCT-6af7e488:18a725a15a2:-7ffc','772-IGUALAN, JAIME','IND1eca1513:15184124957:-5aa5','772-IGUALAN, JAIME','local','047220021','MALINAO','MALINAO,MUNICIPALITY OF GARCIA HERNANDEZ,BOHOL',NULL,'BOHOL','MUNICIPALITY OF GARCIA HERNANDEZ',NULL,NULL,NULL,NULL,NULL,NULL,'WM66f3bebd:18a72584820:-741d','RESIDENTIAL',1,NULL,'3','[]','ACTIVE',NULL,NULL,NULL),('WACCT-6af7e488:18a725a15a2:-7ffd','2219-BERTIS, MARJORIE','IND-77f9760b:17273887a99:-7d02','2219-BERTIS, MARJORIE','local','047220021','MALINAO','MALINAO,MUNICIPALITY OF GARCIA HERNANDEZ,BOHOL',NULL,'BOHOL','MUNICIPALITY OF GARCIA HERNANDEZ',NULL,NULL,NULL,NULL,NULL,NULL,'WM66f3bebd:18a72584820:-7c0d','RESIDENTIAL',1,NULL,'3','[]','ACTIVE',NULL,NULL,NULL),('WACCT-6af7e488:18a725a15a2:-7ffe','771-TADLIP, FLORO','IND582c994:151a31a2d90:-6d12','771-TADLIP, FLORO','local','047220021','MALINAO','MALINAO,MUNICIPALITY OF GARCIA HERNANDEZ,BOHOL',NULL,'BOHOL','MUNICIPALITY OF GARCIA HERNANDEZ',NULL,NULL,NULL,NULL,NULL,NULL,'WM66f3bebd:18a72584820:-7840','RESIDENTIAL',1,NULL,'3','[]','ACTIVE',NULL,NULL,NULL),('WACCT-71354bce:189f6f8c594:-7f05','2068-ABUCEJO, ARMANDO 3 (PHARMACY)','IND-474b5837:160729812b6:-7c42','2068-ABUCEJO, ARMANDO 3 (PHARMACY)','local','047220022','MANABA','MANABA,MUNICIPALITY OF GARCIA HERNANDEZ,BOHOL',NULL,'BOHOL','MUNICIPALITY OF GARCIA HERNANDEZ',NULL,NULL,NULL,NULL,NULL,NULL,'WMfe87b2e:18a2bb5aaf6:-6d0c','COMMERCIAL',1,NULL,'02','[]','ACTIVE',NULL,NULL,NULL),('WACCT-71354bce:189f6f8c594:-7f06','2067-ABUCEJO, ARMANDO 2','IND-2814e77d:15fdbe3017a:-4120','2067-ABUCEJO, ARMANDO 2','local','047220022','MANABA','MANABA,MUNICIPALITY OF GARCIA HERNANDEZ,BOHOL',NULL,'BOHOL','MUNICIPALITY OF GARCIA HERNANDEZ',NULL,NULL,NULL,NULL,NULL,NULL,'WMfe87b2e:18a2bb5aaf6:-6ea7','COMMERCIAL',1,NULL,'02','[]','ACTIVE',NULL,NULL,NULL),('WACCT-71354bce:189f6f8c594:-7f07','2009-ABUCEJO, ARMANDO 1','IND-13850d53:15377922e1d:-79bd','2009-ABUCEJO, ARMANDO 1','local','047220022','MANABA','MANABA,MUNICIPALITY OF GARCIA HERNANDEZ,BOHOL',NULL,'BOHOL','MUNICIPALITY OF GARCIA HERNANDEZ',NULL,NULL,NULL,NULL,NULL,NULL,'WMfe87b2e:18a2b3ea51e:5ddc','COMMERCIAL',1,NULL,'02','[]','ACTIVE',NULL,NULL,NULL),('WACCT-71354bce:189f6f8c594:-7f08','1272-GALIDO, EMILIO','IND-6de0ac73:1516b7bfab0:-6f00','1272-GALIDO, EMILIO','local','047220022','MANABA','MANABA,MUNICIPALITY OF GARCIA HERNANDEZ,BOHOL',NULL,'BOHOL','MUNICIPALITY OF GARCIA HERNANDEZ',NULL,NULL,NULL,NULL,NULL,NULL,'WM-51b8816b:189b8eff231:-6611','RESIDENTIAL',1,NULL,'02','[]','ACTIVE',NULL,NULL,NULL),('WACCT-71354bce:189f6f8c594:-7f09','1273-MILO, GRACE','IND-7414aecb:1518e620e0a:-7cb3','1273-MILO, GRACE','local','047220022','MANABA','MANABA,MUNICIPALITY OF GARCIA HERNANDEZ,BOHOL',NULL,'BOHOL','MUNICIPALITY OF GARCIA HERNANDEZ',NULL,NULL,NULL,NULL,NULL,NULL,'WM-40c963f2:189aec343e9:-77ed','RESIDENTIAL',1,NULL,'02','[]','ACTIVE',NULL,NULL,NULL),('WACCT-71354bce:189f6f8c594:-7f0a','1274-GALEMBA, SERAFIN','IND-2baf5b20:156dddffa04:-57cb','1274-GALEMBA, SERAFIN','local','047220022','MANABA','MANABA,MUNICIPALITY OF GARCIA HERNANDEZ,BOHOL',NULL,'BOHOL','MUNICIPALITY OF GARCIA HERNANDEZ',NULL,NULL,NULL,NULL,NULL,NULL,'WM-40c963f2:189aec343e9:-779c','RESIDENTIAL',1,NULL,'02','[]','ACTIVE',NULL,NULL,NULL),('WACCT-71354bce:189f6f8c594:-7f0c','1275-GALEMBA, PABLO','IND-27cb8ed0:151a2ef7114:-7da0','1275-GALEMBA, PABLO','local','047220022','MANABA','MANABA,MUNICIPALITY OF GARCIA HERNANDEZ,BOHOL',NULL,'BOHOL','MUNICIPALITY OF GARCIA HERNANDEZ',NULL,NULL,NULL,NULL,NULL,NULL,'WM-40c963f2:189aec343e9:-774b','RESIDENTIAL',1,NULL,'02','[]','ACTIVE',NULL,NULL,NULL),('WACCT-71354bce:189f6f8c594:-7f0d','1504-GALIDO, MARGARITA','IND-6de0ac73:1516b7bfab0:-75b6','1504-GALIDO, MARGARITA','local','047220022','MANABA','MANABA,MUNICIPALITY OF GARCIA HERNANDEZ,BOHOL',NULL,'BOHOL','MUNICIPALITY OF GARCIA HERNANDEZ',NULL,NULL,NULL,NULL,NULL,NULL,'WM-3282a7e8:18a1b099589:-2d6','RESIDENTIAL',1,NULL,'02','[]','ACTIVE',NULL,NULL,NULL),('WACCT-71354bce:189f6f8c594:-7f0e','2125-MERICO, ROWENA','IND48538692:16777ad8a76:-7e9a','2125-MERICO, ROWENA','local','047220022','MANABA','MANABA,MUNICIPALITY OF GARCIA HERNANDEZ,BOHOL',NULL,'BOHOL','MUNICIPALITY OF GARCIA HERNANDEZ',NULL,NULL,NULL,NULL,NULL,NULL,'WMbe12291:18a3fa9b053:-6af4','COMMERCIAL',1,NULL,'02','[]','ACTIVE',NULL,NULL,NULL),('WACCT-71354bce:189f6f8c594:-7f0f','1276-TIU, SIMEON','IND10bdfcc6:1530b7bfa85:-7405','1276-TIU, SIMEON','local','047220022','MANABA','MANABA,MUNICIPALITY OF GARCIA HERNANDEZ,BOHOL',NULL,'BOHOL','MUNICIPALITY OF GARCIA HERNANDEZ',NULL,NULL,NULL,NULL,NULL,NULL,'WM-40c963f2:189aec343e9:-7708','RESIDENTIAL',1,NULL,'02','[]','ACTIVE',NULL,NULL,NULL),('WACCT-71354bce:189f6f8c594:-7f10','1277-AGDUMA, JUAN JR.','IND-1478e316:152572aaf33:-7bab','1277-AGDUMA, JUAN JR.','local','047220022','MANABA','MANABA,MUNICIPALITY OF GARCIA HERNANDEZ,BOHOL',NULL,'BOHOL','MUNICIPALITY OF GARCIA HERNANDEZ',NULL,NULL,NULL,NULL,NULL,NULL,'WM-40c963f2:189aec343e9:-76cf','RESIDENTIAL',1,NULL,'02','[]','ACTIVE',NULL,NULL,NULL),('WACCT-71354bce:189f6f8c594:-7f11','1541-ACABU, BIBIANA O','IND-453c8648:1516058fe36:-7df1','1541-ACABU, BIBIANA O','local','047220022','MANABA','MANABA,MUNICIPALITY OF GARCIA HERNANDEZ,BOHOL',NULL,'BOHOL','MUNICIPALITY OF GARCIA HERNANDEZ',NULL,NULL,NULL,NULL,NULL,NULL,'WM30c10c77:18a1fd6e98e:-71eb','RESIDENTIAL',1,NULL,'02','[]','ACTIVE',NULL,NULL,NULL),('WACCT-71354bce:189f6f8c594:-7f12','1498-NALDOZA, DIONISIO','IND-453c8648:1516058fe36:-7ea0','1498-NALDOZA, DIONISIO','local','047220022','MANABA','MANABA,MUNICIPALITY OF GARCIA HERNANDEZ,BOHOL',NULL,'BOHOL','MUNICIPALITY OF GARCIA HERNANDEZ',NULL,NULL,NULL,NULL,NULL,NULL,'WM-3282a7e8:18a1b099589:-a65','COMMERCIAL',1,NULL,'02','[]','ACTIVE',NULL,NULL,NULL),('WACCT-71354bce:189f6f8c594:-7f13','1289-TEJANO, RAMONA','IND131bf8ab:1519de0fce4:-7ff4','1289-TEJANO, RAMONA','local','047220022','MANABA','MANABA,MUNICIPALITY OF GARCIA HERNANDEZ,BOHOL',NULL,'BOHOL','MUNICIPALITY OF GARCIA HERNANDEZ',NULL,NULL,NULL,NULL,NULL,NULL,'WM-40c963f2:189aec343e9:-7358','RESIDENTIAL',1,NULL,'02','[]','ACTIVE',NULL,NULL,NULL),('WACCT-71354bce:189f6f8c594:-7f14','1473-ACABO, BERNEDO','IND-6a052b77:150fe9c4aca:-7d66','1473-ACABO, BERNEDO','local','047220022','MANABA','MANABA,MUNICIPALITY OF GARCIA HERNANDEZ,BOHOL',NULL,'BOHOL','MUNICIPALITY OF GARCIA HERNANDEZ',NULL,NULL,NULL,NULL,NULL,NULL,'WM-3282a7e8:18a1b099589:-35c6','RESIDENTIAL',1,NULL,'02','[]','ACTIVE',NULL,NULL,NULL),('WACCT-71354bce:189f6f8c594:-7f15','1290-BACTASA, GUILLERMA','IND1eca1513:15184124957:-67b2','1290-BACTASA, GUILLERMA','local','047220022','MANABA','MANABA,MUNICIPALITY OF GARCIA HERNANDEZ,BOHOL',NULL,'BOHOL','MUNICIPALITY OF GARCIA HERNANDEZ',NULL,NULL,NULL,NULL,NULL,NULL,'WM-40c963f2:189aec343e9:-731c','RESIDENTIAL',1,NULL,'02','[]','ACTIVE',NULL,NULL,NULL),('WACCT-71354bce:189f6f8c594:-7f16','1291-VITUDAZO, PATRICIO','IND5efe90b5:15233274556:-7391','1291-VITUDAZO, PATRICIO','local','047220022','MANABA','MANABA,MUNICIPALITY OF GARCIA HERNANDEZ,BOHOL',NULL,'BOHOL','MUNICIPALITY OF GARCIA HERNANDEZ',NULL,NULL,NULL,NULL,NULL,NULL,'WM-40c963f2:189aec343e9:-72da','RESIDENTIAL',1,NULL,'02','[]','ACTIVE',NULL,NULL,NULL),('WACCT-71354bce:189f6f8c594:-7f17','1292-GALIDO, ARGEO (TIMBAL)','IND1eca1513:15184124957:-5de4','1292-GALIDO, ARGEO (TIMBAL)','local','047220022','MANABA','MANABA,MUNICIPALITY OF GARCIA HERNANDEZ,BOHOL',NULL,'BOHOL','MUNICIPALITY OF GARCIA HERNANDEZ',NULL,NULL,NULL,NULL,NULL,NULL,'WM-40c963f2:189aec343e9:-7292','RESIDENTIAL',1,NULL,'02','[]','ACTIVE',NULL,NULL,NULL),('WACCT-71354bce:189f6f8c594:-7f18','1298-TAN, NERIO','IND-7ede5131:1523d705f02:-658a','1298-TAN, NERIO','local','047220022','MANABA','MANABA,MUNICIPALITY OF GARCIA HERNANDEZ,BOHOL',NULL,'BOHOL','MUNICIPALITY OF GARCIA HERNANDEZ',NULL,NULL,NULL,NULL,NULL,NULL,'WM-40c963f2:189aec343e9:-7104','RESIDENTIAL',1,NULL,'02','[]','ACTIVE',NULL,NULL,NULL),('WACCT-71354bce:189f6f8c594:-7f19','1299-SALARDA, ANNABELLE','IND1c7992f1:1519ee2ae4b:-fad','1299-SALARDA, ANNABELLE','local','047220022','MANABA','MANABA,MUNICIPALITY OF GARCIA HERNANDEZ,BOHOL',NULL,'BOHOL','MUNICIPALITY OF GARCIA HERNANDEZ',NULL,NULL,NULL,NULL,NULL,NULL,'WM-40c963f2:189aec343e9:-70a3','RESIDENTIAL',1,NULL,'02','[]','ACTIVE',NULL,NULL,NULL),('WACCT-71354bce:189f6f8c594:-7f1a','1300-LU, VICENTE SHOP','IND462e53cd:1533aea8fae:-7f81','1300-LU, VICENTE SHOP','local','047220022','MANABA','MANABA,MUNICIPALITY OF GARCIA HERNANDEZ,BOHOL',NULL,'BOHOL','MUNICIPALITY OF GARCIA HERNANDEZ',NULL,NULL,NULL,NULL,NULL,NULL,'WM-40c963f2:189aec343e9:-7064','RESIDENTIAL',1,NULL,'02','[]','ACTIVE',NULL,NULL,NULL),('WACCT-71354bce:189f6f8c594:-7f1b','1303-GALGAO, CIRILO','IND7930f723:152d2d1b4ee:-7fb9','1303-GALGAO, CIRILO','local','047220022','MANABA','MANABA,MUNICIPALITY OF GARCIA HERNANDEZ,BOHOL',NULL,'BOHOL','MUNICIPALITY OF GARCIA HERNANDEZ',NULL,NULL,NULL,NULL,NULL,NULL,'WM-40c963f2:189aec343e9:-6f7f','RESIDENTIAL',1,NULL,'02','[]','ACTIVE',NULL,NULL,NULL),('WACCT-71354bce:189f6f8c594:-7f1c','1301-LOGARTA, FE MANABA','IND-61aec70a:1516a3e6db8:-7e9e','1301-LOGARTA, FE MANABA','local','047220022','MANABA','MANABA,MUNICIPALITY OF GARCIA HERNANDEZ,BOHOL',NULL,'BOHOL','MUNICIPALITY OF GARCIA HERNANDEZ',NULL,NULL,NULL,NULL,NULL,NULL,'WM-40c963f2:189aec343e9:-7019','RESIDENTIAL',1,NULL,'02','[]','ACTIVE',NULL,NULL,NULL),('WACCT-71354bce:189f6f8c594:-7f1d','1302-JAMERO, JOAQUIN','IND1eca1513:15184124957:-5d22','1302-JAMERO, JOAQUIN','local','047220022','MANABA','MANABA,MUNICIPALITY OF GARCIA HERNANDEZ,BOHOL',NULL,'BOHOL','MUNICIPALITY OF GARCIA HERNANDEZ',NULL,NULL,NULL,NULL,NULL,NULL,'WM-40c963f2:189aec343e9:-6fbb','RESIDENTIAL',1,NULL,'02','[]','ACTIVE',NULL,NULL,NULL),('WACCT-71354bce:189f6f8c594:-7f1e','1304-BRANZUELA, CLEOFE','IND18bfad7:1523eb3af90:-6df2','1304-BRANZUELA, CLEOFE','local','047220022','MANABA','MANABA,MUNICIPALITY OF GARCIA HERNANDEZ,BOHOL',NULL,'BOHOL','MUNICIPALITY OF GARCIA HERNANDEZ',NULL,NULL,NULL,NULL,NULL,NULL,'WM-40c963f2:189aec343e9:-6f46','RESIDENTIAL',1,NULL,'02','[]','ACTIVE',NULL,NULL,NULL),('WACCT-71354bce:189f6f8c594:-7f1f','1305-CAGADAS, VICTORIA','IND-64fa0901:155c2ac86b3:-7345','1305-CAGADAS, VICTORIA','local','047220022','MANABA','MANABA,MUNICIPALITY OF GARCIA HERNANDEZ,BOHOL',NULL,'BOHOL','MUNICIPALITY OF GARCIA HERNANDEZ',NULL,NULL,NULL,NULL,NULL,NULL,'WM-40c963f2:189aec343e9:-6f0d','RESIDENTIAL',1,NULL,'02','[]','ACTIVE',NULL,NULL,NULL),('WACCT-71354bce:189f6f8c594:-7f20','2263-ABUCEJO, KENNETH MARTIN','IND-295892c4:17c52fa7cad:-732a','2263-ABUCEJO, KENNETH MARTIN','local','047220022','MANABA','MANABA,MUNICIPALITY OF GARCIA HERNANDEZ,BOHOL',NULL,'BOHOL','MUNICIPALITY OF GARCIA HERNANDEZ',NULL,NULL,NULL,NULL,NULL,NULL,'WMbe12291:18a3fa9b053:-2167','RESIDENTIAL',1,NULL,'01','[]','ACTIVE',NULL,NULL,NULL),('WACCT-71354bce:189f6f8c594:-7f21','2317-GALIMBA, VICTOR 2','IND-42e38e1c:1804b4aac0f:-7d39','2317-GALIMBA, VICTOR 2','local','047220022','MANABA','MANABA,MUNICIPALITY OF GARCIA HERNANDEZ,BOHOL',NULL,'BOHOL','MUNICIPALITY OF GARCIA HERNANDEZ',NULL,NULL,NULL,NULL,NULL,NULL,'WMbe12291:18a3fa9b053:615','RESIDENTIAL',1,NULL,'01','[]','ACTIVE',NULL,NULL,NULL),('WACCT-71354bce:189f6f8c594:-7f22','2150-GALIMBA, METODIO','IND6a1c14a4:16ad2a89042:-7d08','2150-GALIMBA, METODIO','local','047220022','MANABA','MANABA,MUNICIPALITY OF GARCIA HERNANDEZ,BOHOL',NULL,'BOHOL','MUNICIPALITY OF GARCIA HERNANDEZ',NULL,NULL,NULL,NULL,NULL,NULL,'WMbe12291:18a3fa9b053:-54ae','RESIDENTIAL',1,NULL,'01','[]','ACTIVE',NULL,NULL,NULL),('WACCT-71354bce:189f6f8c594:-7f23','2018-ABUCEJO, MARCELINO JAMERO','IND-73353a3d:1543b4640d4:-7c3a','2018-ABUCEJO, MARCELINO JAMERO','local','047220022','MANABA','MANABA,MUNICIPALITY OF GARCIA HERNANDEZ,BOHOL',NULL,'BOHOL','MUNICIPALITY OF GARCIA HERNANDEZ',NULL,NULL,NULL,NULL,NULL,NULL,'WMfe87b2e:18a2b3ea51e:6400','RESIDENTIAL',1,NULL,'01','[]','ACTIVE',NULL,NULL,NULL),('WACCT-71354bce:189f6f8c594:-7f24','2124-BRANZUELA, AMELIA','IND48538692:16777ad8a76:-7f17','2124-BRANZUELA, AMELIA','local','047220022','MANABA','MANABA,MUNICIPALITY OF GARCIA HERNANDEZ,BOHOL',NULL,'BOHOL','MUNICIPALITY OF GARCIA HERNANDEZ',NULL,NULL,NULL,NULL,NULL,NULL,'WMbe12291:18a3fa9b053:-6c58','RESIDENTIAL',1,NULL,'01','[]','ACTIVE',NULL,NULL,NULL),('WACCT-71354bce:189f6f8c594:-7f25','1817-ABUCEJO, ESMERALDO','IND-5ebc47db:1545f60f248:-7fc7','1817-ABUCEJO, ESMERALDO','local','047220022','MANABA','MANABA,MUNICIPALITY OF GARCIA HERNANDEZ,BOHOL',NULL,'BOHOL','MUNICIPALITY OF GARCIA HERNANDEZ',NULL,NULL,NULL,NULL,NULL,NULL,'WMfe87b2e:18a2b3ea51e:5b7','COMMERCIAL',1,NULL,'01','[]','ACTIVE',NULL,NULL,NULL),('WACCT-71354bce:189f6f8c594:-7f26','1766-SULIANO, EVELYN','IND-2381263b:1532a3afe9f:-7b7e','1766-SULIANO, EVELYN','local','047220022','MANABA','MANABA,MUNICIPALITY OF GARCIA HERNANDEZ,BOHOL',NULL,'BOHOL','MUNICIPALITY OF GARCIA HERNANDEZ',NULL,NULL,NULL,NULL,NULL,NULL,'WMfe87b2e:18a2b3ea51e:-b5d','RESIDENTIAL',1,NULL,'01','[]','ACTIVE',NULL,NULL,NULL),('WACCT-71354bce:189f6f8c594:-7f27','1311-BRANZUELA, MIGUELINA','IND1c7992f1:1519ee2ae4b:-1033','1311-BRANZUELA, MIGUELINA','local','047220022','MANABA','MANABA,MUNICIPALITY OF GARCIA HERNANDEZ,BOHOL',NULL,'BOHOL','MUNICIPALITY OF GARCIA HERNANDEZ',NULL,NULL,NULL,NULL,NULL,NULL,'WM-40c963f2:189aec343e9:-6db7','RESIDENTIAL',1,NULL,'01','[]','ACTIVE',NULL,NULL,NULL),('WACCT-71354bce:189f6f8c594:-7f28','1587-CACHO, RENATA S.','IND3e8aac73:151b2776c18:-7fb9','1587-CACHO, RENATA S.','local','047220022','MANABA','MANABA,MUNICIPALITY OF GARCIA HERNANDEZ,BOHOL',NULL,'BOHOL','MUNICIPALITY OF GARCIA HERNANDEZ',NULL,NULL,NULL,NULL,NULL,NULL,'WMfe87b2e:18a2b3ea51e:-5061','RESIDENTIAL',1,NULL,'01','[]','ACTIVE',NULL,NULL,NULL),('WACCT-71354bce:189f6f8c594:-7f29','1309-MACUSE, VILMA','IND-1753a506:153e3e6c544:-7fc0','1309-MACUSE, VILMA','local','047220022','MANABA','MANABA,MUNICIPALITY OF GARCIA HERNANDEZ,BOHOL',NULL,'BOHOL','MUNICIPALITY OF GARCIA HERNANDEZ',NULL,NULL,NULL,NULL,NULL,NULL,'WM-40c963f2:189aec343e9:-6df3','RESIDENTIAL',1,NULL,'01','[]','ACTIVE',NULL,NULL,NULL),('WACCT-71354bce:189f6f8c594:-7f2a','1308-GALANIDA, RUFINO','IND-238dbc5:1516531848d:-77d7','1308-GALANIDA, RUFINO','local','047220022','MANABA','MANABA,MUNICIPALITY OF GARCIA HERNANDEZ,BOHOL',NULL,'BOHOL','MUNICIPALITY OF GARCIA HERNANDEZ',NULL,NULL,NULL,NULL,NULL,NULL,'WM-40c963f2:189aec343e9:-6e32','RESIDENTIAL',1,NULL,'01','[]','ACTIVE',NULL,NULL,NULL),('WACCT-71354bce:189f6f8c594:-7f2b','1307-GALANIDA, SEVERINO','IND-7c17581a:155100c35e9:-7ff4','1307-GALANIDA, SEVERINO','local','047220022','MANABA','MANABA,MUNICIPALITY OF GARCIA HERNANDEZ,BOHOL',NULL,'BOHOL','MUNICIPALITY OF GARCIA HERNANDEZ',NULL,NULL,NULL,NULL,NULL,NULL,'WM-40c963f2:189aec343e9:-6e8c','RESIDENTIAL',1,NULL,'01','[]','ACTIVE',NULL,NULL,NULL),('WACCT-71354bce:189f6f8c594:-7f2c','1306-VIRTUDAZO, SERAFIN','IND5b901262:15112c1576c:-7c7f','1306-VIRTUDAZO, SERAFIN','local','047220022','MANABA','MANABA,MUNICIPALITY OF GARCIA HERNANDEZ,BOHOL',NULL,'BOHOL','MUNICIPALITY OF GARCIA HERNANDEZ',NULL,NULL,NULL,NULL,NULL,NULL,'WM-40c963f2:189aec343e9:-6ed4','RESIDENTIAL',1,NULL,'01','[]','ACTIVE',NULL,NULL,NULL),('WACCT-71354bce:189f6f8c594:-7f2d','1580-ABUCEJO, PEDRO/MERLIE','IND-4d6b7063:151a827d337:-6f4d','1580-ABUCEJO, PEDRO/MERLIE','local','047220022','MANABA','MANABA,MUNICIPALITY OF GARCIA HERNANDEZ,BOHOL',NULL,'BOHOL','MUNICIPALITY OF GARCIA HERNANDEZ',NULL,NULL,NULL,NULL,NULL,NULL,'WMfe87b2e:18a2b3ea51e:-51e8','RESIDENTIAL',1,NULL,'01','[]','ACTIVE',NULL,NULL,NULL),('WACCT-71354bce:189f6f8c594:-7f2e','1296-ABUCEJO, JOAQUINA','IND582c994:151a31a2d90:-6261','1296-ABUCEJO, JOAQUINA','local','047220022','MANABA','MANABA,MUNICIPALITY OF GARCIA HERNANDEZ,BOHOL',NULL,'BOHOL','MUNICIPALITY OF GARCIA HERNANDEZ',NULL,NULL,NULL,NULL,NULL,NULL,'WM-40c963f2:189aec343e9:-714e','RESIDENTIAL',1,NULL,'01','[]','ACTIVE',NULL,NULL,NULL),('WACCT-71354bce:189f6f8c594:-7f2f','1295-ABUCEJO, CIRILA','IND1eca1513:15184124957:-6494','1295-ABUCEJO, CIRILA','local','047220022','MANABA','MANABA,MUNICIPALITY OF GARCIA HERNANDEZ,BOHOL',NULL,'BOHOL','MUNICIPALITY OF GARCIA HERNANDEZ',NULL,NULL,NULL,NULL,NULL,NULL,'WM-40c963f2:189aec343e9:-7187','RESIDENTIAL',1,NULL,'01','[]','ACTIVE',NULL,NULL,NULL),('WACCT-71354bce:189f6f8c594:-7f30','1294-ATTY. GALIDO, PERFECTO','IND-1a2f0f24:1520fb1d0c9:-7b5c','1294-ATTY. GALIDO, PERFECTO','local','047220022','MANABA','MANABA,MUNICIPALITY OF GARCIA HERNANDEZ,BOHOL',NULL,'BOHOL','MUNICIPALITY OF GARCIA HERNANDEZ',NULL,NULL,NULL,NULL,NULL,NULL,'WM-40c963f2:189aec343e9:-71c6','RESIDENTIAL',1,NULL,'01','[]','ACTIVE',NULL,NULL,NULL),('WACCT-71354bce:189f6f8c594:-7f31','1933-LARON, MARIDETTE','IND-43d0705e:151a9599555:-7809','1933-LARON, MARIDETTE','local','047220022','MANABA','MANABA,MUNICIPALITY OF GARCIA HERNANDEZ,BOHOL',NULL,'BOHOL','MUNICIPALITY OF GARCIA HERNANDEZ',NULL,NULL,NULL,NULL,NULL,NULL,'WMfe87b2e:18a2b3ea51e:3496','RESIDENTIAL',1,NULL,'01','[]','ACTIVE',NULL,NULL,NULL),('WACCT-71354bce:189f6f8c594:-7f32','1293-RANARIO, CONSTANCIO','IND1eca1513:15184124957:-590c','1293-RANARIO, CONSTANCIO','local','047220022','MANABA','MANABA,MUNICIPALITY OF GARCIA HERNANDEZ,BOHOL',NULL,'BOHOL','MUNICIPALITY OF GARCIA HERNANDEZ',NULL,NULL,NULL,NULL,NULL,NULL,'WM-40c963f2:189aec343e9:-722f','RESIDENTIAL',1,NULL,'01','[]','ACTIVE',NULL,NULL,NULL),('WACCT-71354bce:189f6f8c594:-7f33','1288-CAGADAS, LUZVIMINDA','IND-6aaac1a2:152a99b0661:-7f3c','1288-CAGADAS, LUZVIMINDA','local','047220022','MANABA','MANABA,MUNICIPALITY OF GARCIA HERNANDEZ,BOHOL',NULL,'BOHOL','MUNICIPALITY OF GARCIA HERNANDEZ',NULL,NULL,NULL,NULL,NULL,NULL,'WM-40c963f2:189aec343e9:-73ad','RESIDENTIAL',1,NULL,'01','[]','ACTIVE',NULL,NULL,NULL),('WACCT-71354bce:189f6f8c594:-7f34','1286-MADELO, CIRILO','IND-58d78697:153f3358547:-6cc3','1286-MADELO, CIRILO','local','047220022','MANABA','MANABA,MUNICIPALITY OF GARCIA HERNANDEZ,BOHOL',NULL,'BOHOL','MUNICIPALITY OF GARCIA HERNANDEZ',NULL,NULL,NULL,NULL,NULL,NULL,'WM-40c963f2:189aec343e9:-73f7','RESIDENTIAL',1,NULL,'01','[]','ACTIVE',NULL,NULL,NULL),('WACCT-71354bce:189f6f8c594:-7f35','1285-MADELO, ROMAN','IND-ee6e4f0:156bf037443:-771b','1285-MADELO, ROMAN','local','047220022','MANABA','MANABA,MUNICIPALITY OF GARCIA HERNANDEZ,BOHOL',NULL,'BOHOL','MUNICIPALITY OF GARCIA HERNANDEZ',NULL,NULL,NULL,NULL,NULL,NULL,'WM-40c963f2:189aec343e9:-7456','RESIDENTIAL',1,NULL,'01','[]','ACTIVE',NULL,NULL,NULL),('WACCT-71354bce:189f6f8c594:-7f36','2152-OLASIMAN, GENEBETH','IND-74f3dd2f:117311ed91f:-7ee9','2152-OLASIMAN, GENEBETH','local','047220022','MANABA','MANABA,MUNICIPALITY OF GARCIA HERNANDEZ,BOHOL',NULL,'BOHOL','MUNICIPALITY OF GARCIA HERNANDEZ',NULL,NULL,NULL,NULL,NULL,NULL,'WMbe12291:18a3fa9b053:-5221','RESIDENTIAL',1,NULL,'01','[]','ACTIVE',NULL,NULL,NULL),('WACCT-71354bce:189f6f8c594:-7f37','1284-GALIMBA, TEODORO B.','IND-35be3a04:15209f5f136:-7f6c','1284-GALIMBA, TEODORO B.','local','047220022','MANABA','MANABA,MUNICIPALITY OF GARCIA HERNANDEZ,BOHOL',NULL,'BOHOL','MUNICIPALITY OF GARCIA HERNANDEZ',NULL,NULL,NULL,NULL,NULL,NULL,'WM-40c963f2:189aec343e9:-7492','RESIDENTIAL',1,NULL,'01','[]','ACTIVE',NULL,NULL,NULL),('WACCT-71354bce:189f6f8c594:-7f38','1634-SAGUSAY, MARIETA','IND-78d016e3:1525d62ead5:-5441','1634-SAGUSAY, MARIETA','local','047220022','MANABA','MANABA,MUNICIPALITY OF GARCIA HERNANDEZ,BOHOL',NULL,'BOHOL','MUNICIPALITY OF GARCIA HERNANDEZ',NULL,NULL,NULL,NULL,NULL,NULL,'WMfe87b2e:18a2b3ea51e:-4981','RESIDENTIAL',1,NULL,'01','[]','ACTIVE',NULL,NULL,NULL),('WACCT-71354bce:189f6f8c594:-7f39','1283-MADELO, DOROTEA','IND11fd2b02:1513d1114ef:-7ed6','1283-MADELO, DOROTEA','local','047220022','MANABA','MANABA,MUNICIPALITY OF GARCIA HERNANDEZ,BOHOL',NULL,'BOHOL','MUNICIPALITY OF GARCIA HERNANDEZ',NULL,NULL,NULL,NULL,NULL,NULL,'WM-40c963f2:189aec343e9:-74eb','RESIDENTIAL',1,NULL,'01','[]','ACTIVE',NULL,NULL,NULL),('WACCT-71354bce:189f6f8c594:-7f3a','1282-SAGUSAY, ILDEFONSO 1','IND-1ba98c13:151893397d2:-7204','1282-SAGUSAY, ILDEFONSO 1','local','047220022','MANABA','MANABA,MUNICIPALITY OF GARCIA HERNANDEZ,BOHOL',NULL,'BOHOL','MUNICIPALITY OF GARCIA HERNANDEZ',NULL,NULL,NULL,NULL,NULL,NULL,'WM-40c963f2:189aec343e9:-7539','RESIDENTIAL',1,NULL,'01','[]','ACTIVE',NULL,NULL,NULL),('WACCT-71354bce:189f6f8c594:-7f3b','1281-BATITAY, GERRY','IND1eca1513:15184124957:-3303','1281-BATITAY, GERRY','local','047220022','MANABA','MANABA,MUNICIPALITY OF GARCIA HERNANDEZ,BOHOL',NULL,'BOHOL','MUNICIPALITY OF GARCIA HERNANDEZ',NULL,NULL,NULL,NULL,NULL,NULL,'WM-40c963f2:189aec343e9:-758b','RESIDENTIAL',1,NULL,'01','[]','ACTIVE',NULL,NULL,NULL),('WACCT-71354bce:189f6f8c594:-7f3c','1280-GALEMBA, PATRICIO','IND78f5d6e4:15426ad4e60:-5d89','1280-GALEMBA, PATRICIO','local','047220022','MANABA','MANABA,MUNICIPALITY OF GARCIA HERNANDEZ,BOHOL',NULL,'BOHOL','MUNICIPALITY OF GARCIA HERNANDEZ',NULL,NULL,NULL,NULL,NULL,NULL,'WM-40c963f2:189aec343e9:-75d3','RESIDENTIAL',1,NULL,'01','[]','ACTIVE',NULL,NULL,NULL),('WACCT-71354bce:189f6f8c594:-7f3d','1279- GALIMBA, CIRILA','IND7e75aa31:1518a46f614:-7fb5','1279- GALIMBA, CIRILA','local','047220022','MANABA','MANABA,MUNICIPALITY OF GARCIA HERNANDEZ,BOHOL',NULL,'BOHOL','MUNICIPALITY OF GARCIA HERNANDEZ',NULL,NULL,NULL,NULL,NULL,NULL,'WM-40c963f2:189aec343e9:-760f','RESIDENTIAL',1,NULL,'01','[]','ACTIVE',NULL,NULL,NULL),('WACCT-71354bce:189f6f8c594:-7f3e','1271-LU, VICENTE','IND5c8b7d12:1515b051b5f:-7b82','1271-LU, VICENTE','local','047220022','MANABA','MANABA,MUNICIPALITY OF GARCIA HERNANDEZ,BOHOL',NULL,'BOHOL','MUNICIPALITY OF GARCIA HERNANDEZ',NULL,NULL,NULL,NULL,NULL,NULL,'WM-51b8816b:189b8eff231:-6638','RESIDENTIAL',1,NULL,'01','[]','ACTIVE',NULL,NULL,NULL),('WACCT-71354bce:189f6f8c594:-7f3f','1269-LADAGA, PABLO','IND-238dbc5:1516531848d:-60ed','1269-LADAGA, PABLO','local','047220022','MANABA','MANABA,MUNICIPALITY OF GARCIA HERNANDEZ,BOHOL',NULL,'BOHOL','MUNICIPALITY OF GARCIA HERNANDEZ',NULL,NULL,NULL,NULL,NULL,NULL,'WM-51b8816b:189b8eff231:-6662','RESIDENTIAL',1,NULL,'01','[]','ACTIVE',NULL,NULL,NULL),('WACCT-71354bce:189f6f8c594:-7f40','1563-ACABO, REMEDIOS RANARIO','IND-6de0ac73:1516b7bfab0:-752b','1563-ACABO, REMEDIOS RANARIO','local','047220022','MANABA','MANABA,MUNICIPALITY OF GARCIA HERNANDEZ,BOHOL',NULL,'BOHOL','MUNICIPALITY OF GARCIA HERNANDEZ',NULL,NULL,NULL,NULL,NULL,NULL,'WMfe87b2e:18a2b3ea51e:-5a43','RESIDENTIAL',1,NULL,'01','[]','ACTIVE',NULL,NULL,NULL),('WACCT-71354bce:189f6f8c594:-7f41','1267-ACABU, EDDIE/PAHANG','IND-1843056d:150f3d8a391:-7bc5','1267-ACABU, EDDIE/PAHANG','local','047220022','MANABA','MANABA,MUNICIPALITY OF GARCIA HERNANDEZ,BOHOL',NULL,'BOHOL','MUNICIPALITY OF GARCIA HERNANDEZ',NULL,NULL,NULL,NULL,NULL,NULL,'WM-51b8816b:189b8eff231:-66f5','RESIDENTIAL',1,NULL,'01','[]','ACTIVE',NULL,NULL,NULL),('WACCT-71354bce:189f6f8c594:-7f42','1268-ABUCEJO, PROCULO','IND-1843056d:150f3d8a391:-7b68','1268-ABUCEJO, PROCULO','local','047220022','MANABA','MANABA,MUNICIPALITY OF GARCIA HERNANDEZ,BOHOL',NULL,'BOHOL','MUNICIPALITY OF GARCIA HERNANDEZ',NULL,NULL,NULL,NULL,NULL,NULL,'WM-51b8816b:189b8eff231:-668d','RESIDENTIAL',1,NULL,'01','[]','ACTIVE',NULL,NULL,NULL),('WACCT-71354bce:189f6f8c594:-7f43','1266-SALISE, ARNOLD','IND-1843056d:150f3d8a391:-7c22','1266-SALISE, ARNOLD','local','047220022','MANABA','MANABA,MUNICIPALITY OF GARCIA HERNANDEZ,BOHOL',NULL,'BOHOL','MUNICIPALITY OF GARCIA HERNANDEZ',NULL,NULL,NULL,NULL,NULL,NULL,'WM-51b8816b:189b8eff231:-675c','RESIDENTIAL',1,NULL,'01','[]','ACTIVE',NULL,NULL,NULL),('WACCT-71354bce:189f6f8c594:-7f44','1265-LADAGA, FILOMENA','IND-1843056d:150f3d8a391:-7c7f','1265-LADAGA, FILOMENA','local','047220022','MANABA','MANABA,MUNICIPALITY OF GARCIA HERNANDEZ,BOHOL',NULL,'BOHOL','MUNICIPALITY OF GARCIA HERNANDEZ',NULL,NULL,NULL,NULL,NULL,NULL,'WM-51b8816b:189b8eff231:-6790','RESIDENTIAL',1,NULL,'01','[]','ACTIVE',NULL,NULL,NULL),('WACCT-71354bce:189f6f8c594:-7f45','1263-LADAGA, CRUZ','IND-238dbc5:1516531848d:-6175','1263-LADAGA, CRUZ','local','047220022','MANABA','MANABA,MUNICIPALITY OF GARCIA HERNANDEZ,BOHOL',NULL,'BOHOL','MUNICIPALITY OF GARCIA HERNANDEZ',NULL,NULL,NULL,NULL,NULL,NULL,'WM-51b8816b:189b8eff231:-6855','RESIDENTIAL',1,NULL,'01','[]','ACTIVE',NULL,NULL,NULL),('WACCT-71354bce:189f6f8c594:-7f46','1264-LADAGA, NESTOR','IND-1843056d:150f3d8a391:-7d99','1264-LADAGA, NESTOR','local','047220022','MANABA','MANABA,MUNICIPALITY OF GARCIA HERNANDEZ,BOHOL',NULL,'BOHOL','MUNICIPALITY OF GARCIA HERNANDEZ',NULL,NULL,NULL,NULL,NULL,NULL,'WM-51b8816b:189b8eff231:-6825','RESIDENTIAL',1,NULL,'01','[]','ACTIVE',NULL,NULL,NULL),('WACCT-71354bce:189f6f8c594:-7f47','1262-MADELO, HILARIO A','IND-1843056d:150f3d8a391:-7d0c','1262-MADELO, HILARIO A','local','047220022','MANABA','MANABA,MUNICIPALITY OF GARCIA HERNANDEZ,BOHOL',NULL,'BOHOL','MUNICIPALITY OF GARCIA HERNANDEZ',NULL,NULL,NULL,NULL,NULL,NULL,'WM-51b8816b:189b8eff231:-68c1','RESIDENTIAL',1,NULL,'01','[]','ACTIVE',NULL,NULL,NULL),('WACCT-71354bce:189f6f8c594:-7f48','1732-BENA, ALEX','IND-6de0ac73:1516b7bfab0:-6f9f','1732-BENA, ALEX','local','047220022','MANABA','MANABA,MUNICIPALITY OF GARCIA HERNANDEZ,BOHOL',NULL,'BOHOL','MUNICIPALITY OF GARCIA HERNANDEZ',NULL,NULL,NULL,NULL,NULL,NULL,'WMfe87b2e:18a2b3ea51e:-2066','RESIDENTIAL',1,NULL,'01','[]','ACTIVE',NULL,NULL,NULL),('WACCT-71354bce:189f6f8c594:-7f49','1258-BUENAVENTURA, AL','IND-1843056d:150f3d8a391:-7e53','1258-BUENAVENTURA, AL','local','047220022','MANABA','MANABA,MUNICIPALITY OF GARCIA HERNANDEZ,BOHOL',NULL,'BOHOL','MUNICIPALITY OF GARCIA HERNANDEZ',NULL,NULL,NULL,NULL,NULL,NULL,'WM-51b8816b:189b8eff231:-69f5','RESIDENTIAL',1,NULL,'01','[]','ACTIVE',NULL,NULL,NULL),('WACCT-71354bce:189f6f8c594:-7f4a','1255-RANARIO, EPITACIO','IND-1843056d:150f3d8a391:-7f6b','1255-RANARIO, EPITACIO','local','047220022','MANABA','MANABA,MUNICIPALITY OF GARCIA HERNANDEZ,BOHOL',NULL,'BOHOL','MUNICIPALITY OF GARCIA HERNANDEZ',NULL,NULL,NULL,NULL,NULL,NULL,'WM-51b8816b:189b8eff231:-6bca','RESIDENTIAL',1,NULL,'01','[]','ACTIVE',NULL,NULL,NULL),('WACCT-71354bce:189f6f8c594:-7f4b','1254-CUARES, PEDRO','IND-1843056d:150f3d8a391:-7fe7','1254-CUARES, PEDRO','local','047220022','MANABA','MANABA,MUNICIPALITY OF GARCIA HERNANDEZ,BOHOL',NULL,'BOHOL','MUNICIPALITY OF GARCIA HERNANDEZ',NULL,NULL,NULL,NULL,NULL,NULL,'WM-51b8816b:189b8eff231:-75af','RESIDENTIAL',1,NULL,'01','[]','ACTIVE',NULL,NULL,NULL),('WACCT-71354bce:189f6f8c594:-7f4c','1559-ACABU, ROMAN JR.','IND4897be9a:150fe27e631:-7e61','1559-ACABU, ROMAN JR.','local','047220022','MANABA','MANABA,MUNICIPALITY OF GARCIA HERNANDEZ,BOHOL',NULL,'BOHOL','MUNICIPALITY OF GARCIA HERNANDEZ',NULL,NULL,NULL,NULL,NULL,NULL,'WMfe87b2e:18a2b3ea51e:-615c','RESIDENTIAL',1,NULL,'06','[]','ACTIVE',NULL,NULL,NULL),('WACCT-71354bce:189f6f8c594:-7f4d','1555-JAMITO, FILOMENA','IND4897be9a:150fe27e631:-7ff4','1555-JAMITO, FILOMENA','local','047220022','MANABA','MANABA,MUNICIPALITY OF GARCIA HERNANDEZ,BOHOL',NULL,'BOHOL','MUNICIPALITY OF GARCIA HERNANDEZ',NULL,NULL,NULL,NULL,NULL,NULL,'WMfe87b2e:18a2b3ea51e:-67d9','RESIDENTIAL',1,NULL,'06','[]','ACTIVE',NULL,NULL,NULL),('WACCT-71354bce:189f6f8c594:-7f4e','1557-JALOP, SATURNINO','IND4897be9a:150fe27e631:-7f1b','1557-JALOP, SATURNINO','local','047220022','MANABA','MANABA,MUNICIPALITY OF GARCIA HERNANDEZ,BOHOL',NULL,'BOHOL','MUNICIPALITY OF GARCIA HERNANDEZ',NULL,NULL,NULL,NULL,NULL,NULL,'WMfe87b2e:18a2b3ea51e:-6437','RESIDENTIAL',1,NULL,'06','[]','ACTIVE',NULL,NULL,NULL),('WACCT-71354bce:189f6f8c594:-7f4f','2106-MINITIVA, ARGIE O.','IND-396c30a0:16415c9548c:-7feb','2106-MINITIVA, ARGIE O.','local','047220022','MANABA','MANABA,MUNICIPALITY OF GARCIA HERNANDEZ,BOHOL',NULL,'BOHOL','MUNICIPALITY OF GARCIA HERNANDEZ',NULL,NULL,NULL,NULL,NULL,NULL,'WMbe12291:18a3fa9b053:-7873','RESIDENTIAL',1,NULL,'06','[]','ACTIVE',NULL,NULL,NULL),('WACCT-71354bce:189f6f8c594:-7f50','1554-PAJE, BERNARDINO','IND4897be9a:150fe27e631:-7396','1554-PAJE, BERNARDINO','local','047220022','MANABA','MANABA,MUNICIPALITY OF GARCIA HERNANDEZ,BOHOL',NULL,'BOHOL','MUNICIPALITY OF GARCIA HERNANDEZ',NULL,NULL,NULL,NULL,NULL,NULL,'WMfe87b2e:18a2b3ea51e:-69dc','RESIDENTIAL',1,NULL,'06','[]','ACTIVE',NULL,NULL,NULL),('WACCT-71354bce:189f6f8c594:-7f51','1552-ACABU, SOFRONIA','IND4897be9a:150fe27e631:-7461','1552-ACABU, SOFRONIA','local','047220022','MANABA','MANABA,MUNICIPALITY OF GARCIA HERNANDEZ,BOHOL',NULL,'BOHOL','MUNICIPALITY OF GARCIA HERNANDEZ',NULL,NULL,NULL,NULL,NULL,NULL,'WMfe87b2e:18a2b3ea51e:-6d09','RESIDENTIAL',1,NULL,'06','[]','ACTIVE',NULL,NULL,NULL),('WACCT-71354bce:189f6f8c594:-7f52','2043-BERNALES, JOAQUINA 2','IND9a4796d:15884350bae:-7fb4','2043-BERNALES, JOAQUINA 2','local','047220022','MANABA','MANABA,MUNICIPALITY OF GARCIA HERNANDEZ,BOHOL',NULL,'BOHOL','MUNICIPALITY OF GARCIA HERNANDEZ',NULL,NULL,NULL,NULL,NULL,NULL,'WMfe87b2e:18a2b3ea51e:7d6b','RESIDENTIAL',1,NULL,'06','[]','ACTIVE',NULL,NULL,NULL),('WACCT-71354bce:189f6f8c594:-7f53','1965-LABOR, DONALD','IND4897be9a:150fe27e631:-7339','1965-LABOR, DONALD','local','047220022','MANABA','MANABA,MUNICIPALITY OF GARCIA HERNANDEZ,BOHOL',NULL,'BOHOL','MUNICIPALITY OF GARCIA HERNANDEZ',NULL,NULL,NULL,NULL,NULL,NULL,'WMfe87b2e:18a2b3ea51e:3e47','RESIDENTIAL',1,NULL,'06','[]','ACTIVE',NULL,NULL,NULL),('WACCT-71354bce:189f6f8c594:-7f54','1558-SALVA, ROGELIO','IND4897be9a:150fe27e631:-7ebe','1558-SALVA, ROGELIO','local','047220022','MANABA','MANABA,MUNICIPALITY OF GARCIA HERNANDEZ,BOHOL',NULL,'BOHOL','MUNICIPALITY OF GARCIA HERNANDEZ',NULL,NULL,NULL,NULL,NULL,NULL,'WMfe87b2e:18a2b3ea51e:-62c0','RESIDENTIAL',1,NULL,'06','[]','ACTIVE',NULL,NULL,NULL),('WACCT-71354bce:189f6f8c594:-7f55','2032-GARCIA, REYMUND','IND-28dcb93a:1572b28d7fa:-7d50','2032-GARCIA, REYMUND','local','047220022','MANABA','MANABA,MUNICIPALITY OF GARCIA HERNANDEZ,BOHOL',NULL,'BOHOL','MUNICIPALITY OF GARCIA HERNANDEZ',NULL,NULL,NULL,NULL,NULL,NULL,'WMfe87b2e:18a2b3ea51e:7710','RESIDENTIAL',1,NULL,'06','[]','ACTIVE',NULL,NULL,NULL),('WACCT-71354bce:189f6f8c594:-7f56','2220-COCAMAS, LORENA','IND-77f9760b:17273887a99:-7c6d','2220-COCAMAS, LORENA','local','047220022','MANABA','MANABA,MUNICIPALITY OF GARCIA HERNANDEZ,BOHOL',NULL,'BOHOL','MUNICIPALITY OF GARCIA HERNANDEZ',NULL,NULL,NULL,NULL,NULL,NULL,'WMbe12291:18a3fa9b053:-355a','RESIDENTIAL',1,NULL,'06','[]','ACTIVE',NULL,NULL,NULL),('WACCT-71354bce:189f6f8c594:-7f57','1553-OCLARIT, CECILIA','IND4897be9a:150fe27e631:-73f3','1553-OCLARIT, CECILIA','local','047220022','MANABA','MANABA,MUNICIPALITY OF GARCIA HERNANDEZ,BOHOL',NULL,'BOHOL','MUNICIPALITY OF GARCIA HERNANDEZ',NULL,NULL,NULL,NULL,NULL,NULL,'WMfe87b2e:18a2b3ea51e:-6b5e','RESIDENTIAL',1,NULL,'06','[]','ACTIVE',NULL,NULL,NULL),('WACCT-71354bce:189f6f8c594:-7f58','1938-ACABU, JULIO','IND4897be9a:150fe27e631:-7df3','1938-ACABU, JULIO','local','047220022','MANABA','MANABA,MUNICIPALITY OF GARCIA HERNANDEZ,BOHOL',NULL,'BOHOL','MUNICIPALITY OF GARCIA HERNANDEZ',NULL,NULL,NULL,NULL,NULL,NULL,'WMfe87b2e:18a2b3ea51e:371e','RESIDENTIAL',1,NULL,'06','[]','ACTIVE',NULL,NULL,NULL),('WACCT-71354bce:189f6f8c594:-7f59','2059-RACHO, BOIE DEE','IND-6e7279ae:15f8eaafc60:-79db','2059-RACHO, BOIE DEE','local','047220022','MANABA','MANABA,MUNICIPALITY OF GARCIA HERNANDEZ,BOHOL',NULL,'BOHOL','MUNICIPALITY OF GARCIA HERNANDEZ',NULL,NULL,NULL,NULL,NULL,NULL,'WMfe87b2e:18a2bb5aaf6:-727f','RESIDENTIAL',1,NULL,'06','[]','ACTIVE',NULL,NULL,NULL),('WACCT-71354bce:189f6f8c594:-7f5a','1549-ACABO, SHIELA','IND4897be9a:150fe27e631:-758f','1549-ACABO, SHIELA','local','047220022','MANABA','MANABA,MUNICIPALITY OF GARCIA HERNANDEZ,BOHOL',NULL,'BOHOL','MUNICIPALITY OF GARCIA HERNANDEZ',NULL,NULL,NULL,NULL,NULL,NULL,'WMfe87b2e:18a2b3ea51e:-6ff6','RESIDENTIAL',1,NULL,'06','[]','ACTIVE',NULL,NULL,NULL),('WACCT-71354bce:189f6f8c594:-7f5b','1548-ACABU, TORACIO','IND4897be9a:150fe27e631:-765a','1548-ACABU, TORACIO','local','047220022','MANABA','MANABA,MUNICIPALITY OF GARCIA HERNANDEZ,BOHOL',NULL,'BOHOL','MUNICIPALITY OF GARCIA HERNANDEZ',NULL,NULL,NULL,NULL,NULL,NULL,'WM30c10c77:18a1fd6e98e:-33bf','RESIDENTIAL',1,NULL,'06','[]','ACTIVE',NULL,NULL,NULL),('WACCT-71354bce:189f6f8c594:-7f5c','1707-ACABU, EUTIQUIO','IND4897be9a:150fe27e631:-75ec','1707-ACABU, EUTIQUIO','local','047220022','MANABA','MANABA,MUNICIPALITY OF GARCIA HERNANDEZ,BOHOL',NULL,'BOHOL','MUNICIPALITY OF GARCIA HERNANDEZ',NULL,NULL,NULL,NULL,NULL,NULL,'WMfe87b2e:18a2b3ea51e:-28f3','RESIDENTIAL',1,NULL,'06','[]','ACTIVE',NULL,NULL,NULL),('WACCT-71354bce:189f6f8c594:-7f5d','1547-ACABO, PABLO','IND4897be9a:150fe27e631:-76c8','1547-ACABO, PABLO','local','047220022','MANABA','MANABA,MUNICIPALITY OF GARCIA HERNANDEZ,BOHOL',NULL,'BOHOL','MUNICIPALITY OF GARCIA HERNANDEZ',NULL,NULL,NULL,NULL,NULL,NULL,'WM30c10c77:18a1fd6e98e:-353b','RESIDENTIAL',1,NULL,'06','[]','ACTIVE',NULL,NULL,NULL),('WACCT-71354bce:189f6f8c594:-7f5e','1546-GUIOGUIO, JENNIFER B.','IND4897be9a:150fe27e631:-7725','1546-GUIOGUIO, JENNIFER B.','local','047220022','MANABA','MANABA,MUNICIPALITY OF GARCIA HERNANDEZ,BOHOL',NULL,'BOHOL','MUNICIPALITY OF GARCIA HERNANDEZ',NULL,NULL,NULL,NULL,NULL,NULL,'WM30c10c77:18a1fd6e98e:-36a2','RESIDENTIAL',1,NULL,'06','[]','ACTIVE',NULL,NULL,NULL),('WACCT-71354bce:189f6f8c594:-7f5f','1545-SALVA, ANDRESA','IND4897be9a:150fe27e631:-7793','1545-SALVA, ANDRESA','local','047220022','MANABA','MANABA,MUNICIPALITY OF GARCIA HERNANDEZ,BOHOL',NULL,'BOHOL','MUNICIPALITY OF GARCIA HERNANDEZ',NULL,NULL,NULL,NULL,NULL,NULL,'WM30c10c77:18a1fd6e98e:-3817','RESIDENTIAL',1,NULL,'06','[]','ACTIVE',NULL,NULL,NULL),('WACCT-71354bce:189f6f8c594:-7f60','1544-BALABA, DELFINA','IND4897be9a:150fe27e631:-77f0','1544-BALABA, DELFINA','local','047220022','MANABA','MANABA,MUNICIPALITY OF GARCIA HERNANDEZ,BOHOL',NULL,'BOHOL','MUNICIPALITY OF GARCIA HERNANDEZ',NULL,NULL,NULL,NULL,NULL,NULL,'WM30c10c77:18a1fd6e98e:-397e','RESIDENTIAL',1,NULL,'06','[]','ACTIVE',NULL,NULL,NULL),('WACCT-71354bce:189f6f8c594:-7f61','1539-SALVA, ALFREDO','IND4897be9a:150fe27e631:-78aa','1539-SALVA, ALFREDO','local','047220022','MANABA','MANABA,MUNICIPALITY OF GARCIA HERNANDEZ,BOHOL',NULL,'BOHOL','MUNICIPALITY OF GARCIA HERNANDEZ',NULL,NULL,NULL,NULL,NULL,NULL,'WM30c10c77:18a1fd6e98e:-7239','RESIDENTIAL',1,NULL,'06','[]','ACTIVE',NULL,NULL,NULL),('WACCT-71354bce:189f6f8c594:-7f62','1542-ACABU, LORENZA','IND4897be9a:150fe27e631:-7907','1542-ACABU, LORENZA','local','047220022','MANABA','MANABA,MUNICIPALITY OF GARCIA HERNANDEZ,BOHOL',NULL,'BOHOL','MUNICIPALITY OF GARCIA HERNANDEZ',NULL,NULL,NULL,NULL,NULL,NULL,'WM30c10c77:18a1fd6e98e:-4244','RESIDENTIAL',1,NULL,'06','[]','ACTIVE',NULL,NULL,NULL),('WACCT-71354bce:189f6f8c594:-7f63','1278-ACABU, PRUDENCIO SR. TAGWAHAN','IND4897be9a:150fe27e631:-797d','1278-ACABU, PRUDENCIO SR. TAGWAHAN','local','047220022','MANABA','MANABA,MUNICIPALITY OF GARCIA HERNANDEZ,BOHOL',NULL,'BOHOL','MUNICIPALITY OF GARCIA HERNANDEZ',NULL,NULL,NULL,NULL,NULL,NULL,'WM-40c963f2:189aec343e9:-765e','RESIDENTIAL',1,NULL,'06','[]','ACTIVE',NULL,NULL,NULL),('WACCT-71354bce:189f6f8c594:-7f64','1540-ACABO, JOVENAL','IND4897be9a:150fe27e631:-79da','1540-ACABO, JOVENAL','local','047220022','MANABA','MANABA,MUNICIPALITY OF GARCIA HERNANDEZ,BOHOL',NULL,'BOHOL','MUNICIPALITY OF GARCIA HERNANDEZ',NULL,NULL,NULL,NULL,NULL,NULL,'WM30c10c77:18a1fd6e98e:-7212','RESIDENTIAL',1,NULL,'06','[]','ACTIVE',NULL,NULL,NULL),('WACCT-71354bce:189f6f8c594:-7f65','1543-SALVA, ELISA','IND4897be9a:150fe27e631:-784d','1543-SALVA, ELISA','local','047220022','MANABA','MANABA,MUNICIPALITY OF GARCIA HERNANDEZ,BOHOL',NULL,'BOHOL','MUNICIPALITY OF GARCIA HERNANDEZ',NULL,NULL,NULL,NULL,NULL,NULL,'WM30c10c77:18a1fd6e98e:-421c','RESIDENTIAL',1,NULL,'06','[]','ACTIVE',NULL,NULL,NULL),('WACCT-71354bce:189f6f8c594:-7f66','1550-PAGARAN, GABRIELA','IND4897be9a:150fe27e631:-7a37','1550-PAGARAN, GABRIELA','local','047220022','MANABA','MANABA,MUNICIPALITY OF GARCIA HERNANDEZ,BOHOL',NULL,'BOHOL','MUNICIPALITY OF GARCIA HERNANDEZ',NULL,NULL,NULL,NULL,NULL,NULL,'WMfe87b2e:18a2b3ea51e:-6e92','RESIDENTIAL',1,NULL,'06','[]','ACTIVE',NULL,NULL,NULL),('WACCT-71354bce:189f6f8c594:-7f67','1538-PAGARAN, GABRIELA R','IND4897be9a:150fe27e631:-7532','1538-PAGARAN, GABRIELA R','local','047220022','MANABA','MANABA,MUNICIPALITY OF GARCIA HERNANDEZ,BOHOL',NULL,'BOHOL','MUNICIPALITY OF GARCIA HERNANDEZ',NULL,NULL,NULL,NULL,NULL,NULL,'WM30c10c77:18a1fd6e98e:-7260','RESIDENTIAL',1,NULL,'06','[]','ACTIVE',NULL,NULL,NULL),('WACCT-71354bce:189f6f8c594:-7f68','2164-PAGARAN, JOHNNY','IND5ce5b319:16cff3f0d40:-7b21','2164-PAGARAN, JOHNNY','local','047220022','MANABA','MANABA,MUNICIPALITY OF GARCIA HERNANDEZ,BOHOL',NULL,'BOHOL','MUNICIPALITY OF GARCIA HERNANDEZ',NULL,NULL,NULL,NULL,NULL,NULL,'WMbe12291:18a3fa9b053:-49fa','RESIDENTIAL',1,NULL,'06','[]','ACTIVE',NULL,NULL,NULL),('WACCT-71354bce:189f6f8c594:-7f69','2092-ACABO, EDA','IND-52698f20:1624b4002c8:-7feb','2092-ACABO, EDA','local','047220022','MANABA','MANABA,MUNICIPALITY OF GARCIA HERNANDEZ,BOHOL',NULL,'BOHOL','MUNICIPALITY OF GARCIA HERNANDEZ',NULL,NULL,NULL,NULL,NULL,NULL,'WMfe87b2e:18a2bb5aaf6:-621d','RESIDENTIAL',1,NULL,'06','[]','ACTIVE',NULL,NULL,NULL),('WACCT-71354bce:189f6f8c594:-7f6a','2129-ABAIGAR, RODERICK','IND53db7595:16896febb29:-7f78','2129-ABAIGAR, RODERICK','local','047220022','MANABA','MANABA,MUNICIPALITY OF GARCIA HERNANDEZ,BOHOL',NULL,'BOHOL','MUNICIPALITY OF GARCIA HERNANDEZ',NULL,NULL,NULL,NULL,NULL,NULL,'WMbe12291:18a3fa9b053:-6689','RESIDENTIAL',1,NULL,'06','[]','ACTIVE',NULL,NULL,NULL),('WACCT-71354bce:189f6f8c594:-7f6b','2013-LONGCOP, JOEY','IND23f117e2:153e8df3f2c:-6bef','2013-LONGCOP, JOEY','local','047220022','MANABA','MANABA,MUNICIPALITY OF GARCIA HERNANDEZ,BOHOL',NULL,'BOHOL','MUNICIPALITY OF GARCIA HERNANDEZ',NULL,NULL,NULL,NULL,NULL,NULL,'WMfe87b2e:18a2b3ea51e:60e5','RESIDENTIAL',1,NULL,'06','[]','ACTIVE',NULL,NULL,NULL),('WACCT-71354bce:189f6f8c594:-7f6c','1537-JAMITO, ALFREDO','IND4897be9a:150fe27e631:-7c7f','1537-JAMITO, ALFREDO','local','047220022','MANABA','MANABA,MUNICIPALITY OF GARCIA HERNANDEZ,BOHOL',NULL,'BOHOL','MUNICIPALITY OF GARCIA HERNANDEZ',NULL,NULL,NULL,NULL,NULL,NULL,'WM30c10c77:18a1fd6e98e:-7287','RESIDENTIAL',1,NULL,'06','[]','ACTIVE',NULL,NULL,NULL),('WACCT-71354bce:189f6f8c594:-7f6d','1957-ODARBE, JASMINE','IND4897be9a:150fe27e631:-7c22','1957-ODARBE, JASMINE','local','047220022','MANABA','MANABA,MUNICIPALITY OF GARCIA HERNANDEZ,BOHOL',NULL,'BOHOL','MUNICIPALITY OF GARCIA HERNANDEZ',NULL,NULL,NULL,NULL,NULL,NULL,'WMfe87b2e:18a2b3ea51e:3c15','RESIDENTIAL',1,NULL,'06','[]','ACTIVE',NULL,NULL,NULL),('WACCT-71354bce:189f6f8c594:-7f6e','1556-ACABU, ROMAN SR.','IND4897be9a:150fe27e631:-7f78','1556-ACABU, ROMAN SR.','local','047220022','MANABA','MANABA,MUNICIPALITY OF GARCIA HERNANDEZ,BOHOL',NULL,'BOHOL','MUNICIPALITY OF GARCIA HERNANDEZ',NULL,NULL,NULL,NULL,NULL,NULL,'WMfe87b2e:18a2b3ea51e:-65ff','RESIDENTIAL',1,NULL,'06','[]','ACTIVE',NULL,NULL,NULL),('WACCT-71354bce:189f6f8c594:-7f6f','1564-SALVA, CARLITO','IND4897be9a:150fe27e631:-7cdc','1564-SALVA, CARLITO','local','047220022','MANABA','MANABA,MUNICIPALITY OF GARCIA HERNANDEZ,BOHOL',NULL,'BOHOL','MUNICIPALITY OF GARCIA HERNANDEZ',NULL,NULL,NULL,NULL,NULL,NULL,'WMfe87b2e:18a2b3ea51e:-5890','RESIDENTIAL',1,NULL,'06','[]','ACTIVE',NULL,NULL,NULL),('WACCT-71354bce:189f6f8c594:-7f70','2034-VENDIOLA, CRESENCIA','IND-28dcb93a:1572b28d7fa:-7fe7','2034-VENDIOLA, CRESENCIA','local','047220022','MANABA','MANABA,MUNICIPALITY OF GARCIA HERNANDEZ,BOHOL',NULL,'BOHOL','MUNICIPALITY OF GARCIA HERNANDEZ',NULL,NULL,NULL,NULL,NULL,NULL,'WMfe87b2e:18a2b3ea51e:79fa','RESIDENTIAL',1,NULL,'06','[]','ACTIVE',NULL,NULL,NULL),('WACCT-71354bce:189f6f8c594:-7f71','1654-JAMITO, AGRIPINO','IND-ee6e4f0:156bf037443:-7544','1654-JAMITO, AGRIPINO','local','047220022','MANABA','MANABA,MUNICIPALITY OF GARCIA HERNANDEZ,BOHOL',NULL,'BOHOL','MUNICIPALITY OF GARCIA HERNANDEZ',NULL,NULL,NULL,NULL,NULL,NULL,'WMfe87b2e:18a2b3ea51e:-4638','RESIDENTIAL',1,NULL,'06','[]','ACTIVE',NULL,NULL,NULL),('WACCT-71354bce:189f6f8c594:-7f72','1440-GALIDO, ARGEO [CDCP]','IND4897be9a:150fe27e631:-69c2','1440-GALIDO, ARGEO [CDCP]','local','047220022','MANABA','MANABA,MUNICIPALITY OF GARCIA HERNANDEZ,BOHOL',NULL,'BOHOL','MUNICIPALITY OF GARCIA HERNANDEZ',NULL,NULL,NULL,NULL,NULL,NULL,'WM-3282a7e8:18a1b099589:-398e','RESIDENTIAL',1,NULL,'07','[]','ACTIVE',NULL,NULL,NULL),('WACCT-71354bce:189f6f8c594:-7f73','2139-GALBO, JOSELITO SR.','IND-2642a37f:169db69a552:-4932','2139-GALBO, JOSELITO SR.','local','047220022','MANABA','MANABA,MUNICIPALITY OF GARCIA HERNANDEZ,BOHOL',NULL,'BOHOL','MUNICIPALITY OF GARCIA HERNANDEZ',NULL,NULL,NULL,NULL,NULL,NULL,'WMbe12291:18a3fa9b053:-5bb8','RESIDENTIAL',1,NULL,'07','[]','ACTIVE',NULL,NULL,NULL),('WACCT-71354bce:189f6f8c594:-7f74','2050-CUADRA, JOSEPH WILLIAM','IND-15b0893d:15bfa022c5c:-7f94','2050-CUADRA, JOSEPH WILLIAM','local','047220022','MANABA','MANABA,MUNICIPALITY OF GARCIA HERNANDEZ,BOHOL',NULL,'BOHOL','MUNICIPALITY OF GARCIA HERNANDEZ',NULL,NULL,NULL,NULL,NULL,NULL,'WMfe87b2e:18a2bb5aaf6:-7b29','RESIDENTIAL',1,NULL,'07','[]','ACTIVE',NULL,NULL,NULL),('WACCT-71354bce:189f6f8c594:-7f75','1439-CUADRA, WILFREDO','IND4897be9a:150fe27e631:-6e19','1439-CUADRA, WILFREDO','local','047220022','MANABA','MANABA,MUNICIPALITY OF GARCIA HERNANDEZ,BOHOL',NULL,'BOHOL','MUNICIPALITY OF GARCIA HERNANDEZ',NULL,NULL,NULL,NULL,NULL,NULL,'WM-3282a7e8:18a1b099589:-3bea','RESIDENTIAL',1,NULL,'07','[]','ACTIVE',NULL,NULL,NULL),('WACCT-71354bce:189f6f8c594:-7f76','1438-CAETE, VICTORINO','IND4897be9a:150fe27e631:-6e76','1438-CAETE, VICTORINO','local','047220022','MANABA','MANABA,MUNICIPALITY OF GARCIA HERNANDEZ,BOHOL',NULL,'BOHOL','MUNICIPALITY OF GARCIA HERNANDEZ',NULL,NULL,NULL,NULL,NULL,NULL,'WM-3282a7e8:18a1b099589:-3d7a','RESIDENTIAL',1,NULL,'07','[]','ACTIVE',NULL,NULL,NULL),('WACCT-71354bce:189f6f8c594:-7f77','1437-FIALA, EMMA','IND4897be9a:150fe27e631:-6edd','1437-FIALA, EMMA','local','047220022','MANABA','MANABA,MUNICIPALITY OF GARCIA HERNANDEZ,BOHOL',NULL,'BOHOL','MUNICIPALITY OF GARCIA HERNANDEZ',NULL,NULL,NULL,NULL,NULL,NULL,'WM-3282a7e8:18a1b099589:-4037','RESIDENTIAL',1,NULL,'07','[]','ACTIVE',NULL,NULL,NULL),('WACCT-71354bce:189f6f8c594:-7f78','2333-LISING, DONATO','IND46b04262:182aaf017cb:-7e1b','2333-LISING, DONATO','local','047220022','MANABA','MANABA,MUNICIPALITY OF GARCIA HERNANDEZ,BOHOL',NULL,'BOHOL','MUNICIPALITY OF GARCIA HERNANDEZ',NULL,NULL,NULL,NULL,NULL,NULL,'WMbe12291:18a3fa9b053:faa','RESIDENTIAL',1,NULL,'07','[]','ACTIVE',NULL,NULL,NULL),('WACCT-71354bce:189f6f8c594:-7f79','1758-PLENOS, VALERIANO','IND4897be9a:150fe27e631:-5f52','1758-PLENOS, VALERIANO','local','047220022','MANABA','MANABA,MUNICIPALITY OF GARCIA HERNANDEZ,BOHOL',NULL,'BOHOL','MUNICIPALITY OF GARCIA HERNANDEZ',NULL,NULL,NULL,NULL,NULL,NULL,'WMfe87b2e:18a2b3ea51e:-ec4','RESIDENTIAL',1,NULL,'07','[]','ACTIVE',NULL,NULL,NULL),('WACCT-71354bce:189f6f8c594:-7f7a','1435-LAPADA, EDWIN','IND4897be9a:150fe27e631:-6f3a','1435-LAPADA, EDWIN','local','047220022','MANABA','MANABA,MUNICIPALITY OF GARCIA HERNANDEZ,BOHOL',NULL,'BOHOL','MUNICIPALITY OF GARCIA HERNANDEZ',NULL,NULL,NULL,NULL,NULL,NULL,'WM-3282a7e8:18a1b099589:-4405','RESIDENTIAL',1,NULL,'07','[]','ACTIVE',NULL,NULL,NULL),('WACCT-71354bce:189f6f8c594:-7f7b','1433-PAJE, VIRGINIA','IND4897be9a:150fe27e631:-6ff4','1433-PAJE, VIRGINIA','local','047220022','MANABA','MANABA,MUNICIPALITY OF GARCIA HERNANDEZ,BOHOL',NULL,'BOHOL','MUNICIPALITY OF GARCIA HERNANDEZ',NULL,NULL,NULL,NULL,NULL,NULL,'WM-3282a7e8:18a07f75359:-67fa','RESIDENTIAL',1,NULL,'07','[]','ACTIVE',NULL,NULL,NULL),('WACCT-71354bce:189f6f8c594:-7f7c','1434-JIMENEZ, CITO','IND4897be9a:150fe27e631:-7051','1434-JIMENEZ, CITO','local','047220022','MANABA','MANABA,MUNICIPALITY OF GARCIA HERNANDEZ,BOHOL',NULL,'BOHOL','MUNICIPALITY OF GARCIA HERNANDEZ',NULL,NULL,NULL,NULL,NULL,NULL,'WM-3282a7e8:18a07f75359:-67d3','RESIDENTIAL',1,NULL,'07','[]','ACTIVE',NULL,NULL,NULL),('WACCT-71354bce:189f6f8c594:-7f7d','1695-CALAPRE, ANSELMA','IND4897be9a:150fe27e631:-70ae','1695-CALAPRE, ANSELMA','local','047220022','MANABA','MANABA,MUNICIPALITY OF GARCIA HERNANDEZ,BOHOL',NULL,'BOHOL','MUNICIPALITY OF GARCIA HERNANDEZ',NULL,NULL,NULL,NULL,NULL,NULL,'WMfe87b2e:18a2b3ea51e:-33cb','RESIDENTIAL',1,NULL,'07','[]','ACTIVE',NULL,NULL,NULL),('WACCT-71354bce:189f6f8c594:-7f7e','1432-IGUBAN, ELVIRA','IND4897be9a:150fe27e631:-710b','1432-IGUBAN, ELVIRA','local','047220022','MANABA','MANABA,MUNICIPALITY OF GARCIA HERNANDEZ,BOHOL',NULL,'BOHOL','MUNICIPALITY OF GARCIA HERNANDEZ',NULL,NULL,NULL,NULL,NULL,NULL,'WM-3282a7e8:18a07f75359:-6821','RESIDENTIAL',1,NULL,'07','[]','ACTIVE',NULL,NULL,NULL),('WACCT-71354bce:189f6f8c594:-7f7f','2040-CADELIA, ARLITA','IND188ebbae:15870a3ea28:-7c0e','2040-CADELIA, ARLITA','local','047220022','MANABA','MANABA,MUNICIPALITY OF GARCIA HERNANDEZ,BOHOL',NULL,'BOHOL','MUNICIPALITY OF GARCIA HERNANDEZ',NULL,NULL,NULL,NULL,NULL,NULL,'WMfe87b2e:18a2b3ea51e:7bcf','RESIDENTIAL',1,NULL,'07','[]','ACTIVE',NULL,NULL,NULL),('WACCT-71354bce:189f6f8c594:-7f80','2295-DAJALOS, LORETA','IND-64cf843e:17fd43e3850:-7c14','2295-DAJALOS, LORETA','local','047220022','MANABA','MANABA,MUNICIPALITY OF GARCIA HERNANDEZ,BOHOL',NULL,'BOHOL','MUNICIPALITY OF GARCIA HERNANDEZ',NULL,NULL,NULL,NULL,NULL,NULL,'WMbe12291:18a3fa9b053:-b5f','RESIDENTIAL',1,NULL,'07','[]','ACTIVE',NULL,NULL,NULL),('WACCT-71354bce:189f6f8c594:-7f81','1431-GALESTE, ESTER','IND4897be9a:150fe27e631:-7168','1431-GALESTE, ESTER','local','047220022','MANABA','MANABA,MUNICIPALITY OF GARCIA HERNANDEZ,BOHOL',NULL,'BOHOL','MUNICIPALITY OF GARCIA HERNANDEZ',NULL,NULL,NULL,NULL,NULL,NULL,'WM-3282a7e8:18a07f75359:-6848','RESIDENTIAL',1,NULL,'07','[]','ACTIVE',NULL,NULL,NULL),('WACCT-71354bce:189f6f8c594:-7f82','2300-SALARDA, ALEXANDER','IND-556a2aed:17fe433c998:-7d23','2300-SALARDA, ALEXANDER','local','047220022','MANABA','MANABA,MUNICIPALITY OF GARCIA HERNANDEZ,BOHOL',NULL,'BOHOL','MUNICIPALITY OF GARCIA HERNANDEZ',NULL,NULL,NULL,NULL,NULL,NULL,'WMbe12291:18a3fa9b053:-741','COMMERCIAL',1,NULL,'07','[]','ACTIVE',NULL,NULL,NULL),('WACCT-71354bce:189f6f8c594:-7f83','1996-DAJALOS, GRACE','IND242a607:150fa99469d:-7ff4','1996-DAJALOS, GRACE','local','047220022','MANABA','MANABA,MUNICIPALITY OF GARCIA HERNANDEZ,BOHOL',NULL,'BOHOL','MUNICIPALITY OF GARCIA HERNANDEZ',NULL,NULL,NULL,NULL,NULL,NULL,'WMfe87b2e:18a2b3ea51e:5277','RESIDENTIAL',1,NULL,'07','[]','ACTIVE',NULL,NULL,NULL),('WACCT-71354bce:189f6f8c594:-7f84','1428-PADICA, IRENEO','IND4897be9a:150fe27e631:-727f','1428-PADICA, IRENEO','local','047220022','MANABA','MANABA,MUNICIPALITY OF GARCIA HERNANDEZ,BOHOL',NULL,'BOHOL','MUNICIPALITY OF GARCIA HERNANDEZ',NULL,NULL,NULL,NULL,NULL,NULL,'WM-3282a7e8:18a07f75359:-6896','RESIDENTIAL',1,NULL,'07','[]','ACTIVE',NULL,NULL,NULL),('WACCT-71354bce:189f6f8c594:-7f85','1426-DELOS SANTOS, FRANCISCO','IND4897be9a:150fe27e631:-72dc','1426-DELOS SANTOS, FRANCISCO','local','047220022','MANABA','MANABA,MUNICIPALITY OF GARCIA HERNANDEZ,BOHOL',NULL,'BOHOL','MUNICIPALITY OF GARCIA HERNANDEZ',NULL,NULL,NULL,NULL,NULL,NULL,'WM-3282a7e8:18a07f75359:-68e4','RESIDENTIAL',1,NULL,'07','[]','ACTIVE',NULL,NULL,NULL),('WACCT-71354bce:189f6f8c594:-7f86','1917-SANJORJO, SUSANA','IND4897be9a:150fe27e631:-64ea','1917-SANJORJO, SUSANA','local','047220022','MANABA','MANABA,MUNICIPALITY OF GARCIA HERNANDEZ,BOHOL',NULL,'BOHOL','MUNICIPALITY OF GARCIA HERNANDEZ',NULL,NULL,NULL,NULL,NULL,NULL,'WMfe87b2e:18a2b3ea51e:2b82','RESIDENTIAL',1,NULL,'07','[]','ACTIVE',NULL,NULL,NULL),('WACCT-71354bce:189f6f8c594:-7f87','2354-FERNANDEZ, GENARO JR.','IND-5d5e78b0:18624579213:-7d49','2354-FERNANDEZ, GENARO JR.','local','047220022','MANABA','MANABA,MUNICIPALITY OF GARCIA HERNANDEZ,BOHOL',NULL,'BOHOL','MUNICIPALITY OF GARCIA HERNANDEZ',NULL,NULL,NULL,NULL,NULL,NULL,'WMbe12291:18a3fa9b053:1e9b','RESIDENTIAL',1,NULL,'07','[]','ACTIVE',NULL,NULL,NULL),('WACCT-71354bce:189f6f8c594:-7f88','1424-DEGUIT, HERIQUITTO','IND4897be9a:150fe27e631:-65a4','1424-DEGUIT, HERIQUITTO','local','047220022','MANABA','MANABA,MUNICIPALITY OF GARCIA HERNANDEZ,BOHOL',NULL,'BOHOL','MUNICIPALITY OF GARCIA HERNANDEZ',NULL,NULL,NULL,NULL,NULL,NULL,'WM-3282a7e8:18a07f75359:-690b','RESIDENTIAL',1,NULL,'07','[]','ACTIVE',NULL,NULL,NULL),('WACCT-71354bce:189f6f8c594:-7f89','1423-LADAGA, VICTORIA','IND4897be9a:150fe27e631:-6601','1423-LADAGA, VICTORIA','local','047220022','MANABA','MANABA,MUNICIPALITY OF GARCIA HERNANDEZ,BOHOL',NULL,'BOHOL','MUNICIPALITY OF GARCIA HERNANDEZ',NULL,NULL,NULL,NULL,NULL,NULL,'WM-3282a7e8:18a07f75359:-6932','RESIDENTIAL',1,NULL,'07','[]','ACTIVE',NULL,NULL,NULL),('WACCT-71354bce:189f6f8c594:-7f8a','1422-MAGALLON, CONCEPCION','IND4897be9a:150fe27e631:-6668','1422-MAGALLON, CONCEPCION','local','047220022','MANABA','MANABA,MUNICIPALITY OF GARCIA HERNANDEZ,BOHOL',NULL,'BOHOL','MUNICIPALITY OF GARCIA HERNANDEZ',NULL,NULL,NULL,NULL,NULL,NULL,'WM-3282a7e8:18a07f75359:-6b19','RESIDENTIAL',1,NULL,'07','[]','ACTIVE',NULL,NULL,NULL),('WACCT-71354bce:189f6f8c594:-7f8b','1420-LADAGA, METODIO','IND4897be9a:150fe27e631:-677f','1420-LADAGA, METODIO','local','047220022','MANABA','MANABA,MUNICIPALITY OF GARCIA HERNANDEZ,BOHOL',NULL,'BOHOL','MUNICIPALITY OF GARCIA HERNANDEZ',NULL,NULL,NULL,NULL,NULL,NULL,'WM-3282a7e8:18a07f75359:-6bbf','RESIDENTIAL',1,NULL,'07','[]','ACTIVE',NULL,NULL,NULL),('WACCT-71354bce:189f6f8c594:-7f8c','1421-FERNANDEZ, RINA','IND4897be9a:150fe27e631:-66c5','1421-FERNANDEZ, RINA','local','047220022','MANABA','MANABA,MUNICIPALITY OF GARCIA HERNANDEZ,BOHOL',NULL,'BOHOL','MUNICIPALITY OF GARCIA HERNANDEZ',NULL,NULL,NULL,NULL,NULL,NULL,'WM-3282a7e8:18a07f75359:-6b68','RESIDENTIAL',1,NULL,'07','[]','ACTIVE',NULL,NULL,NULL),('WACCT-71354bce:189f6f8c594:-7f8d','1991-LADESMA, LEONCITA (CELYN)','IND4897be9a:150fe27e631:-7b67','1991-LADESMA, LEONCITA (CELYN)','local','047220022','MANABA','MANABA,MUNICIPALITY OF GARCIA HERNANDEZ,BOHOL',NULL,'BOHOL','MUNICIPALITY OF GARCIA HERNANDEZ',NULL,NULL,NULL,NULL,NULL,NULL,'WMfe87b2e:18a2b3ea51e:4ed8','RESIDENTIAL',1,NULL,'07','[]','ACTIVE',NULL,NULL,NULL),('WACCT-71354bce:189f6f8c594:-7f8e','1417-DUMANHOG, LIZA 2','IND4897be9a:150fe27e631:-6896','1417-DUMANHOG, LIZA 2','local','047220022','MANABA','MANABA,MUNICIPALITY OF GARCIA HERNANDEZ,BOHOL',NULL,'BOHOL','MUNICIPALITY OF GARCIA HERNANDEZ',NULL,NULL,NULL,NULL,NULL,NULL,'WM-3282a7e8:18a07f75359:-6bfe','RESIDENTIAL',1,NULL,'07','[]','ACTIVE',NULL,NULL,NULL),('WACCT-71354bce:189f6f8c594:-7f8f','1416-DUMANHOG, LIZA','IND4897be9a:150fe27e631:-6904','1416-DUMANHOG, LIZA','local','047220022','MANABA','MANABA,MUNICIPALITY OF GARCIA HERNANDEZ,BOHOL',NULL,'BOHOL','MUNICIPALITY OF GARCIA HERNANDEZ',NULL,NULL,NULL,NULL,NULL,NULL,'WM-3282a7e8:18a07f75359:-696c','RESIDENTIAL',1,NULL,'07','[]','ACTIVE',NULL,NULL,NULL),('WACCT-71354bce:189f6f8c594:-7f90','1415-DUMANHOG, HERMINIA','IND4897be9a:150fe27e631:-6965','1415-DUMANHOG, HERMINIA','local','047220022','MANABA','MANABA,MUNICIPALITY OF GARCIA HERNANDEZ,BOHOL',NULL,'BOHOL','MUNICIPALITY OF GARCIA HERNANDEZ',NULL,NULL,NULL,NULL,NULL,NULL,'WM-3282a7e8:18a07f75359:-6993','RESIDENTIAL',1,NULL,'07','[]','ACTIVE',NULL,NULL,NULL),('WACCT-71354bce:189f6f8c594:-7f91','1414-ACABU, MAURILLO','IND4897be9a:150fe27e631:-5faf','1414-ACABU, MAURILLO','local','047220022','MANABA','MANABA,MUNICIPALITY OF GARCIA HERNANDEZ,BOHOL',NULL,'BOHOL','MUNICIPALITY OF GARCIA HERNANDEZ',NULL,NULL,NULL,NULL,NULL,NULL,'WM-3282a7e8:18a07f75359:-69ba','RESIDENTIAL',1,NULL,'07','[]','ACTIVE',NULL,NULL,NULL),('WACCT-71354bce:189f6f8c594:-7f92','1429-SALVACION, SABINO','IND4897be9a:150fe27e631:-7222','1429-SALVACION, SABINO','local','047220022','MANABA','MANABA,MUNICIPALITY OF GARCIA HERNANDEZ,BOHOL',NULL,'BOHOL','MUNICIPALITY OF GARCIA HERNANDEZ',NULL,NULL,NULL,NULL,NULL,NULL,'WM-3282a7e8:18a07f75359:-686f','RESIDENTIAL',1,NULL,'07','[]','ACTIVE',NULL,NULL,NULL),('WACCT-71354bce:189f6f8c594:-7f93','2251-GALIDO, ELPEDIA (RES)','IND-4c171369:176450d1cfe:-6a2f','2251-GALIDO, ELPEDIA (RES)','local','047220022','MANABA','MANABA,MUNICIPALITY OF GARCIA HERNANDEZ,BOHOL',NULL,'BOHOL','MUNICIPALITY OF GARCIA HERNANDEZ',NULL,NULL,NULL,NULL,NULL,NULL,'WMbe12291:18a3fa9b053:-2bd1','RESIDENTIAL',1,NULL,'07','[]','ACTIVE',NULL,NULL,NULL),('WACCT-71354bce:189f6f8c594:-7f94','1436-SABINO, BARBARA','IND4897be9a:150fe27e631:-6f97','1436-SABINO, BARBARA','local','047220022','MANABA','MANABA,MUNICIPALITY OF GARCIA HERNANDEZ,BOHOL',NULL,'BOHOL','MUNICIPALITY OF GARCIA HERNANDEZ',NULL,NULL,NULL,NULL,NULL,NULL,'WM-3282a7e8:18a1b099589:-41c0','RESIDENTIAL',1,NULL,'07','[]','ACTIVE',NULL,NULL,NULL),('WACCT-71354bce:189f6f8c594:-7f95','1670-GALIDO, SERGIO','IND4897be9a:150fe27e631:-6a1f','1670-GALIDO, SERGIO','local','047220022','MANABA','MANABA,MUNICIPALITY OF GARCIA HERNANDEZ,BOHOL',NULL,'BOHOL','MUNICIPALITY OF GARCIA HERNANDEZ',NULL,NULL,NULL,NULL,NULL,NULL,'WMfe87b2e:18a2b3ea51e:-3cc0','RESIDENTIAL',1,NULL,'07','[]','ACTIVE',NULL,NULL,NULL),('WACCT-71354bce:189f6f8c594:-7f96','1412-JAMITO, PRIMITIVO','IND4897be9a:150fe27e631:-6a7c','1412-JAMITO, PRIMITIVO','local','047220022','MANABA','MANABA,MUNICIPALITY OF GARCIA HERNANDEZ,BOHOL',NULL,'BOHOL','MUNICIPALITY OF GARCIA HERNANDEZ',NULL,NULL,NULL,NULL,NULL,NULL,'WM-3282a7e8:18a07f75359:-69e1','RESIDENTIAL',1,NULL,'07','[]','ACTIVE',NULL,NULL,NULL),('WACCT-71354bce:189f6f8c594:-7f97','1411-GALIDO, NELSON','IND4897be9a:150fe27e631:-6ad9','1411-GALIDO, NELSON','local','047220022','MANABA','MANABA,MUNICIPALITY OF GARCIA HERNANDEZ,BOHOL',NULL,'BOHOL','MUNICIPALITY OF GARCIA HERNANDEZ',NULL,NULL,NULL,NULL,NULL,NULL,'WM-3282a7e8:18a07f75359:-6a08','RESIDENTIAL',1,NULL,'07','[]','ACTIVE',NULL,NULL,NULL),('WACCT-71354bce:189f6f8c594:-7f98','1410-MATNOG, RUBEN','IND4897be9a:150fe27e631:-6b36','1410-MATNOG, RUBEN','local','047220022','MANABA','MANABA,MUNICIPALITY OF GARCIA HERNANDEZ,BOHOL',NULL,'BOHOL','MUNICIPALITY OF GARCIA HERNANDEZ',NULL,NULL,NULL,NULL,NULL,NULL,'WM-3282a7e8:18a07f75359:-6a2f','RESIDENTIAL',1,NULL,'07','[]','ACTIVE',NULL,NULL,NULL),('WACCT-71354bce:189f6f8c594:-7f99','1767-ACO, NEMESIO JR.','IND4897be9a:150fe27e631:-6b93','1767-ACO, NEMESIO JR.','local','047220022','MANABA','MANABA,MUNICIPALITY OF GARCIA HERNANDEZ,BOHOL',NULL,'BOHOL','MUNICIPALITY OF GARCIA HERNANDEZ',NULL,NULL,NULL,NULL,NULL,NULL,'WMfe87b2e:18a2b3ea51e:-988','RESIDENTIAL',1,NULL,'07','[]','ACTIVE',NULL,NULL,NULL),('WACCT-71354bce:189f6f8c594:-7f9a','1409-ACO, NEMESIO SR.','IND4897be9a:150fe27e631:-6bf0','1409-ACO, NEMESIO SR.','local','047220022','MANABA','MANABA,MUNICIPALITY OF GARCIA HERNANDEZ,BOHOL',NULL,'BOHOL','MUNICIPALITY OF GARCIA HERNANDEZ',NULL,NULL,NULL,NULL,NULL,NULL,'WM-3282a7e8:18a07f75359:-6a56','RESIDENTIAL',1,NULL,'07','[]','ACTIVE',NULL,NULL,NULL),('WACCT-71354bce:189f6f8c594:-7f9b','1407-CAACO, MARILYN','IND4897be9a:150fe27e631:-5d21','1407-CAACO, MARILYN','local','047220022','MANABA','MANABA,MUNICIPALITY OF GARCIA HERNANDEZ,BOHOL',NULL,'BOHOL','MUNICIPALITY OF GARCIA HERNANDEZ',NULL,NULL,NULL,NULL,NULL,NULL,'WM-3282a7e8:18a07f75359:-6a7d','RESIDENTIAL',1,NULL,'07','[]','ACTIVE',NULL,NULL,NULL),('WACCT-71354bce:189f6f8c594:-7f9d','1561-GUNTINIAS, BENITO','IND4897be9a:150fe27e631:-5d7e','1561-GUNTINIAS, BENITO','local','047220022','MANABA','MANABA,MUNICIPALITY OF GARCIA HERNANDEZ,BOHOL',NULL,'BOHOL','MUNICIPALITY OF GARCIA HERNANDEZ',NULL,NULL,NULL,NULL,NULL,NULL,'WMfe87b2e:18a2b3ea51e:-5d81','RESIDENTIAL',1,NULL,'07','[]','ACTIVE',NULL,NULL,NULL),('WACCT-71354bce:189f6f8c594:-7f9e','1684-GODINES, GERTRUDES','IND4897be9a:150fe27e631:-5ddb','1684-GODINES, GERTRUDES','local','047220022','MANABA','MANABA,MUNICIPALITY OF GARCIA HERNANDEZ,BOHOL',NULL,'BOHOL','MUNICIPALITY OF GARCIA HERNANDEZ',NULL,NULL,NULL,NULL,NULL,NULL,'WMfe87b2e:18a2b3ea51e:-36b4','RESIDENTIAL',1,NULL,'07','[]','ACTIVE',NULL,NULL,NULL),('WACCT-71354bce:189f6f8c594:-7f9f','2029-LADESMA, ARNULFO','INDe9f435c:1566d2139b2:-7e5f','2029-LADESMA, ARNULFO','local','047220022','MANABA','MANABA,MUNICIPALITY OF GARCIA HERNANDEZ,BOHOL',NULL,'BOHOL','MUNICIPALITY OF GARCIA HERNANDEZ',NULL,NULL,NULL,NULL,NULL,NULL,'WMfe87b2e:18a2b3ea51e:7371','RESIDENTIAL',1,NULL,'07','[]','ACTIVE',NULL,NULL,NULL),('WACCT-71354bce:189f6f8c594:-7fa0','1406-PACTOL, ALBINO','IND4897be9a:150fe27e631:-5e38','1406-PACTOL, ALBINO','local','047220022','MANABA','MANABA,MUNICIPALITY OF GARCIA HERNANDEZ,BOHOL',NULL,'BOHOL','MUNICIPALITY OF GARCIA HERNANDEZ',NULL,NULL,NULL,NULL,NULL,NULL,'WM-3282a7e8:18a07f75359:-6aa4','RESIDENTIAL',1,NULL,'07','[]','ACTIVE',NULL,NULL,NULL),('WACCT-71354bce:189f6f8c594:-7fa1','1405-LADESMA, LEONA','IND4897be9a:150fe27e631:-5e95','1405-LADESMA, LEONA','local','047220022','MANABA','MANABA,MUNICIPALITY OF GARCIA HERNANDEZ,BOHOL',NULL,'BOHOL','MUNICIPALITY OF GARCIA HERNANDEZ',NULL,NULL,NULL,NULL,NULL,NULL,'WM-3282a7e8:18a07f75359:-6acb','RESIDENTIAL',1,NULL,'07','[]','ACTIVE',NULL,NULL,NULL),('WACCT-71354bce:189f6f8c594:-7fa2','1404-OCLARIT, MACARIA','IND4897be9a:150fe27e631:-5ef2','1404-OCLARIT, MACARIA','local','047220022','MANABA','MANABA,MUNICIPALITY OF GARCIA HERNANDEZ,BOHOL',NULL,'BOHOL','MUNICIPALITY OF GARCIA HERNANDEZ',NULL,NULL,NULL,NULL,NULL,NULL,'WM-3282a7e8:18a07f75359:-6af2','RESIDENTIAL',1,NULL,'07','[]','ACTIVE',NULL,NULL,NULL),('WACCT-71354bce:189f6f8c594:-7fa3','1395-GALBO, GODOFREDO','IND4897be9a:150fe27e631:-648d','1395-GALBO, GODOFREDO','local','047220022','MANABA','MANABA,MUNICIPALITY OF GARCIA HERNANDEZ,BOHOL',NULL,'BOHOL','MUNICIPALITY OF GARCIA HERNANDEZ',NULL,NULL,NULL,NULL,NULL,NULL,'WM-3282a7e8:18a07f75359:-6fd1','RESIDENTIAL',1,NULL,'07','[]','ACTIVE',NULL,NULL,NULL),('WACCT-71354bce:189f6f8c594:-7fa4','1396-MACUSE, ARCADIA','IND4897be9a:150fe27e631:-6430','1396-MACUSE, ARCADIA','local','047220022','MANABA','MANABA,MUNICIPALITY OF GARCIA HERNANDEZ,BOHOL',NULL,'BOHOL','MUNICIPALITY OF GARCIA HERNANDEZ',NULL,NULL,NULL,NULL,NULL,NULL,'WM-3282a7e8:18a07f75359:-6faa','RESIDENTIAL',1,NULL,'07','[]','ACTIVE',NULL,NULL,NULL),('WACCT-71354bce:189f6f8c594:-7fa5','1397-LADESMA, URBANO','IND4897be9a:150fe27e631:-6374','1397-LADESMA, URBANO','local','047220022','MANABA','MANABA,MUNICIPALITY OF GARCIA HERNANDEZ,BOHOL',NULL,'BOHOL','MUNICIPALITY OF GARCIA HERNANDEZ',NULL,NULL,NULL,NULL,NULL,NULL,'WM-3282a7e8:18a07f75359:-6f83','RESIDENTIAL',1,NULL,'07','[]','ACTIVE',NULL,NULL,NULL),('WACCT-71354bce:189f6f8c594:-7fa6','1813-JAMERO, ERIC','IND4897be9a:150fe27e631:-6317','1813-JAMERO, ERIC','local','047220022','MANABA','MANABA,MUNICIPALITY OF GARCIA HERNANDEZ,BOHOL',NULL,'BOHOL','MUNICIPALITY OF GARCIA HERNANDEZ',NULL,NULL,NULL,NULL,NULL,NULL,'WMfe87b2e:18a2b3ea51e:390','RESIDENTIAL',1,NULL,'07','[]','ACTIVE',NULL,NULL,NULL),('WACCT-71354bce:189f6f8c594:-7fa7','1328-SIBLA, LYDIO','IND4897be9a:150fe27e631:-612d','1328-SIBLA, LYDIO','local','047220022','MANABA','MANABA,MUNICIPALITY OF GARCIA HERNANDEZ,BOHOL',NULL,'BOHOL','MUNICIPALITY OF GARCIA HERNANDEZ',NULL,NULL,NULL,NULL,NULL,NULL,'WM-3282a7e8:18a07f75359:-7ce8','RESIDENTIAL',1,NULL,'07','[]','ACTIVE',NULL,NULL,NULL),('WACCT-71354bce:189f6f8c594:-7fa8','1399-DELORIA, PABLITO','IND-6de0ac73:1516b7bfab0:-6e74','1399-DELORIA, PABLITO','local','047220022','MANABA','MANABA,MUNICIPALITY OF GARCIA HERNANDEZ,BOHOL',NULL,'BOHOL','MUNICIPALITY OF GARCIA HERNANDEZ',NULL,NULL,NULL,NULL,NULL,NULL,'WM-3282a7e8:18a07f75359:-6e39','RESIDENTIAL',1,NULL,'07','[]','ACTIVE',NULL,NULL,NULL),('WACCT-71354bce:189f6f8c594:-7fa9','1749-SALARDA, ANTONIETO 2','IND4897be9a:150fe27e631:-600c','1749-SALARDA, ANTONIETO 2','local','047220022','MANABA','MANABA,MUNICIPALITY OF GARCIA HERNANDEZ,BOHOL',NULL,'BOHOL','MUNICIPALITY OF GARCIA HERNANDEZ',NULL,NULL,NULL,NULL,NULL,NULL,'WMfe87b2e:18a2b3ea51e:-1478','COMMERCIAL',1,NULL,'07','[]','ACTIVE',NULL,NULL,NULL),('WACCT-71354bce:189f6f8c594:-7faa','1402-SALARDA, ANTONIETO 1','IND4897be9a:150fe27e631:-6069','1402-SALARDA, ANTONIETO 1','local','047220022','MANABA','MANABA,MUNICIPALITY OF GARCIA HERNANDEZ,BOHOL',NULL,'BOHOL','MUNICIPALITY OF GARCIA HERNANDEZ',NULL,NULL,NULL,NULL,NULL,NULL,'WM-3282a7e8:18a07f75359:-6c9f','COMMERCIAL',1,NULL,'07','[]','ACTIVE',NULL,NULL,NULL),('WACCT-71354bce:189f6f8c594:-7fab','1398-PAJE, TITO','IND4897be9a:150fe27e631:-62ba','1398-PAJE, TITO','local','047220022','MANABA','MANABA,MUNICIPALITY OF GARCIA HERNANDEZ,BOHOL',NULL,'BOHOL','MUNICIPALITY OF GARCIA HERNANDEZ',NULL,NULL,NULL,NULL,NULL,NULL,'WM-3282a7e8:18a07f75359:-6e64','RESIDENTIAL',1,NULL,'07','[]','ACTIVE',NULL,NULL,NULL),('WACCT-71354bce:189f6f8c594:-7fac','1401-NALDOZA, DOMINIC','IND4897be9a:150fe27e631:-60d0','1401-NALDOZA, DOMINIC','local','047220022','MANABA','MANABA,MUNICIPALITY OF GARCIA HERNANDEZ,BOHOL',NULL,'BOHOL','MUNICIPALITY OF GARCIA HERNANDEZ',NULL,NULL,NULL,NULL,NULL,NULL,'WM-3282a7e8:18a07f75359:-6cc8','RESIDENTIAL',1,NULL,'07','[]','ACTIVE',NULL,NULL,NULL),('WACCT-71354bce:189f6f8c594:-7fad','1400-SIBLA, ARCADIO','IND4897be9a:150fe27e631:-625d','1400-SIBLA, ARCADIO','local','047220022','MANABA','MANABA,MUNICIPALITY OF GARCIA HERNANDEZ,BOHOL',NULL,'BOHOL','MUNICIPALITY OF GARCIA HERNANDEZ',NULL,NULL,NULL,NULL,NULL,NULL,'WM-3282a7e8:18a07f75359:-6e12','RESIDENTIAL',1,NULL,'07','[]','ACTIVE',NULL,NULL,NULL),('WACCT-71354bce:189f6f8c594:-7fae','1349-SIBLA, AURELIO','IND4897be9a:150fe27e631:-618a','1349-SIBLA, AURELIO','local','047220022','MANABA','MANABA,MUNICIPALITY OF GARCIA HERNANDEZ,BOHOL',NULL,'BOHOL','MUNICIPALITY OF GARCIA HERNANDEZ',NULL,NULL,NULL,NULL,NULL,NULL,'WM-3282a7e8:18a07f75359:-7a51','RESIDENTIAL',1,NULL,'07','[]','ACTIVE',NULL,NULL,NULL),('WACCT-71354bce:189f6f8c594:-7faf','2206-SALAZAR, FE','IND5fcf17fb:17181c1fa1c:-7d9d','2206-SALAZAR, FE','local','047220022','MANABA','MANABA,MUNICIPALITY OF GARCIA HERNANDEZ,BOHOL',NULL,'BOHOL','MUNICIPALITY OF GARCIA HERNANDEZ',NULL,NULL,NULL,NULL,NULL,NULL,'WMbe12291:18a3fa9b053:-401d','RESIDENTIAL',1,NULL,'07','[]','ACTIVE',NULL,NULL,NULL),('WACCT-71354bce:189f6f8c594:-7fb0','1403-GALBO, ROSALINA','IND4897be9a:150fe27e631:-5542','1403-GALBO, ROSALINA','local','047220022','MANABA','MANABA,MUNICIPALITY OF GARCIA HERNANDEZ,BOHOL',NULL,'BOHOL','MUNICIPALITY OF GARCIA HERNANDEZ',NULL,NULL,NULL,NULL,NULL,NULL,'WM-3282a7e8:18a07f75359:-6c78','RESIDENTIAL',1,NULL,'07','[]','ACTIVE',NULL,NULL,NULL),('WACCT-71354bce:189f6f8c594:-7fb1','1560-VERAN, DIOSCORO SHOP','IND4897be9a:150fe27e631:-559f','1560-VERAN, DIOSCORO SHOP','local','047220022','MANABA','MANABA,MUNICIPALITY OF GARCIA HERNANDEZ,BOHOL',NULL,'BOHOL','MUNICIPALITY OF GARCIA HERNANDEZ',NULL,NULL,NULL,NULL,NULL,NULL,'WMfe87b2e:18a2b3ea51e:-5fd1','RESIDENTIAL',1,NULL,'07','[]','ACTIVE',NULL,NULL,NULL),('WACCT-71354bce:189f6f8c594:-7fb2','1360-MADELO, RAMON','IND4897be9a:150fe27e631:-560d','1360-MADELO, RAMON','local','047220022','MANABA','MANABA,MUNICIPALITY OF GARCIA HERNANDEZ,BOHOL',NULL,'BOHOL','MUNICIPALITY OF GARCIA HERNANDEZ',NULL,NULL,NULL,NULL,NULL,NULL,'WM-3282a7e8:18a07f75359:-78a4','RESIDENTIAL',1,NULL,'07','[]','ACTIVE',NULL,NULL,NULL),('WACCT-71354bce:189f6f8c594:-7fb4','1361-GALIDO, SIMEONA','IND4897be9a:150fe27e631:-567b','1361-GALIDO, SIMEONA','local','047220022','MANABA','MANABA,MUNICIPALITY OF GARCIA HERNANDEZ,BOHOL',NULL,'BOHOL','MUNICIPALITY OF GARCIA HERNANDEZ',NULL,NULL,NULL,NULL,NULL,NULL,'WM-3282a7e8:18a07f75359:-787d','RESIDENTIAL',1,NULL,'07','[]','ACTIVE',NULL,NULL,NULL),('WACCT-71354bce:189f6f8c594:-7fb5','1362-GALIDO, ESTEBAN','IND4897be9a:150fe27e631:-56e9','1362-GALIDO, ESTEBAN','local','047220022','MANABA','MANABA,MUNICIPALITY OF GARCIA HERNANDEZ,BOHOL',NULL,'BOHOL','MUNICIPALITY OF GARCIA HERNANDEZ',NULL,NULL,NULL,NULL,NULL,NULL,'WM-3282a7e8:18a07f75359:-7856','RESIDENTIAL',1,NULL,'07','[]','ACTIVE',NULL,NULL,NULL),('WACCT-71354bce:189f6f8c594:-7fb6','1364-GALBO, EUTIQUIA','IND4897be9a:150fe27e631:-5746','1364-GALBO, EUTIQUIA','local','047220022','MANABA','MANABA,MUNICIPALITY OF GARCIA HERNANDEZ,BOHOL',NULL,'BOHOL','MUNICIPALITY OF GARCIA HERNANDEZ',NULL,NULL,NULL,NULL,NULL,NULL,'WM-3282a7e8:18a07f75359:-7808','RESIDENTIAL',1,NULL,'07','[]','ACTIVE',NULL,NULL,NULL),('WACCT-71354bce:189f6f8c594:-7fb7','1363-GALIDO, CONCEPCION','IND4897be9a:150fe27e631:-57a3','1363-GALIDO, CONCEPCION','local','047220022','MANABA','MANABA,MUNICIPALITY OF GARCIA HERNANDEZ,BOHOL',NULL,'BOHOL','MUNICIPALITY OF GARCIA HERNANDEZ',NULL,NULL,NULL,NULL,NULL,NULL,'WM-3282a7e8:18a07f75359:-782f','RESIDENTIAL',1,NULL,'07','[]','ACTIVE',NULL,NULL,NULL),('WACCT-71354bce:189f6f8c594:-7fb8','1911-PLENOS, VALERIANO 2','IND4897be9a:150fe27e631:-5cc4','1911-PLENOS, VALERIANO 2','local','047220022','MANABA','MANABA,MUNICIPALITY OF GARCIA HERNANDEZ,BOHOL',NULL,'BOHOL','MUNICIPALITY OF GARCIA HERNANDEZ',NULL,NULL,NULL,NULL,NULL,NULL,'WMfe87b2e:18a2b3ea51e:28fc','COMMERCIAL',1,NULL,'07','[]','ACTIVE',NULL,NULL,NULL),('WACCT-71354bce:189f6f8c594:-7fb9','2101-VALERIANO, PLENOS 3','IND-7efd71ce:163ecbe92e5:-7ed4','2101-VALERIANO, PLENOS 3','local','047220022','MANABA','MANABA,MUNICIPALITY OF GARCIA HERNANDEZ,BOHOL',NULL,'BOHOL','MUNICIPALITY OF GARCIA HERNANDEZ',NULL,NULL,NULL,NULL,NULL,NULL,'WMbe12291:18a3fa9b053:-7b3b','COMMERCIAL',1,NULL,'07','[]','ACTIVE',NULL,NULL,NULL),('WACCT-71354bce:189f6f8c594:-7fba','1388-DAJALOS, MARCELO','IND4897be9a:150fe27e631:-5800','1388-DAJALOS, MARCELO','local','047220022','MANABA','MANABA,MUNICIPALITY OF GARCIA HERNANDEZ,BOHOL',NULL,'BOHOL','MUNICIPALITY OF GARCIA HERNANDEZ',NULL,NULL,NULL,NULL,NULL,NULL,'WM-3282a7e8:18a07f75359:-70e2','RESIDENTIAL',1,NULL,'07','[]','ACTIVE',NULL,NULL,NULL),('WACCT-71354bce:189f6f8c594:-7fbb','1389-JAMERO, ROMEO JR.','IND4897be9a:150fe27e631:-585d','1389-JAMERO, ROMEO JR.','local','047220022','MANABA','MANABA,MUNICIPALITY OF GARCIA HERNANDEZ,BOHOL',NULL,'BOHOL','MUNICIPALITY OF GARCIA HERNANDEZ',NULL,NULL,NULL,NULL,NULL,NULL,'WM-3282a7e8:18a07f75359:-70bb','RESIDENTIAL',1,NULL,'07','[]','ACTIVE',NULL,NULL,NULL),('WACCT-71354bce:189f6f8c594:-7fbc','1394-AMPLAYO, ADOLFO','IND4897be9a:150fe27e631:-58c5','1394-AMPLAYO, ADOLFO','local','047220022','MANABA','MANABA,MUNICIPALITY OF GARCIA HERNANDEZ,BOHOL',NULL,'BOHOL','MUNICIPALITY OF GARCIA HERNANDEZ',NULL,NULL,NULL,NULL,NULL,NULL,'WM-3282a7e8:18a07f75359:-6ff8','RESIDENTIAL',1,NULL,'07','[]','ACTIVE',NULL,NULL,NULL),('WACCT-71354bce:189f6f8c594:-7fbd','1393-ACO, APOLONIO JR.','IND4897be9a:150fe27e631:-5922','1393-ACO, APOLONIO JR.','local','047220022','MANABA','MANABA,MUNICIPALITY OF GARCIA HERNANDEZ,BOHOL',NULL,'BOHOL','MUNICIPALITY OF GARCIA HERNANDEZ',NULL,NULL,NULL,NULL,NULL,NULL,'WM-3282a7e8:18a07f75359:-701f','RESIDENTIAL',1,NULL,'07','[]','ACTIVE',NULL,NULL,NULL),('WACCT-71354bce:189f6f8c594:-7fbe','1392-GALBO, TRANQUILINO','IND4897be9a:150fe27e631:-597f','1392-GALBO, TRANQUILINO','local','047220022','MANABA','MANABA,MUNICIPALITY OF GARCIA HERNANDEZ,BOHOL',NULL,'BOHOL','MUNICIPALITY OF GARCIA HERNANDEZ',NULL,NULL,NULL,NULL,NULL,NULL,'WM-3282a7e8:18a07f75359:-7046','RESIDENTIAL',1,NULL,'07','[]','ACTIVE',NULL,NULL,NULL),('WACCT-71354bce:189f6f8c594:-7fbf','1391-DELA PENA, RESTITUTA','IND4897be9a:150fe27e631:-59dc','1391-DELA PENA, RESTITUTA','local','047220022','MANABA','MANABA,MUNICIPALITY OF GARCIA HERNANDEZ,BOHOL',NULL,'BOHOL','MUNICIPALITY OF GARCIA HERNANDEZ',NULL,NULL,NULL,NULL,NULL,NULL,'WM-3282a7e8:18a07f75359:-706d','RESIDENTIAL',1,NULL,'07','[]','ACTIVE',NULL,NULL,NULL),('WACCT-71354bce:189f6f8c594:-7fc0','1390-RANAY, NOEL','IND4897be9a:150fe27e631:-5a39','1390-RANAY, NOEL','local','047220022','MANABA','MANABA,MUNICIPALITY OF GARCIA HERNANDEZ,BOHOL',NULL,'BOHOL','MUNICIPALITY OF GARCIA HERNANDEZ',NULL,NULL,NULL,NULL,NULL,NULL,'WM-3282a7e8:18a07f75359:-7094','RESIDENTIAL',1,NULL,'07','[]','ACTIVE',NULL,NULL,NULL),('WACCT-71354bce:189f6f8c594:-7fc1','1381-JUBAHIB, RODRIGA','IND4897be9a:150fe27e631:-5a96','1381-JUBAHIB, RODRIGA','local','047220022','MANABA','MANABA,MUNICIPALITY OF GARCIA HERNANDEZ,BOHOL',NULL,'BOHOL','MUNICIPALITY OF GARCIA HERNANDEZ',NULL,NULL,NULL,NULL,NULL,NULL,'WM-3282a7e8:18a07f75359:-7341','RESIDENTIAL',1,NULL,'07','[]','ACTIVE',NULL,NULL,NULL),('WACCT-71354bce:189f6f8c594:-7fc2','1382-MADELO, ROMANITO','IND4897be9a:150fe27e631:-5c0a','1382-MADELO, ROMANITO','local','047220022','MANABA','MANABA,MUNICIPALITY OF GARCIA HERNANDEZ,BOHOL',NULL,'BOHOL','MUNICIPALITY OF GARCIA HERNANDEZ',NULL,NULL,NULL,NULL,NULL,NULL,'WM-3282a7e8:18a07f75359:-7317','RESIDENTIAL',1,NULL,'07','[]','ACTIVE',NULL,NULL,NULL),('WACCT-71354bce:189f6f8c594:-7fc3','2324-PADRE PIO, FUNERAL INC.','IND-4e66d3ea:1813b77510a:-7dc6','2324-PADRE PIO, FUNERAL INC.','local','047220022','MANABA','MANABA,MUNICIPALITY OF GARCIA HERNANDEZ,BOHOL',NULL,'BOHOL','MUNICIPALITY OF GARCIA HERNANDEZ',NULL,NULL,NULL,NULL,NULL,NULL,'WMbe12291:18a3fa9b053:b7e','COMMERCIAL',1,NULL,'07','[]','ACTIVE',NULL,NULL,NULL),('WACCT-71354bce:189f6f8c594:-7fc4','1385-ATTY., MERALIE MUCOY','IND4897be9a:150fe27e631:-5c67','1385-ATTY., MERALIE MUCOY','local','047220022','MANABA','MANABA,MUNICIPALITY OF GARCIA HERNANDEZ,BOHOL',NULL,'BOHOL','MUNICIPALITY OF GARCIA HERNANDEZ',NULL,NULL,NULL,NULL,NULL,NULL,'WM-3282a7e8:18a07f75359:-7130','RESIDENTIAL',1,NULL,'07','[]','ACTIVE',NULL,NULL,NULL),('WACCT-71354bce:189f6f8c594:-7fc5','1981-MOCOY, MARY ROSALINE','IND5bfe6c28:15160d5ff30:-5736','1981-MOCOY, MARY ROSALINE','local','047220022','MANABA','MANABA,MUNICIPALITY OF GARCIA HERNANDEZ,BOHOL',NULL,'BOHOL','MUNICIPALITY OF GARCIA HERNANDEZ',NULL,NULL,NULL,NULL,NULL,NULL,'WMfe87b2e:18a2b3ea51e:4890','RESIDENTIAL',1,NULL,'07','[]','ACTIVE',NULL,NULL,NULL),('WACCT-71354bce:189f6f8c594:-7fc6','1383-VIRADOR, TEODORICA','IND4897be9a:150fe27e631:-5af3','1383-VIRADOR, TEODORICA','local','047220022','MANABA','MANABA,MUNICIPALITY OF GARCIA HERNANDEZ,BOHOL',NULL,'BOHOL','MUNICIPALITY OF GARCIA HERNANDEZ',NULL,NULL,NULL,NULL,NULL,NULL,'WM-3282a7e8:18a07f75359:-72f0','RESIDENTIAL',1,NULL,'07','[]','ACTIVE',NULL,NULL,NULL),('WACCT-71354bce:189f6f8c594:-7fc7','1702-MADELO, DARIO 2','IND4897be9a:150fe27e631:-5b50','1702-MADELO, DARIO 2','local','047220022','MANABA','MANABA,MUNICIPALITY OF GARCIA HERNANDEZ,BOHOL',NULL,'BOHOL','MUNICIPALITY OF GARCIA HERNANDEZ',NULL,NULL,NULL,NULL,NULL,NULL,'WMfe87b2e:18a2b3ea51e:-2d01','RESIDENTIAL',1,NULL,'07','[]','ACTIVE',NULL,NULL,NULL),('WACCT-71354bce:189f6f8c594:-7fc8','1386-MADELO, DARIO 1','IND4897be9a:150fe27e631:-4e26','1386-MADELO, DARIO 1','local','047220022','MANABA','MANABA,MUNICIPALITY OF GARCIA HERNANDEZ,BOHOL',NULL,'BOHOL','MUNICIPALITY OF GARCIA HERNANDEZ',NULL,NULL,NULL,NULL,NULL,NULL,'WM-3282a7e8:18a07f75359:-7109','RESIDENTIAL',1,NULL,'07','[]','ACTIVE',NULL,NULL,NULL),('WACCT-71354bce:189f6f8c594:-7fc9','1384-LOFRANCO, ALLAN','IND4897be9a:150fe27e631:-4e83','1384-LOFRANCO, ALLAN','local','047220022','MANABA','MANABA,MUNICIPALITY OF GARCIA HERNANDEZ,BOHOL',NULL,'BOHOL','MUNICIPALITY OF GARCIA HERNANDEZ',NULL,NULL,NULL,NULL,NULL,NULL,'WM-3282a7e8:18a07f75359:-7159','RESIDENTIAL',1,NULL,'07','[]','ACTIVE',NULL,NULL,NULL),('WACCT-71354bce:189f6f8c594:-7fca','1380-OCLARIT, ENRIQUETA','IND4897be9a:150fe27e631:-4f3d','1380-OCLARIT, ENRIQUETA','local','047220022','MANABA','MANABA,MUNICIPALITY OF GARCIA HERNANDEZ,BOHOL',NULL,'BOHOL','MUNICIPALITY OF GARCIA HERNANDEZ',NULL,NULL,NULL,NULL,NULL,NULL,'WM-3282a7e8:18a07f75359:-7443','RESIDENTIAL',1,NULL,'04','[]','ACTIVE',NULL,NULL,NULL),('WACCT-71354bce:189f6f8c594:-7fcb','2049-SEBLA, LORENA','INDffd1f53:15fc22ba331:-7f2f','2049-SEBLA, LORENA','local','047220022','MANABA','MANABA,MUNICIPALITY OF GARCIA HERNANDEZ,BOHOL',NULL,'BOHOL','MUNICIPALITY OF GARCIA HERNANDEZ',NULL,NULL,NULL,NULL,NULL,NULL,'WMfe87b2e:18a2bb5aaf6:-7c94','RESIDENTIAL',1,NULL,'04','[]','ACTIVE',NULL,NULL,NULL),('WACCT-71354bce:189f6f8c594:-7fcc','2343-VIRADOR, PEDRITA','IND-2c2f8752:184a282ac2e:-7e1b','2343-VIRADOR, PEDRITA','local','047220022','MANABA','MANABA,MUNICIPALITY OF GARCIA HERNANDEZ,BOHOL',NULL,'BOHOL','MUNICIPALITY OF GARCIA HERNANDEZ',NULL,NULL,NULL,NULL,NULL,NULL,'WMbe12291:18a3fa9b053:1543','RESIDENTIAL',1,NULL,'04','[]','ACTIVE',NULL,NULL,NULL),('WACCT-71354bce:189f6f8c594:-7fcd','2315-YANA, VILLA','IND-36da16c:1800211158c:-7e07','2315-YANA, VILLA','local','047220022','MANABA','MANABA,MUNICIPALITY OF GARCIA HERNANDEZ,BOHOL',NULL,'BOHOL','MUNICIPALITY OF GARCIA HERNANDEZ',NULL,NULL,NULL,NULL,NULL,NULL,'WMbe12291:18a3fa9b053:4b1','RESIDENTIAL',1,NULL,'04','[]','ACTIVE',NULL,NULL,NULL),('WACCT-71354bce:189f6f8c594:-7fce','1374-MACUSE, CLEMENTE','IND4897be9a:150fe27e631:-51fb','1374-MACUSE, CLEMENTE','local','047220022','MANABA','MANABA,MUNICIPALITY OF GARCIA HERNANDEZ,BOHOL',NULL,'BOHOL','MUNICIPALITY OF GARCIA HERNANDEZ',NULL,NULL,NULL,NULL,NULL,NULL,'WM-3282a7e8:18a07f75359:-7696','RESIDENTIAL',1,NULL,'04','[]','ACTIVE',NULL,NULL,NULL),('WACCT-71354bce:189f6f8c594:-7fcf','1375-VIRADOR, NONATO','IND4897be9a:150fe27e631:-519e','1375-VIRADOR, NONATO','local','047220022','MANABA','MANABA,MUNICIPALITY OF GARCIA HERNANDEZ,BOHOL',NULL,'BOHOL','MUNICIPALITY OF GARCIA HERNANDEZ',NULL,NULL,NULL,NULL,NULL,NULL,'WM-3282a7e8:18a07f75359:-757c','RESIDENTIAL',1,NULL,'04','[]','ACTIVE',NULL,NULL,NULL),('WACCT-71354bce:189f6f8c594:-7fd0','1427-SIBLA, LEONIDES','IND4897be9a:150fe27e631:-5008','1427-SIBLA, LEONIDES','local','047220022','MANABA','MANABA,MUNICIPALITY OF GARCIA HERNANDEZ,BOHOL',NULL,'BOHOL','MUNICIPALITY OF GARCIA HERNANDEZ',NULL,NULL,NULL,NULL,NULL,NULL,'WM-3282a7e8:18a07f75359:-68bd','RESIDENTIAL',1,NULL,'04','[]','ACTIVE',NULL,NULL,NULL),('WACCT-71354bce:189f6f8c594:-7fd1','1376-YANA, CYRIL','IND4897be9a:150fe27e631:-5130','1376-YANA, CYRIL','local','047220022','MANABA','MANABA,MUNICIPALITY OF GARCIA HERNANDEZ,BOHOL',NULL,'BOHOL','MUNICIPALITY OF GARCIA HERNANDEZ',NULL,NULL,NULL,NULL,NULL,NULL,'WM-3282a7e8:18a07f75359:-7539','RESIDENTIAL',1,NULL,'04','[]','ACTIVE',NULL,NULL,NULL),('WACCT-71354bce:189f6f8c594:-7fd2','2359-CASTILLON, MA. FE 2','IND-55a0445f:186ca3461fc:-7a8a','2359-CASTILLON, MA. FE 2','local','047220022','MANABA','MANABA,MUNICIPALITY OF GARCIA HERNANDEZ,BOHOL',NULL,'BOHOL','MUNICIPALITY OF GARCIA HERNANDEZ',NULL,NULL,NULL,NULL,NULL,NULL,'WMbe12291:18a3fa9b053:23e8','RESIDENTIAL',1,NULL,'04','[]','ACTIVE',NULL,NULL,NULL),('WACCT-71354bce:189f6f8c594:-7fd3','2352-MACUSE, JOY','IND-60edbbc7:185be1f25e3:-7556','2352-MACUSE, JOY','local','047220022','MANABA','MANABA,MUNICIPALITY OF GARCIA HERNANDEZ,BOHOL',NULL,'BOHOL','MUNICIPALITY OF GARCIA HERNANDEZ',NULL,NULL,NULL,NULL,NULL,NULL,'WMbe12291:18a3fa9b053:1d01','RESIDENTIAL',1,NULL,'04','[]','ACTIVE',NULL,NULL,NULL),('WACCT-71354bce:189f6f8c594:-7fd4','1377-GIBAGA, URSULA','IND4897be9a:150fe27e631:-50d3','1377-GIBAGA, URSULA','local','047220022','MANABA','MANABA,MUNICIPALITY OF GARCIA HERNANDEZ,BOHOL',NULL,'BOHOL','MUNICIPALITY OF GARCIA HERNANDEZ',NULL,NULL,NULL,NULL,NULL,NULL,'WM-3282a7e8:18a07f75359:-7510','RESIDENTIAL',1,NULL,'04','[]','ACTIVE',NULL,NULL,NULL),('WACCT-71354bce:189f6f8c594:-7fd5','1378-TADLAS, ARIEL','IND4897be9a:150fe27e631:-5076','1378-TADLAS, ARIEL','local','047220022','MANABA','MANABA,MUNICIPALITY OF GARCIA HERNANDEZ,BOHOL',NULL,'BOHOL','MUNICIPALITY OF GARCIA HERNANDEZ',NULL,NULL,NULL,NULL,NULL,NULL,'WM-3282a7e8:18a07f75359:-74d7','RESIDENTIAL',1,NULL,'04','[]','ACTIVE',NULL,NULL,NULL),('WACCT-71354bce:189f6f8c594:-7fd6','1379-VIRADOR, PRISCO','IND4897be9a:150fe27e631:-4fab','1379-VIRADOR, PRISCO','local','047220022','MANABA','MANABA,MUNICIPALITY OF GARCIA HERNANDEZ,BOHOL',NULL,'BOHOL','MUNICIPALITY OF GARCIA HERNANDEZ',NULL,NULL,NULL,NULL,NULL,NULL,'WM-3282a7e8:18a07f75359:-746d','RESIDENTIAL',1,NULL,'04','[]','ACTIVE',NULL,NULL,NULL),('WACCT-71354bce:189f6f8c594:-7fd7','1373-MACUSE, VALERIO','IND4897be9a:150fe27e631:-5258','1373-MACUSE, VALERIO','local','047220022','MANABA','MANABA,MUNICIPALITY OF GARCIA HERNANDEZ,BOHOL',NULL,'BOHOL','MUNICIPALITY OF GARCIA HERNANDEZ',NULL,NULL,NULL,NULL,NULL,NULL,'WM-3282a7e8:18a07f75359:-76d0','RESIDENTIAL',1,NULL,'04','[]','ACTIVE',NULL,NULL,NULL),('WACCT-71354bce:189f6f8c594:-7fd8','2054-AMPLAYO, MARIA VIRGIE','IND20ad8574:15bb1dc9611:-7a2d','2054-AMPLAYO, MARIA VIRGIE','local','047220022','MANABA','MANABA,MUNICIPALITY OF GARCIA HERNANDEZ,BOHOL',NULL,'BOHOL','MUNICIPALITY OF GARCIA HERNANDEZ',NULL,NULL,NULL,NULL,NULL,NULL,'WMfe87b2e:18a2bb5aaf6:-7578','RESIDENTIAL',1,NULL,'04','[]','ACTIVE',NULL,NULL,NULL),('WACCT-71354bce:189f6f8c594:-7fd9','2028-VALDESIS, CONCEPCION','IND754aaa27:15695ce35d1:-7ff4','2028-VALDESIS, CONCEPCION','local','047220022','MANABA','MANABA,MUNICIPALITY OF GARCIA HERNANDEZ,BOHOL',NULL,'BOHOL','MUNICIPALITY OF GARCIA HERNANDEZ',NULL,NULL,NULL,NULL,NULL,NULL,'WMfe87b2e:18a2b3ea51e:71e4','RESIDENTIAL',1,NULL,'04','[]','ACTIVE',NULL,NULL,NULL),('WACCT-71354bce:189f6f8c594:-7fda','1372-DELA PEA, PATERNO','IND4897be9a:150fe27e631:-52b5','1372-DELA PEA, PATERNO','local','047220022','MANABA','MANABA,MUNICIPALITY OF GARCIA HERNANDEZ,BOHOL',NULL,'BOHOL','MUNICIPALITY OF GARCIA HERNANDEZ',NULL,NULL,NULL,NULL,NULL,NULL,'WM-3282a7e8:18a07f75359:-76f7','RESIDENTIAL',1,NULL,'04','[]','ACTIVE',NULL,NULL,NULL),('WACCT-71354bce:189f6f8c594:-7fdb','1370-VIRADOR, MATIAS','IND4897be9a:150fe27e631:-536f','1370-VIRADOR, MATIAS','local','047220022','MANABA','MANABA,MUNICIPALITY OF GARCIA HERNANDEZ,BOHOL',NULL,'BOHOL','MUNICIPALITY OF GARCIA HERNANDEZ',NULL,NULL,NULL,NULL,NULL,NULL,'WM-3282a7e8:18a07f75359:-771e','RESIDENTIAL',1,NULL,'04','[]','ACTIVE',NULL,NULL,NULL),('WACCT-71354bce:189f6f8c594:-7fdc','2305-JAMERO, KYLE','IND42792ebc:17e65b6379a:-7e1b','2305-JAMERO, KYLE','local','047220022','MANABA','MANABA,MUNICIPALITY OF GARCIA HERNANDEZ,BOHOL',NULL,'BOHOL','MUNICIPALITY OF GARCIA HERNANDEZ',NULL,NULL,NULL,NULL,NULL,NULL,'WMbe12291:18a3fa9b053:-2d','RESIDENTIAL',1,NULL,'04','[]','ACTIVE',NULL,NULL,NULL),('WACCT-71354bce:189f6f8c594:-7fdd','2158-CASTILLON, MA. FE','IND5ce5b319:16cff3f0d40:-7a65','2158-CASTILLON, MA. FE','local','047220022','MANABA','MANABA,MUNICIPALITY OF GARCIA HERNANDEZ,BOHOL',NULL,'BOHOL','MUNICIPALITY OF GARCIA HERNANDEZ',NULL,NULL,NULL,NULL,NULL,NULL,'WMbe12291:18a3fa9b053:-4ec2','RESIDENTIAL',1,NULL,'04','[]','ACTIVE',NULL,NULL,NULL),('WACCT-71354bce:189f6f8c594:-7fde','1970-CADERAO, NICASIO','IND4897be9a:150fe27e631:-4ee0','1970-CADERAO, NICASIO','local','047220022','MANABA','MANABA,MUNICIPALITY OF GARCIA HERNANDEZ,BOHOL',NULL,'BOHOL','MUNICIPALITY OF GARCIA HERNANDEZ',NULL,NULL,NULL,NULL,NULL,NULL,'WMfe87b2e:18a2b3ea51e:433e','RESIDENTIAL',1,NULL,'04','[]','ACTIVE',NULL,NULL,NULL),('WACCT-71354bce:189f6f8c594:-7fdf','2369-PAILAGAO, LORDY','IND-47b784fc:18847121cc2:-7dc4','2369-PAILAGAO, LORDY','local','047220022','MANABA','MANABA,MUNICIPALITY OF GARCIA HERNANDEZ,BOHOL',NULL,'BOHOL','MUNICIPALITY OF GARCIA HERNANDEZ',NULL,NULL,NULL,NULL,NULL,NULL,'WMbe12291:18a3fa9b053:2d42','RESIDENTIAL',1,NULL,'04','[]','ACTIVE',NULL,NULL,NULL),('WACCT-71354bce:189f6f8c594:-7fe0','1368-YANA, LEONARDO','IND4897be9a:150fe27e631:-5429','1368-YANA, LEONARDO','local','047220022','MANABA','MANABA,MUNICIPALITY OF GARCIA HERNANDEZ,BOHOL',NULL,'BOHOL','MUNICIPALITY OF GARCIA HERNANDEZ',NULL,NULL,NULL,NULL,NULL,NULL,'WM-3282a7e8:18a07f75359:-776c','RESIDENTIAL',1,NULL,'04','[]','ACTIVE',NULL,NULL,NULL),('WACCT-71354bce:189f6f8c594:-7fe1','1369-CARCALLAS, NOEL','IND4897be9a:150fe27e631:-5486','1369-CARCALLAS, NOEL','local','047220022','MANABA','MANABA,MUNICIPALITY OF GARCIA HERNANDEZ,BOHOL',NULL,'BOHOL','MUNICIPALITY OF GARCIA HERNANDEZ',NULL,NULL,NULL,NULL,NULL,NULL,'WM-3282a7e8:18a07f75359:-7745','RESIDENTIAL',1,NULL,'04','[]','ACTIVE',NULL,NULL,NULL),('WACCT-71354bce:189f6f8c594:-7fe2','2094-CARCALLAS, CHRISTIAN ANGEL MACUSE','IND-54f22213:16289ef4896:-7e7a','2094-CARCALLAS, CHRISTIAN ANGEL MACUSE','local','047220022','MANABA','MANABA,MUNICIPALITY OF GARCIA HERNANDEZ,BOHOL',NULL,'BOHOL','MUNICIPALITY OF GARCIA HERNANDEZ',NULL,NULL,NULL,NULL,NULL,NULL,'WM253d93cf:18a3fa48cff:-79db','RESIDENTIAL',1,NULL,'04','[]','ACTIVE',NULL,NULL,NULL),('WACCT-71354bce:189f6f8c594:-7fe3','1365-SIBLA, GEMMA','IND4897be9a:150fe27e631:-54e3','1365-SIBLA, GEMMA','local','047220022','MANABA','MANABA,MUNICIPALITY OF GARCIA HERNANDEZ,BOHOL',NULL,'BOHOL','MUNICIPALITY OF GARCIA HERNANDEZ',NULL,NULL,NULL,NULL,NULL,NULL,'WM-3282a7e8:18a07f75359:-77e1','RESIDENTIAL',1,NULL,'04','[]','ACTIVE',NULL,NULL,NULL),('WACCT-71354bce:189f6f8c594:-7fe4','1366-VIRADOR, VIRGINIA','IND-267bc127:150ff955a22:-78b9','1366-VIRADOR, VIRGINIA','local','047220022','MANABA','MANABA,MUNICIPALITY OF GARCIA HERNANDEZ,BOHOL',NULL,'BOHOL','MUNICIPALITY OF GARCIA HERNANDEZ',NULL,NULL,NULL,NULL,NULL,NULL,'WM-3282a7e8:18a07f75359:-77ba','RESIDENTIAL',1,NULL,'04','[]','ACTIVE',NULL,NULL,NULL),('WACCT-71354bce:189f6f8c594:-7fe5','1367-NALDOZA, JAIME','IND-267bc127:150ff955a22:-7916','1367-NALDOZA, JAIME','local','047220022','MANABA','MANABA,MUNICIPALITY OF GARCIA HERNANDEZ,BOHOL',NULL,'BOHOL','MUNICIPALITY OF GARCIA HERNANDEZ',NULL,NULL,NULL,NULL,NULL,NULL,'WM-3282a7e8:18a07f75359:-7793','RESIDENTIAL',1,NULL,'04','[]','ACTIVE',NULL,NULL,NULL),('WACCT-71354bce:189f6f8c594:-7fe6','2128-CORREOS, DEOGRACIAS','IND53db7595:16896febb29:-7ff4','2128-CORREOS, DEOGRACIAS','local','047220022','MANABA','MANABA,MUNICIPALITY OF GARCIA HERNANDEZ,BOHOL',NULL,'BOHOL','MUNICIPALITY OF GARCIA HERNANDEZ',NULL,NULL,NULL,NULL,NULL,NULL,'WMbe12291:18a3fa9b053:-67ed','RESIDENTIAL',1,NULL,'04','[]','ACTIVE',NULL,NULL,NULL),('WACCT-71354bce:189f6f8c594:-7fe7','2149-OMAA, MARK ANTHONY','IND6a1c14a4:16ad2a89042:-7e18','2149-OMAA, MARK ANTHONY','local','047220022','MANABA','MANABA,MUNICIPALITY OF GARCIA HERNANDEZ,BOHOL',NULL,'BOHOL','MUNICIPALITY OF GARCIA HERNANDEZ',NULL,NULL,NULL,NULL,NULL,NULL,'WMbe12291:18a3fa9b053:-5643','RESIDENTIAL',1,NULL,'04','[]','ACTIVE',NULL,NULL,NULL),('WACCT-71354bce:189f6f8c594:-7fe8','2089-MACUSE, JOSEPH ACO','IND-6d37b1da:161abbde092:-7ebd','2089-MACUSE, JOSEPH ACO','local','047220022','MANABA','MANABA,MUNICIPALITY OF GARCIA HERNANDEZ,BOHOL',NULL,'BOHOL','MUNICIPALITY OF GARCIA HERNANDEZ',NULL,NULL,NULL,NULL,NULL,NULL,'WMfe87b2e:18a2bb5aaf6:-6503','RESIDENTIAL',1,NULL,'04','[]','ACTIVE',NULL,NULL,NULL),('WACCT-71354bce:189f6f8c594:-7fe9','1324-JAMITO, ROLANDO','IND1eca1513:15184124957:-5826','1324-JAMITO, ROLANDO','local','047220022','MANABA','MANABA,MUNICIPALITY OF GARCIA HERNANDEZ,BOHOL',NULL,'BOHOL','MUNICIPALITY OF GARCIA HERNANDEZ',NULL,NULL,NULL,NULL,NULL,NULL,'WM-3282a7e8:18a07f75359:-7d84','RESIDENTIAL',1,NULL,'04','[]','ACTIVE',NULL,NULL,NULL),('WACCT-71354bce:189f6f8c594:-7fea','1358-LADAGA, DULCE','IND-267bc127:150ff955a22:-7973','1358-LADAGA, DULCE','local','047220022','MANABA','MANABA,MUNICIPALITY OF GARCIA HERNANDEZ,BOHOL',NULL,'BOHOL','MUNICIPALITY OF GARCIA HERNANDEZ',NULL,NULL,NULL,NULL,NULL,NULL,'WM-3282a7e8:18a07f75359:-78f2','RESIDENTIAL',1,NULL,'04','[]','ACTIVE',NULL,NULL,NULL),('WACCT-71354bce:189f6f8c594:-7feb','1357-SAGUSAY, PABLO','IND-267bc127:150ff955a22:-79d0','1357-SAGUSAY, PABLO','local','047220022','MANABA','MANABA,MUNICIPALITY OF GARCIA HERNANDEZ,BOHOL',NULL,'BOHOL','MUNICIPALITY OF GARCIA HERNANDEZ',NULL,NULL,NULL,NULL,NULL,NULL,'WM-3282a7e8:18a07f75359:-7919','RESIDENTIAL',1,NULL,'04','[]','ACTIVE',NULL,NULL,NULL),('WACCT-71354bce:189f6f8c594:-7fec','2214-AUGUIS, ALMA','IND-77f9760b:17273887a99:-792c','2214-AUGUIS, ALMA','local','047220022','MANABA','MANABA,MUNICIPALITY OF GARCIA HERNANDEZ,BOHOL',NULL,'BOHOL','MUNICIPALITY OF GARCIA HERNANDEZ',NULL,NULL,NULL,NULL,NULL,NULL,'WMbe12291:18a3fa9b053:-370f','RESIDENTIAL',1,NULL,'04','[]','ACTIVE',NULL,NULL,NULL),('WACCT-71354bce:189f6f8c594:-7fed','1355-VERAN, DIOSCORO','IND-267bc127:150ff955a22:-7a3e','1355-VERAN, DIOSCORO','local','047220022','MANABA','MANABA,MUNICIPALITY OF GARCIA HERNANDEZ,BOHOL',NULL,'BOHOL','MUNICIPALITY OF GARCIA HERNANDEZ',NULL,NULL,NULL,NULL,NULL,NULL,'WM-3282a7e8:18a07f75359:-7967','RESIDENTIAL',1,NULL,'04','[]','ACTIVE',NULL,NULL,NULL),('WACCT-71354bce:189f6f8c594:-7fee','1356-VERAN, EPIFANIO','IND-267bc127:150ff955a22:-7a9b','1356-VERAN, EPIFANIO','local','047220022','MANABA','MANABA,MUNICIPALITY OF GARCIA HERNANDEZ,BOHOL',NULL,'BOHOL','MUNICIPALITY OF GARCIA HERNANDEZ',NULL,NULL,NULL,NULL,NULL,NULL,'WM-3282a7e8:18a07f75359:-7940','RESIDENTIAL',1,NULL,'04','[]','ACTIVE',NULL,NULL,NULL),('WACCT-71354bce:189f6f8c594:-7fef','1692-GAMUTIN, FRANCISCO','IND-267bc127:150ff955a22:-7af8','1692-GAMUTIN, FRANCISCO','local','047220022','MANABA','MANABA,MUNICIPALITY OF GARCIA HERNANDEZ,BOHOL',NULL,'BOHOL','MUNICIPALITY OF GARCIA HERNANDEZ',NULL,NULL,NULL,NULL,NULL,NULL,'WMfe87b2e:18a2b3ea51e:-3532','RESIDENTIAL',1,NULL,'04','[]','ACTIVE',NULL,NULL,NULL),('WACCT-71354bce:189f6f8c594:-7ff0','1352-GALBO, JUAN','IND-267bc127:150ff955a22:-7b55','1352-GALBO, JUAN','local','047220022','MANABA','MANABA,MUNICIPALITY OF GARCIA HERNANDEZ,BOHOL',NULL,'BOHOL','MUNICIPALITY OF GARCIA HERNANDEZ',NULL,NULL,NULL,NULL,NULL,NULL,'WM-3282a7e8:18a07f75359:-79dc','RESIDENTIAL',1,NULL,'04','[]','ACTIVE',NULL,NULL,NULL),('WACCT-71354bce:189f6f8c594:-7ff1','1353-GALBO, JOSELITO','IND-267bc127:150ff955a22:-7bb2','1353-GALBO, JOSELITO','local','047220022','MANABA','MANABA,MUNICIPALITY OF GARCIA HERNANDEZ,BOHOL',NULL,'BOHOL','MUNICIPALITY OF GARCIA HERNANDEZ',NULL,NULL,NULL,NULL,NULL,NULL,'WM-3282a7e8:18a07f75359:-79b5','RESIDENTIAL',1,NULL,'04','[]','ACTIVE',NULL,NULL,NULL),('WACCT-71354bce:189f6f8c594:-7ff2','1351-BATULAN, EDITHA','IND-267bc127:150ff955a22:-7c19','1351-BATULAN, EDITHA','local','047220022','MANABA','MANABA,MUNICIPALITY OF GARCIA HERNANDEZ,BOHOL',NULL,'BOHOL','MUNICIPALITY OF GARCIA HERNANDEZ',NULL,NULL,NULL,NULL,NULL,NULL,'WM-3282a7e8:18a07f75359:-7a03','RESIDENTIAL',1,NULL,'04','[]','ACTIVE',NULL,NULL,NULL),('WACCT-71354bce:189f6f8c594:-7ff3','1350-SIBLA, PATERNA','IND-267bc127:150ff955a22:-7c76','1350-SIBLA, PATERNA','local','047220022','MANABA','MANABA,MUNICIPALITY OF GARCIA HERNANDEZ,BOHOL',NULL,'BOHOL','MUNICIPALITY OF GARCIA HERNANDEZ',NULL,NULL,NULL,NULL,NULL,NULL,'WM-3282a7e8:18a07f75359:-7a2a','RESIDENTIAL',1,NULL,'04','[]','ACTIVE',NULL,NULL,NULL),('WACCT-71354bce:189f6f8c594:-7ff4','1562-SIBLA, BEBITO 1','IND-267bc127:150ff955a22:-7cd4','1562-SIBLA, BEBITO 1','local','047220022','MANABA','MANABA,MUNICIPALITY OF GARCIA HERNANDEZ,BOHOL',NULL,'BOHOL','MUNICIPALITY OF GARCIA HERNANDEZ',NULL,NULL,NULL,NULL,NULL,NULL,'WMfe87b2e:18a2b3ea51e:-5bc5','RESIDENTIAL',1,NULL,'04','[]','ACTIVE',NULL,NULL,NULL),('WACCT-71354bce:189f6f8c594:-7ff5','1359-SIBLA, DEMOCRITO II','IND-267bc127:150ff955a22:-7d8e','1359-SIBLA, DEMOCRITO II','local','047220022','MANABA','MANABA,MUNICIPALITY OF GARCIA HERNANDEZ,BOHOL',NULL,'BOHOL','MUNICIPALITY OF GARCIA HERNANDEZ',NULL,NULL,NULL,NULL,NULL,NULL,'WM-3282a7e8:18a07f75359:-78cb','RESIDENTIAL',1,NULL,'04','[]','ACTIVE',NULL,NULL,NULL),('WACCT-71354bce:189f6f8c594:-7ff6','1347-GALEMBA, RAFAEL','IND-267bc127:150ff955a22:-7d31','1347-GALEMBA, RAFAEL','local','047220022','MANABA','MANABA,MUNICIPALITY OF GARCIA HERNANDEZ,BOHOL',NULL,'BOHOL','MUNICIPALITY OF GARCIA HERNANDEZ',NULL,NULL,NULL,NULL,NULL,NULL,'WM-3282a7e8:18a07f75359:-7a9f','RESIDENTIAL',1,NULL,'04','[]','ACTIVE',NULL,NULL,NULL),('WACCT-71354bce:189f6f8c594:-7ff7','2337-SEBLA, JESSELLE','IND5822cb75:183aaa9818c:-7dcc','2337-SEBLA, JESSELLE','local','047220022','MANABA','MANABA,MUNICIPALITY OF GARCIA HERNANDEZ,BOHOL',NULL,'BOHOL','MUNICIPALITY OF GARCIA HERNANDEZ',NULL,NULL,NULL,NULL,NULL,NULL,'WMbe12291:18a3fa9b053:1336','RESIDENTIAL',1,NULL,'04','[]','ACTIVE',NULL,NULL,NULL),('WACCT-71354bce:189f6f8c594:-7ff8','2282- DAJALOS, FE','IND-19e42dde:17df9366bcc:-1a9f','2282- DAJALOS, FE','local','047220022','MANABA','MANABA,MUNICIPALITY OF GARCIA HERNANDEZ,BOHOL',NULL,'BOHOL','MUNICIPALITY OF GARCIA HERNANDEZ',NULL,NULL,NULL,NULL,NULL,NULL,'WMbe12291:18a3fa9b053:-146b','COMMERCIAL',1,NULL,'04','[]','ACTIVE',NULL,NULL,NULL),('WACCT-71354bce:189f6f8c594:-7ff9','1619-VERAN, ROMANITA','IND470ca2ba:150ffe593c3:-7b57','1619-VERAN, ROMANITA','local','047220022','MANABA','MANABA,MUNICIPALITY OF GARCIA HERNANDEZ,BOHOL',NULL,'BOHOL','MUNICIPALITY OF GARCIA HERNANDEZ',NULL,NULL,NULL,NULL,NULL,NULL,'WMfe87b2e:18a2b3ea51e:-4caf','RESIDENTIAL',1,NULL,'04','[]','ACTIVE',NULL,NULL,NULL),('WACCT-71354bce:189f6f8c594:-7ffa','1346-SALAZAR, PETER','IND470ca2ba:150ffe593c3:-7afa','1346-SALAZAR, PETER','local','047220022','MANABA','MANABA,MUNICIPALITY OF GARCIA HERNANDEZ,BOHOL',NULL,'BOHOL','MUNICIPALITY OF GARCIA HERNANDEZ',NULL,NULL,NULL,NULL,NULL,NULL,'WM-3282a7e8:18a07f75359:-7ac6','RESIDENTIAL',1,NULL,'04','[]','ACTIVE',NULL,NULL,NULL),('WACCT-71354bce:189f6f8c594:-7ffb','1345-SALAZAR, NIEVES','IND470ca2ba:150ffe593c3:-7a9d','1345-SALAZAR, NIEVES','local','047220022','MANABA','MANABA,MUNICIPALITY OF GARCIA HERNANDEZ,BOHOL',NULL,'BOHOL','MUNICIPALITY OF GARCIA HERNANDEZ',NULL,NULL,NULL,NULL,NULL,NULL,'WM-3282a7e8:18a07f75359:-7aed','RESIDENTIAL',1,NULL,'04','[]','ACTIVE',NULL,NULL,NULL),('WACCT-71354bce:189f6f8c594:-7ffc','2148-IGUBAN, ELVIRA','IND6a1c14a4:16ad2a89042:-7ead','2148-IGUBAN, ELVIRA','local','047220022','MANABA','MANABA,MUNICIPALITY OF GARCIA HERNANDEZ,BOHOL',NULL,'BOHOL','MUNICIPALITY OF GARCIA HERNANDEZ',NULL,NULL,NULL,NULL,NULL,NULL,'WMbe12291:18a3fa9b053:-5871','RESIDENTIAL',1,NULL,'04','[]','ACTIVE',NULL,NULL,NULL),('WACCT-71354bce:189f6f8c594:-7ffd','1343-GALIDO, SIMEONA','IND470ca2ba:150ffe593c3:-79d2','1343-GALIDO, SIMEONA','local','047220022','MANABA','MANABA,MUNICIPALITY OF GARCIA HERNANDEZ,BOHOL',NULL,'BOHOL','MUNICIPALITY OF GARCIA HERNANDEZ',NULL,NULL,NULL,NULL,NULL,NULL,'WM-3282a7e8:18a07f75359:-7b3b','COMMERCIAL',1,NULL,'04','[]','ACTIVE',NULL,NULL,NULL),('WACCT-71354bce:189f6f8c594:-7ffe','1344-VIRADOR, VICENTE','IND470ca2ba:150ffe593c3:-7a2f','1344-VIRADOR, VICENTE','local','047220022','MANABA','MANABA,MUNICIPALITY OF GARCIA HERNANDEZ,BOHOL',NULL,'BOHOL','MUNICIPALITY OF GARCIA HERNANDEZ',NULL,NULL,NULL,NULL,NULL,NULL,'WM-3282a7e8:18a07f75359:-7b14','RESIDENTIAL',1,NULL,'04','[]','ACTIVE',NULL,NULL,NULL),('WACCT-71354bce:189f6f8c594:-7fff','1342-ACO, LINA','IND470ca2ba:150ffe593c3:-7964','1342-ACO, LINA','local','047220022','MANABA','MANABA,MUNICIPALITY OF GARCIA HERNANDEZ,BOHOL',NULL,'BOHOL','MUNICIPALITY OF GARCIA HERNANDEZ',NULL,NULL,NULL,NULL,NULL,NULL,'WM-3282a7e8:18a07f75359:-7b62','RESIDENTIAL',1,NULL,'04','[]','ACTIVE',NULL,NULL,NULL),('WACCT-71354bce:189f6f8c594:-8000','1341-SALARDA, FLORO','IND470ca2ba:150ffe593c3:-7907','1341-SALARDA, FLORO','local','047220022','MANABA','MANABA,MUNICIPALITY OF GARCIA HERNANDEZ,BOHOL',NULL,'BOHOL','MUNICIPALITY OF GARCIA HERNANDEZ',NULL,NULL,NULL,NULL,NULL,NULL,'WM-3282a7e8:18a07f75359:-7b89','RESIDENTIAL',1,NULL,'04','[]','ACTIVE',NULL,NULL,NULL),('WACCT-7440d19c:18a697a40ba:-7b3a','1096-GALIDO, VIRGILIO','IND27ff5e5f:150e991c109:-7177','1096-GALIDO, VIRGILIO','local','047220002','WEST-POBLACION','WEST-POBLACION,MUNICIPALITY OF GARCIA HERNANDEZ,BOHOL',NULL,'BOHOL','MUNICIPALITY OF GARCIA HERNANDEZ',NULL,NULL,NULL,NULL,NULL,NULL,NULL,'RESIDENTIAL',1,NULL,'002','[]',NULL,NULL,NULL,NULL),('WACCT-7440d19c:18a697a40ba:-7b3b','1095-ABUCEJO, EPIFANIA','IND27ff5e5f:150e991c109:-71d4','1095-ABUCEJO, EPIFANIA','local','047220002','WEST-POBLACION','WEST-POBLACION,MUNICIPALITY OF GARCIA HERNANDEZ,BOHOL',NULL,'BOHOL','MUNICIPALITY OF GARCIA HERNANDEZ',NULL,NULL,NULL,NULL,NULL,NULL,NULL,'RESIDENTIAL',1,NULL,'002','[]',NULL,NULL,NULL,NULL),('WACCT-7440d19c:18a697a40ba:-7b3c','1094-JAMERO, FELIPE','IND27ff5e5f:150e991c109:-7231','1094-JAMERO, FELIPE','local','047220002','WEST-POBLACION','WEST-POBLACION,MUNICIPALITY OF GARCIA HERNANDEZ,BOHOL',NULL,'BOHOL','MUNICIPALITY OF GARCIA HERNANDEZ',NULL,NULL,NULL,NULL,NULL,NULL,NULL,'RESIDENTIAL',1,NULL,'002','[]',NULL,NULL,NULL,NULL),('WACCT-7440d19c:18a697a40ba:-7b3d','1105-ALAAN, THELMA','IND27ff5e5f:150e991c109:-6eec','1105-ALAAN, THELMA','local','047220002','WEST-POBLACION','WEST-POBLACION,MUNICIPALITY OF GARCIA HERNANDEZ,BOHOL',NULL,'BOHOL','MUNICIPALITY OF GARCIA HERNANDEZ',NULL,NULL,NULL,NULL,NULL,NULL,NULL,'RESIDENTIAL',1,NULL,'002','[]',NULL,NULL,NULL,NULL),('WACCT-7440d19c:18a697a40ba:-7b3e','756-TADLIP, ALBERTO','IND3e8aac73:151b2776c18:-7e91','756-TADLIP, ALBERTO','local','047220021','MALINAO','MALINAO,MUNICIPALITY OF GARCIA HERNANDEZ,BOHOL',NULL,'BOHOL','MUNICIPALITY OF GARCIA HERNANDEZ',NULL,NULL,NULL,NULL,NULL,NULL,'WM2ede4148:18a6db038ea:-a68','RESIDENTIAL',1,NULL,'3','[]','ACTIVE',NULL,NULL,NULL),('WACCT-7440d19c:18a697a40ba:-7b3f','1093-ABUCEJO, RICARDO M.','IND27ff5e5f:150e991c109:-728e','1093-ABUCEJO, RICARDO M.','local','047220002','WEST-POBLACION','WEST-POBLACION,MUNICIPALITY OF GARCIA HERNANDEZ,BOHOL',NULL,'BOHOL','MUNICIPALITY OF GARCIA HERNANDEZ',NULL,NULL,NULL,NULL,NULL,NULL,NULL,'RESIDENTIAL',1,NULL,'002','[]',NULL,NULL,NULL,NULL),('WACCT-7440d19c:18a697a40ba:-7b40','1092-CASERES, MILAGROS','IND27ff5e5f:150e991c109:-7304','1092-CASERES, MILAGROS','local','047220002','WEST-POBLACION','WEST-POBLACION,MUNICIPALITY OF GARCIA HERNANDEZ,BOHOL',NULL,'BOHOL','MUNICIPALITY OF GARCIA HERNANDEZ',NULL,NULL,NULL,NULL,NULL,NULL,NULL,'RESIDENTIAL',1,NULL,'002','[]',NULL,NULL,NULL,NULL),('WACCT-7440d19c:18a697a40ba:-7b41','1868-SAJOT, RAYMUND','IND688d885a:152429834ff:-651d','1868-SAJOT, RAYMUND','local','047220021','MALINAO','MALINAO,MUNICIPALITY OF GARCIA HERNANDEZ,BOHOL',NULL,'BOHOL','MUNICIPALITY OF GARCIA HERNANDEZ',NULL,NULL,NULL,NULL,NULL,NULL,'WM2ede4148:18a6db038ea:-c00','RESIDENTIAL',1,NULL,'3','[]','ACTIVE',NULL,NULL,NULL),('WACCT-7440d19c:18a697a40ba:-7b42','1090-GALORPORT, ASTERIA','IND27ff5e5f:150e991c109:-73be','1090-GALORPORT, ASTERIA','local','047220002','WEST-POBLACION','WEST-POBLACION,MUNICIPALITY OF GARCIA HERNANDEZ,BOHOL',NULL,'BOHOL','MUNICIPALITY OF GARCIA HERNANDEZ',NULL,NULL,NULL,NULL,NULL,NULL,NULL,'RESIDENTIAL',1,NULL,'002','[]',NULL,NULL,NULL,NULL),('WACCT-7440d19c:18a697a40ba:-7b43','1575-LADESMA, ERMA PRAXEDES','IND5bfe6c28:15160d5ff30:-59e9','1575-LADESMA, ERMA PRAXEDES','local','047220002','WEST-POBLACION','WEST-POBLACION,MUNICIPALITY OF GARCIA HERNANDEZ,BOHOL',NULL,'BOHOL','MUNICIPALITY OF GARCIA HERNANDEZ',NULL,NULL,NULL,NULL,NULL,NULL,NULL,'RESIDENTIAL',1,NULL,'002','[]',NULL,NULL,NULL,NULL),('WACCT-7440d19c:18a697a40ba:-7b44','754-TADLIP, ESPERATO','IND-13a88021:1510db1f765:-7aec','754-TADLIP, ESPERATO','local','047220021','MALINAO','MALINAO,MUNICIPALITY OF GARCIA HERNANDEZ,BOHOL',NULL,'BOHOL','MUNICIPALITY OF GARCIA HERNANDEZ',NULL,NULL,NULL,NULL,NULL,NULL,'WM2ede4148:18a6db038ea:-e09','RESIDENTIAL',1,NULL,'3','[]','ACTIVE',NULL,NULL,NULL),('WACCT-7440d19c:18a697a40ba:-7b45','1088-LACHARON, MARIA','IND27ff5e5f:150e991c109:-741b','1088-LACHARON, MARIA','local','047220002','WEST-POBLACION','WEST-POBLACION,MUNICIPALITY OF GARCIA HERNANDEZ,BOHOL',NULL,'BOHOL','MUNICIPALITY OF GARCIA HERNANDEZ',NULL,NULL,NULL,NULL,NULL,NULL,NULL,'RESIDENTIAL',1,NULL,'002','[]',NULL,NULL,NULL,NULL),('WACCT-7440d19c:18a697a40ba:-7b46','753-TADLIP, VALERIANO','IND5de8061a:15407c22c54:-74b0','753-TADLIP, VALERIANO','local','047220021','MALINAO','MALINAO,MUNICIPALITY OF GARCIA HERNANDEZ,BOHOL',NULL,'BOHOL','MUNICIPALITY OF GARCIA HERNANDEZ',NULL,NULL,NULL,NULL,NULL,NULL,'WM2ede4148:18a6db038ea:-1006','RESIDENTIAL',1,NULL,'3','[]','ACTIVE',NULL,NULL,NULL),('WACCT-7440d19c:18a697a40ba:-7b47','1087-OLIS, GORGONIA','IND27ff5e5f:150e991c109:-7478','1087-OLIS, GORGONIA','local','047220002','WEST-POBLACION','WEST-POBLACION,MUNICIPALITY OF GARCIA HERNANDEZ,BOHOL',NULL,'BOHOL','MUNICIPALITY OF GARCIA HERNANDEZ',NULL,NULL,NULL,NULL,NULL,NULL,NULL,'RESIDENTIAL',1,NULL,'002','[]',NULL,NULL,NULL,NULL),('WACCT-7440d19c:18a697a40ba:-7b48','1086-MADRONA, IRENEO','IND27ff5e5f:150e991c109:-74d5','1086-MADRONA, IRENEO','local','047220002','WEST-POBLACION','WEST-POBLACION,MUNICIPALITY OF GARCIA HERNANDEZ,BOHOL',NULL,'BOHOL','MUNICIPALITY OF GARCIA HERNANDEZ',NULL,NULL,NULL,NULL,NULL,NULL,NULL,'RESIDENTIAL',1,NULL,'002','[]',NULL,NULL,NULL,NULL),('WACCT-7440d19c:18a697a40ba:-7b49','2316-REBLINCA, MARINA','IND-628bdc49:1803fd1f6f5:-7e07','2316-REBLINCA, MARINA','local','047220021','MALINAO','MALINAO,MUNICIPALITY OF GARCIA HERNANDEZ,BOHOL',NULL,'BOHOL','MUNICIPALITY OF GARCIA HERNANDEZ',NULL,NULL,NULL,NULL,NULL,NULL,'WM1681dc23:18a72a06590:-40f0','RESIDENTIAL',1,NULL,'3','[]','ACTIVE',NULL,NULL,NULL),('WACCT-7440d19c:18a697a40ba:-7b4a','1085-ACERO, LIBRADO','IND27ff5e5f:150e991c109:-7532','1085-ACERO, LIBRADO','local','047220002','WEST-POBLACION','WEST-POBLACION,MUNICIPALITY OF GARCIA HERNANDEZ,BOHOL',NULL,'BOHOL','MUNICIPALITY OF GARCIA HERNANDEZ',NULL,NULL,NULL,NULL,NULL,NULL,NULL,'RESIDENTIAL',1,NULL,'002','[]',NULL,NULL,NULL,NULL),('WACCT-7440d19c:18a697a40ba:-7b4b','2334-TADLIP, JIMMY','IND-627d06ea:1832f23c849:-7e1b','2334-TADLIP, JIMMY','local','047220021','MALINAO','MALINAO,MUNICIPALITY OF GARCIA HERNANDEZ,BOHOL',NULL,'BOHOL','MUNICIPALITY OF GARCIA HERNANDEZ',NULL,NULL,NULL,NULL,NULL,NULL,'WM2ede4148:18a6db038ea:-1809','RESIDENTIAL',1,NULL,'3','[]','ACTIVE',NULL,NULL,NULL),('WACCT-7440d19c:18a697a40ba:-7b4c','1084-ACLAN, CHARLIE','IND-238dbc5:1516531848d:-7610','1084-ACLAN, CHARLIE','local','047220002','WEST-POBLACION','WEST-POBLACION,MUNICIPALITY OF GARCIA HERNANDEZ,BOHOL',NULL,'BOHOL','MUNICIPALITY OF GARCIA HERNANDEZ',NULL,NULL,NULL,NULL,NULL,NULL,NULL,'RESIDENTIAL',1,NULL,'002','[]',NULL,NULL,NULL,NULL),('WACCT-7440d19c:18a697a40ba:-7b4f','1083-PFC, CONVENT','IND27ff5e5f:150e991c109:-75ae','1083-PFC, CONVENT','local','047220002','WEST-POBLACION','WEST-POBLACION,MUNICIPALITY OF GARCIA HERNANDEZ,BOHOL',NULL,'BOHOL','MUNICIPALITY OF GARCIA HERNANDEZ',NULL,NULL,NULL,NULL,NULL,NULL,NULL,'INSTITUTIONAL',1,NULL,'002','[]',NULL,NULL,NULL,NULL),('WACCT-7440d19c:18a697a40ba:-7b50','752-GALON, VICTOR','IND3e8aac73:151b2776c18:-7f12','752-GALON, VICTOR','local','047220021','MALINAO','MALINAO,MUNICIPALITY OF GARCIA HERNANDEZ,BOHOL',NULL,'BOHOL','MUNICIPALITY OF GARCIA HERNANDEZ',NULL,NULL,NULL,NULL,NULL,NULL,'WM2ede4148:18a6db038ea:-1a31','RESIDENTIAL',1,NULL,'3','[]','ACTIVE',NULL,NULL,NULL),('WACCT-7440d19c:18a697a40ba:-7b51','1857-GALGAO, MARGARITA','IND4fbe7443:1511e21774a:-78ac','1857-GALGAO, MARGARITA','local','047220002','WEST-POBLACION','WEST-POBLACION,MUNICIPALITY OF GARCIA HERNANDEZ,BOHOL',NULL,'BOHOL','MUNICIPALITY OF GARCIA HERNANDEZ',NULL,NULL,NULL,NULL,NULL,NULL,NULL,'RESIDENTIAL',1,NULL,'002','[]',NULL,NULL,NULL,NULL),('WACCT-7440d19c:18a697a40ba:-7b52','1082-GALGAO, CELSO','IND27ff5e5f:150e991c109:-7625','1082-GALGAO, CELSO','local','047220002','WEST-POBLACION','WEST-POBLACION,MUNICIPALITY OF GARCIA HERNANDEZ,BOHOL',NULL,'BOHOL','MUNICIPALITY OF GARCIA HERNANDEZ',NULL,NULL,NULL,NULL,NULL,NULL,NULL,'RESIDENTIAL',1,NULL,'002','[]',NULL,NULL,NULL,NULL),('WACCT-7440d19c:18a697a40ba:-7b53','1108-OCHAVILLO, JULIA WPOB','IND27ff5e5f:150e991c109:-6dc8','1108-OCHAVILLO, JULIA WPOB','local','047220002','WEST-POBLACION','WEST-POBLACION,MUNICIPALITY OF GARCIA HERNANDEZ,BOHOL',NULL,'BOHOL','MUNICIPALITY OF GARCIA HERNANDEZ',NULL,NULL,NULL,NULL,NULL,NULL,NULL,'RESIDENTIAL',1,NULL,'002','[]',NULL,NULL,NULL,NULL),('WACCT-7440d19c:18a697a40ba:-7b54','1107-OCHAVILLO, CORNELIO','IND27ff5e5f:150e991c109:-6e44','1107-OCHAVILLO, CORNELIO','local','047220002','WEST-POBLACION','WEST-POBLACION,MUNICIPALITY OF GARCIA HERNANDEZ,BOHOL',NULL,'BOHOL','MUNICIPALITY OF GARCIA HERNANDEZ',NULL,NULL,NULL,NULL,NULL,NULL,NULL,'RESIDENTIAL',1,NULL,'002','[]',NULL,NULL,NULL,NULL),('WACCT-7440d19c:18a697a40ba:-7b55','1106-OCHAVILLO, EUTIQUIANO','IND4cfd0b3:151c2490abb:-736a','1106-OCHAVILLO, EUTIQUIANO','local','047220002','WEST-POBLACION','WEST-POBLACION,MUNICIPALITY OF GARCIA HERNANDEZ,BOHOL',NULL,'BOHOL','MUNICIPALITY OF GARCIA HERNANDEZ',NULL,NULL,NULL,NULL,NULL,NULL,NULL,'RESIDENTIAL',1,NULL,'002','[]',NULL,NULL,NULL,NULL),('WACCT-7440d19c:18a697a40ba:-7b56','1081-MADELOZO, EMMA CONCEPCION','IND-238dbc5:1516531848d:-7698','1081-MADELOZO, EMMA CONCEPCION','local','047220002','WEST-POBLACION','WEST-POBLACION,MUNICIPALITY OF GARCIA HERNANDEZ,BOHOL',NULL,'BOHOL','MUNICIPALITY OF GARCIA HERNANDEZ',NULL,NULL,NULL,NULL,NULL,NULL,NULL,'RESIDENTIAL',1,NULL,'002','[]',NULL,NULL,NULL,NULL),('WACCT-7440d19c:18a697a40ba:-7b57','1080-LINAWAN, HIPOLITO','IND27ff5e5f:150e991c109:-7682','1080-LINAWAN, HIPOLITO','local','047220002','WEST-POBLACION','WEST-POBLACION,MUNICIPALITY OF GARCIA HERNANDEZ,BOHOL',NULL,'BOHOL','MUNICIPALITY OF GARCIA HERNANDEZ',NULL,NULL,NULL,NULL,NULL,NULL,NULL,'RESIDENTIAL',1,NULL,'002','[]',NULL,NULL,NULL,NULL),('WACCT-7440d19c:18a697a40ba:-7b58','1895-MADELO, JACINTA','IND4fbe7443:1511e21774a:-7744','1895-MADELO, JACINTA','local','047220002','WEST-POBLACION','WEST-POBLACION,MUNICIPALITY OF GARCIA HERNANDEZ,BOHOL',NULL,'BOHOL','MUNICIPALITY OF GARCIA HERNANDEZ',NULL,NULL,NULL,NULL,NULL,NULL,NULL,'RESIDENTIAL',1,NULL,'002','[]',NULL,NULL,NULL,NULL),('WACCT-7440d19c:18a697a40ba:-7b59','1079-PAHANG, JOSETTE','IND-238dbc5:1516531848d:-7728','1079-PAHANG, JOSETTE','local','047220002','WEST-POBLACION','WEST-POBLACION,MUNICIPALITY OF GARCIA HERNANDEZ,BOHOL',NULL,'BOHOL','MUNICIPALITY OF GARCIA HERNANDEZ',NULL,NULL,NULL,NULL,NULL,NULL,NULL,'RESIDENTIAL',1,NULL,'002','[]',NULL,NULL,NULL,NULL),('WACCT-7440d19c:18a697a40ba:-7b5a','1078-GALINDEZ, INOCENTES','IND27ff5e5f:150e991c109:-76e1','1078-GALINDEZ, INOCENTES','local','047220002','WEST-POBLACION','WEST-POBLACION,MUNICIPALITY OF GARCIA HERNANDEZ,BOHOL',NULL,'BOHOL','MUNICIPALITY OF GARCIA HERNANDEZ',NULL,NULL,NULL,NULL,NULL,NULL,NULL,'RESIDENTIAL',1,NULL,'002','[]',NULL,NULL,NULL,NULL),('WACCT-7440d19c:18a697a40ba:-7b5b','1077-GALEON, BIENVENIDO','IND5bfe6c28:15160d5ff30:-5595','1077-GALEON, BIENVENIDO','local','047220002','WEST-POBLACION','WEST-POBLACION,MUNICIPALITY OF GARCIA HERNANDEZ,BOHOL',NULL,'BOHOL','MUNICIPALITY OF GARCIA HERNANDEZ',NULL,NULL,NULL,NULL,NULL,NULL,NULL,'RESIDENTIAL',1,NULL,'002','[]',NULL,NULL,NULL,NULL),('WACCT-7440d19c:18a697a40ba:-7b5c','1076-GALEON, GERMAN','IND27ff5e5f:150e991c109:-774f','1076-GALEON, GERMAN','local','047220002','WEST-POBLACION','WEST-POBLACION,MUNICIPALITY OF GARCIA HERNANDEZ,BOHOL',NULL,'BOHOL','MUNICIPALITY OF GARCIA HERNANDEZ',NULL,NULL,NULL,NULL,NULL,NULL,NULL,'RESIDENTIAL',1,NULL,'002','[]',NULL,NULL,NULL,NULL),('WACCT-7440d19c:18a697a40ba:-7b5d','1075-BAGUHIN, TROADIO','IND27ff5e5f:150e991c109:-77ac','1075-BAGUHIN, TROADIO','local','047220002','WEST-POBLACION','WEST-POBLACION,MUNICIPALITY OF GARCIA HERNANDEZ,BOHOL',NULL,'BOHOL','MUNICIPALITY OF GARCIA HERNANDEZ',NULL,NULL,NULL,NULL,NULL,NULL,NULL,'RESIDENTIAL',1,NULL,'002','[]',NULL,NULL,NULL,NULL),('WACCT-7440d19c:18a697a40ba:-7b5e','1074-BALOLOT, JUAN','IND27ff5e5f:150e991c109:-7809','1074-BALOLOT, JUAN','local','047220002','WEST-POBLACION','WEST-POBLACION,MUNICIPALITY OF GARCIA HERNANDEZ,BOHOL',NULL,'BOHOL','MUNICIPALITY OF GARCIA HERNANDEZ',NULL,NULL,NULL,NULL,NULL,NULL,NULL,'RESIDENTIAL',1,NULL,'002','[]',NULL,NULL,NULL,NULL),('WACCT-7440d19c:18a697a40ba:-7b5f','1073-GALEON, CASTRO','IND27ff5e5f:150e991c109:-7877','1073-GALEON, CASTRO','local','047220002','WEST-POBLACION','WEST-POBLACION,MUNICIPALITY OF GARCIA HERNANDEZ,BOHOL',NULL,'BOHOL','MUNICIPALITY OF GARCIA HERNANDEZ',NULL,NULL,NULL,NULL,NULL,NULL,NULL,'RESIDENTIAL',1,NULL,'002','[]',NULL,NULL,NULL,NULL),('WACCT-7440d19c:18a697a40ba:-7b60','1072-GALEON, ROMULO','IND27ff5e5f:150e991c109:-78d4','1072-GALEON, ROMULO','local','047220002','WEST-POBLACION','WEST-POBLACION,MUNICIPALITY OF GARCIA HERNANDEZ,BOHOL',NULL,'BOHOL','MUNICIPALITY OF GARCIA HERNANDEZ',NULL,NULL,NULL,NULL,NULL,NULL,NULL,'RESIDENTIAL',1,NULL,'002','[]',NULL,NULL,NULL,NULL),('WACCT-7440d19c:18a697a40ba:-7b61','1071-PAJE, ALFONSO','IND27ff5e5f:150e991c109:-7931','1071-PAJE, ALFONSO','local','047220002','WEST-POBLACION','WEST-POBLACION,MUNICIPALITY OF GARCIA HERNANDEZ,BOHOL',NULL,'BOHOL','MUNICIPALITY OF GARCIA HERNANDEZ',NULL,NULL,NULL,NULL,NULL,NULL,NULL,'RESIDENTIAL',1,NULL,'002','[]',NULL,NULL,NULL,NULL),('WACCT-7440d19c:18a697a40ba:-7b62','1070-GALEON, SATURNINO','IND27ff5e5f:150e991c109:-7998','1070-GALEON, SATURNINO','local','047220002','WEST-POBLACION','WEST-POBLACION,MUNICIPALITY OF GARCIA HERNANDEZ,BOHOL',NULL,'BOHOL','MUNICIPALITY OF GARCIA HERNANDEZ',NULL,NULL,NULL,NULL,NULL,NULL,NULL,'RESIDENTIAL',1,NULL,'002','[]',NULL,NULL,NULL,NULL),('WACCT-7440d19c:18a697a40ba:-7b63','1069-BORJA, TEOTIMO','IND27ff5e5f:150e991c109:-7a14','1069-BORJA, TEOTIMO','local','047220002','WEST-POBLACION','WEST-POBLACION,MUNICIPALITY OF GARCIA HERNANDEZ,BOHOL',NULL,'BOHOL','MUNICIPALITY OF GARCIA HERNANDEZ',NULL,NULL,NULL,NULL,NULL,NULL,NULL,'RESIDENTIAL',1,NULL,'002','[]',NULL,NULL,NULL,NULL),('WACCT-7440d19c:18a697a40ba:-7b64','1614-LORA, IRENEO','IND71e58951:150f5134226:-690b','1614-LORA, IRENEO','local','047220002','WEST-POBLACION','WEST-POBLACION,MUNICIPALITY OF GARCIA HERNANDEZ,BOHOL',NULL,'BOHOL','MUNICIPALITY OF GARCIA HERNANDEZ',NULL,NULL,NULL,NULL,NULL,NULL,NULL,'RESIDENTIAL',1,NULL,'002','[]',NULL,NULL,NULL,NULL),('WACCT-7440d19c:18a697a40ba:-7b65','1067-BRANZUELA, FELIPE','IND27ff5e5f:150e991c109:-7aa2','1067-BRANZUELA, FELIPE','local','047220002','WEST-POBLACION','WEST-POBLACION,MUNICIPALITY OF GARCIA HERNANDEZ,BOHOL',NULL,'BOHOL','MUNICIPALITY OF GARCIA HERNANDEZ',NULL,NULL,NULL,NULL,NULL,NULL,NULL,'RESIDENTIAL',1,NULL,'002','[]',NULL,NULL,NULL,NULL),('WACCT-7440d19c:18a697a40ba:-7b66','1066-CURAMBAO, BENITO','IND27ff5e5f:150e991c109:-7aff','1066-CURAMBAO, BENITO','local','047220002','WEST-POBLACION','WEST-POBLACION,MUNICIPALITY OF GARCIA HERNANDEZ,BOHOL',NULL,'BOHOL','MUNICIPALITY OF GARCIA HERNANDEZ',NULL,NULL,NULL,NULL,NULL,NULL,NULL,'RESIDENTIAL',1,NULL,'002','[]',NULL,NULL,NULL,NULL),('WACCT-7440d19c:18a697a40ba:-7b67','1065-FUENTES, VENANCIA','IND27ff5e5f:150e991c109:-7b5c','1065-FUENTES, VENANCIA','local','047220002','WEST-POBLACION','WEST-POBLACION,MUNICIPALITY OF GARCIA HERNANDEZ,BOHOL',NULL,'BOHOL','MUNICIPALITY OF GARCIA HERNANDEZ',NULL,NULL,NULL,NULL,NULL,NULL,NULL,'RESIDENTIAL',1,NULL,'002','[]',NULL,NULL,NULL,NULL),('WACCT-7440d19c:18a697a40ba:-7b68','1064-RANARIO, JUANA A.','IND27ff5e5f:150e991c109:-7c1d','1064-RANARIO, JUANA A.','local','047220002','WEST-POBLACION','WEST-POBLACION,MUNICIPALITY OF GARCIA HERNANDEZ,BOHOL',NULL,'BOHOL','MUNICIPALITY OF GARCIA HERNANDEZ',NULL,NULL,NULL,NULL,NULL,NULL,NULL,'RESIDENTIAL',1,NULL,'002','[]',NULL,NULL,NULL,NULL),('WACCT-7440d19c:18a697a40ba:-7b69','1063-DELIGERO, ANDRES','IND27ff5e5f:150e991c109:-7edf','1063-DELIGERO, ANDRES','local','047220002','WEST-POBLACION','WEST-POBLACION,MUNICIPALITY OF GARCIA HERNANDEZ,BOHOL',NULL,'BOHOL','MUNICIPALITY OF GARCIA HERNANDEZ',NULL,NULL,NULL,NULL,NULL,NULL,NULL,'RESIDENTIAL',1,NULL,'002','[]',NULL,NULL,NULL,NULL),('WACCT-7440d19c:18a697a40ba:-7b6a','1062-BELCENA, VIRGILIO','IND27ff5e5f:150e991c109:-7f5b','1062-BELCENA, VIRGILIO','local','047220002','WEST-POBLACION','WEST-POBLACION,MUNICIPALITY OF GARCIA HERNANDEZ,BOHOL',NULL,'BOHOL','MUNICIPALITY OF GARCIA HERNANDEZ',NULL,NULL,NULL,NULL,NULL,NULL,NULL,'RESIDENTIAL',1,NULL,'002','[]',NULL,NULL,NULL,NULL),('WACCT-7440d19c:18a697a40ba:-7b6b','1061-VIRADOR, VICTORIA/ ALEX J.','IND27ff5e5f:150e991c109:-7feb','1061-VIRADOR, VICTORIA/ ALEX J.','local','047220002','WEST-POBLACION','WEST-POBLACION,MUNICIPALITY OF GARCIA HERNANDEZ,BOHOL',NULL,'BOHOL','MUNICIPALITY OF GARCIA HERNANDEZ',NULL,NULL,NULL,NULL,NULL,NULL,NULL,'RESIDENTIAL',1,NULL,'002','[]',NULL,NULL,NULL,NULL),('WACCT-7440d19c:18a697a40ba:-7b6d','1060-PAHANG, PASCASIO','IND-5b4f6a9:150e97c597c:-7fd8','1060-PAHANG, PASCASIO','local','047220002','WEST-POBLACION','WEST-POBLACION,MUNICIPALITY OF GARCIA HERNANDEZ,BOHOL',NULL,'BOHOL','MUNICIPALITY OF GARCIA HERNANDEZ',NULL,NULL,NULL,NULL,NULL,NULL,NULL,'RESIDENTIAL',1,NULL,'002','[]',NULL,NULL,NULL,NULL),('WACCT-7440d19c:18a697a40ba:-7b6e','2006-ESCLAMADO, ALBERT','IND-2e9a8e9c:11e8e72d1e6:-7655','2006-ESCLAMADO, ALBERT','local','047220028','EAST-ULBUJAN','EAST-ULBUJAN,MUNICIPALITY OF GARCIA HERNANDEZ,BOHOL',NULL,'BOHOL','MUNICIPALITY OF GARCIA HERNANDEZ',NULL,NULL,NULL,NULL,NULL,NULL,NULL,'RESIDENTIAL',1,NULL,'ULBUJAN','[]',NULL,NULL,NULL,NULL),('WACCT-7440d19c:18a697a40ba:-7f9a','751-BERMOY, ROMEO','IND-64f8c6f4:1520ae8f966:-3637','751-BERMOY, ROMEO','local','047220021','MALINAO','MALINAO,MUNICIPALITY OF GARCIA HERNANDEZ,BOHOL',NULL,'BOHOL','MUNICIPALITY OF GARCIA HERNANDEZ',NULL,NULL,NULL,NULL,NULL,NULL,'WM2ede4148:18a6db038ea:-738a','RESIDENTIAL',1,NULL,'3','[]','ACTIVE',NULL,NULL,NULL),('WACCT-7440d19c:18a697a40ba:-7f9d','312-CAJEBEN, SUSANNA','IND5a230b44:150fa1652ff:-68e6','312-CAJEBEN, SUSANNA','local','047220028','EAST-ULBUJAN','EAST-ULBUJAN,MUNICIPALITY OF GARCIA HERNANDEZ,BOHOL',NULL,'BOHOL','MUNICIPALITY OF GARCIA HERNANDEZ',NULL,NULL,NULL,NULL,NULL,NULL,'WM2ede4148:18a6db038ea:-7b5f','RESIDENTIAL',1,NULL,'ULBUJAN','[]','ACTIVE',NULL,NULL,NULL),('WACCT-7440d19c:18a697a40ba:-7f9e','1261-JAMINAL, JASMINE MAE','IND5c8b7d12:1515b051b5f:-7c08','1261-JAMINAL, JASMINE MAE','local','047220022','MANABA','MANABA,MUNICIPALITY OF GARCIA HERNANDEZ,BOHOL',NULL,'BOHOL','MUNICIPALITY OF GARCIA HERNANDEZ',NULL,NULL,NULL,NULL,NULL,NULL,'WMf61295e:18a6da029ae:-7df9','RESIDENTIAL',1,NULL,'01','[]','ACTIVE',NULL,NULL,NULL),('WACCT-7440d19c:18a697a40ba:-7ff9','750-TADLIP, PEDRO','IND2206d93c:1566778c3d9:-7559','750-TADLIP, PEDRO','local','047220021','MALINAO','MALINAO,MUNICIPALITY OF GARCIA HERNANDEZ,BOHOL',NULL,'BOHOL','MUNICIPALITY OF GARCIA HERNANDEZ',NULL,NULL,NULL,NULL,NULL,NULL,'WM-3c31de1f:18a6d15a604:-7714','RESIDENTIAL',1,NULL,'3','[]','ACTIVE',NULL,NULL,NULL),('WACCT-7440d19c:18a697a40ba:-7ffa','748-ABUCEJO, EVELYN','IND688d885a:152429834ff:-663c','748-ABUCEJO, EVELYN','local','047220021','MALINAO','MALINAO,MUNICIPALITY OF GARCIA HERNANDEZ,BOHOL',NULL,'BOHOL','MUNICIPALITY OF GARCIA HERNANDEZ',NULL,NULL,NULL,NULL,NULL,NULL,'WM-3c31de1f:18a6d15a604:-798c','RESIDENTIAL',1,NULL,'3','[]','ACTIVE',NULL,NULL,NULL),('WACCT-7440d19c:18a697a40ba:-7ffb','747-CADIZ, EMILIANA','IND-6a2dc017:153ee0d5f83:-7fbf','747-CADIZ, EMILIANA','local','047220021','MALINAO','MALINAO,MUNICIPALITY OF GARCIA HERNANDEZ,BOHOL',NULL,'BOHOL','MUNICIPALITY OF GARCIA HERNANDEZ',NULL,NULL,NULL,NULL,NULL,NULL,'WM-3c31de1f:18a6d15a604:-7b64','RESIDENTIAL',1,NULL,'3','[]','ACTIVE',NULL,NULL,NULL),('WACCT-7440d19c:18a697a40ba:-7ffc','745-GALON, SERAPIA 2','IND-1ba98c13:151893397d2:-7cd4','745-GALON, SERAPIA 2','local','047220021','MALINAO','MALINAO,MUNICIPALITY OF GARCIA HERNANDEZ,BOHOL',NULL,'BOHOL','MUNICIPALITY OF GARCIA HERNANDEZ',NULL,NULL,NULL,NULL,NULL,NULL,'WM194222ae:18a69776d08:-6b35','RESIDENTIAL',1,NULL,'3','[]','ACTIVE',NULL,NULL,NULL),('WACCT-7440d19c:18a697a40ba:-7ffd','746-GALGAO, FRANCISCA','IND-230e4018:15266af505d:-76ef','746-GALGAO, FRANCISCA','local','047220021','MALINAO','MALINAO,MUNICIPALITY OF GARCIA HERNANDEZ,BOHOL',NULL,'BOHOL','MUNICIPALITY OF GARCIA HERNANDEZ',NULL,NULL,NULL,NULL,NULL,NULL,'WM194222ae:18a69776d08:-6d44','RESIDENTIAL',1,NULL,'3','[]','ACTIVE',NULL,NULL,NULL),('WACCT-7440d19c:18a697a40ba:-7ffe','744-CADIZ, JEAN','IND1eca1513:15184124957:-6723','744-CADIZ, JEAN','local','047220021','MALINAO','MALINAO,MUNICIPALITY OF GARCIA HERNANDEZ,BOHOL',NULL,'BOHOL','MUNICIPALITY OF GARCIA HERNANDEZ',NULL,NULL,NULL,NULL,NULL,NULL,'WM194222ae:18a69776d08:-740f','RESIDENTIAL',1,NULL,'3','[]','ACTIVE',NULL,NULL,NULL),('WACCT-7440d19c:18a697a40ba:-7fff','2083-GALON, JOCELYN G.','IND72af6229:161559f3a01:-7ff4','2083-GALON, JOCELYN G.','local','047220021','MALINAO','MALINAO,MUNICIPALITY OF GARCIA HERNANDEZ,BOHOL',NULL,'BOHOL','MUNICIPALITY OF GARCIA HERNANDEZ',NULL,NULL,NULL,NULL,NULL,NULL,'WM194222ae:18a69776d08:-75f6','RESIDENTIAL',1,NULL,'3','[]','ACTIVE',NULL,NULL,NULL),('WACCT-7440d19c:18a697a40ba:-8000','743-JAMERO, LOPE','IND1c7992f1:1519ee2ae4b:101b','743-JAMERO, LOPE','local','047220021','MALINAO','MALINAO,MUNICIPALITY OF GARCIA HERNANDEZ,BOHOL',NULL,'BOHOL','MUNICIPALITY OF GARCIA HERNANDEZ',NULL,NULL,NULL,NULL,NULL,NULL,'WM194222ae:18a69776d08:-794a','RESIDENTIAL',1,NULL,'3','[]','ACTIVE',NULL,NULL,NULL),('WACCT2f1ef104:18a24e77b88:-7fe3','301-CAGAMPANG, MARILYN','IND5a230b44:150fa1652ff:-62fd','301-CAGAMPANG, MARILYN','local','047220028','EAST-ULBUJAN','EAST-ULBUJAN,MUNICIPALITY OF GARCIA HERNANDEZ,BOHOL',NULL,'BOHOL','MUNICIPALITY OF GARCIA HERNANDEZ',NULL,NULL,NULL,NULL,NULL,NULL,'WM-42c3523d:18a25af43fa:-603e','RESIDENTIAL',1,NULL,'ULBUJAN','[]','ACTIVE',NULL,NULL,NULL),('WACCT2f1ef104:18a24e77b88:-7ff9','2221-TADLIP, RANDY','IND-77f9760b:17273887a99:-7bc4','2221-TADLIP, RANDY','local','047220021','MALINAO','MALINAO,MUNICIPALITY OF GARCIA HERNANDEZ,BOHOL',NULL,'BOHOL','MUNICIPALITY OF GARCIA HERNANDEZ',NULL,NULL,NULL,NULL,NULL,NULL,'WM5999ce7d:18a24e2b91f:-6ae3','RESIDENTIAL',1,NULL,'3','[]','ACTIVE',NULL,NULL,NULL),('WACCT2f1ef104:18a24e77b88:-7ffa','726-TAYPA, TRESO','IND1eca1513:15184124957:-5506','726-TAYPA, TRESO','local','047220021','MALINAO','MALINAO,MUNICIPALITY OF GARCIA HERNANDEZ,BOHOL',NULL,'BOHOL','MUNICIPALITY OF GARCIA HERNANDEZ',NULL,NULL,NULL,NULL,NULL,NULL,'WM5999ce7d:18a24e2b91f:-6d4d','RESIDENTIAL',1,NULL,'3','[]','ACTIVE',NULL,NULL,NULL),('WACCT2f1ef104:18a24e77b88:-7ffb','1762-ABUCEJO, CESAR/ FELINA','IND-6de0ac73:1516b7bfab0:-7459','1762-ABUCEJO, CESAR/ FELINA','local','047220021','MALINAO','MALINAO,MUNICIPALITY OF GARCIA HERNANDEZ,BOHOL',NULL,'BOHOL','MUNICIPALITY OF GARCIA HERNANDEZ',NULL,NULL,NULL,NULL,NULL,NULL,'WM5999ce7d:18a24e2b91f:-6ee5','RESIDENTIAL',1,NULL,'3','[]','ACTIVE',NULL,NULL,NULL),('WACCT2f1ef104:18a24e77b88:-7ffc','1572-TAYPA, FELICISIMO','IND1d2e9959:152531d3017:-7133','1572-TAYPA, FELICISIMO','local','047220021','MALINAO','MALINAO,MUNICIPALITY OF GARCIA HERNANDEZ,BOHOL',NULL,'BOHOL','MUNICIPALITY OF GARCIA HERNANDEZ',NULL,NULL,NULL,NULL,NULL,NULL,'WM5999ce7d:18a24e2b91f:-71ac','RESIDENTIAL',1,NULL,'3','[]','ACTIVE',NULL,NULL,NULL),('WACCT2f1ef104:18a24e77b88:-7ffd','1794-GALON, ANECITO','IND-64e7a1cd:1522ed359c6:-74c6','1794-GALON, ANECITO','local','047220021','MALINAO','MALINAO,MUNICIPALITY OF GARCIA HERNANDEZ,BOHOL',NULL,'BOHOL','MUNICIPALITY OF GARCIA HERNANDEZ',NULL,NULL,NULL,NULL,NULL,NULL,'WM5999ce7d:18a24e2b91f:-75fa','RESIDENTIAL',1,NULL,'3','[]','ACTIVE',NULL,NULL,NULL),('WACCT2f1ef104:18a24e77b88:-7ffe','2036-RELLIN, MARY CHEL NAJIAL','IND69fd5a32:156d90498d7:3ae0','2036-RELLIN, MARY CHEL NAJIAL','local','047220021','MALINAO','MALINAO,MUNICIPALITY OF GARCIA HERNANDEZ,BOHOL',NULL,'BOHOL','MUNICIPALITY OF GARCIA HERNANDEZ',NULL,NULL,NULL,NULL,NULL,NULL,'WM5999ce7d:18a24e2b91f:-781e','RESIDENTIAL',1,NULL,'3','[]','ACTIVE',NULL,NULL,NULL),('WACCT2f1ef104:18a24e77b88:-7fff','1898-JAMINAL, HONORIO','IND31099378:1513857603f:-7fdd','1898-JAMINAL, HONORIO','local','047220021','MALINAO','MALINAO,MUNICIPALITY OF GARCIA HERNANDEZ,BOHOL',NULL,'BOHOL','MUNICIPALITY OF GARCIA HERNANDEZ',NULL,NULL,NULL,NULL,NULL,NULL,'WM5999ce7d:18a24e2b91f:-7abd','RESIDENTIAL',1,NULL,'3','[]','ACTIVE',NULL,NULL,NULL),('WACCT2f1ef104:18a24e77b88:-8000','724-LADAGA, EXPEDITO','IND23f117e2:153e8df3f2c:-67c8','724-LADAGA, EXPEDITO','local','047220021','MALINAO','MALINAO,MUNICIPALITY OF GARCIA HERNANDEZ,BOHOL',NULL,'BOHOL','MUNICIPALITY OF GARCIA HERNANDEZ',NULL,NULL,NULL,NULL,NULL,NULL,'WM5999ce7d:18a24e2b91f:-7d19','RESIDENTIAL',1,NULL,'3','[]','ACTIVE',NULL,NULL,NULL),('WACCT3820fb32:189d2d45c3b:-7fc7','1479-ALABA, MARCELINO TIWI','IND-1843056d:150f3d8a391:-7aae','1479-ALABA, MARCELINO TIWI','local','047220022','MANABA','MANABA,MUNICIPALITY OF GARCIA HERNANDEZ,BOHOL',NULL,'BOHOL','MUNICIPALITY OF GARCIA HERNANDEZ',NULL,NULL,NULL,NULL,NULL,NULL,'WM-3282a7e8:18a1b099589:-2a19','RESIDENTIAL',1,NULL,'05','[]','ACTIVE',NULL,NULL,NULL),('WACCT3820fb32:189d2d45c3b:-7fc8','2296- TEJANO, JHONATHAN M.','IND-c95eae9:17fd2fa16e9:-6f3c','2296- TEJANO, JHONATHAN M.','local','047220022','MANABA','MANABA,MUNICIPALITY OF GARCIA HERNANDEZ,BOHOL',NULL,'BOHOL','MUNICIPALITY OF GARCIA HERNANDEZ',NULL,NULL,NULL,NULL,NULL,NULL,'WMbe12291:18a3fa9b053:-9fb','COMMERCIAL',1,NULL,'05','[]','ACTIVE',NULL,NULL,NULL),('WACCT3820fb32:189d2d45c3b:-7fc9','1476-MADELO, CRESENTE','IND-238dbc5:1516531848d:-7974','1476-MADELO, CRESENTE','local','047220022','MANABA','MANABA,MUNICIPALITY OF GARCIA HERNANDEZ,BOHOL',NULL,'BOHOL','MUNICIPALITY OF GARCIA HERNANDEZ',NULL,NULL,NULL,NULL,NULL,NULL,'WM-3282a7e8:18a1b099589:-32f3','RESIDENTIAL',1,NULL,'05','[]','ACTIVE',NULL,NULL,NULL),('WACCT3820fb32:189d2d45c3b:-7fca','1923-BALABA, PAUL','IND-64e7a1cd:1522ed359c6:-62ca','1923-BALABA, PAUL','local','047220022','MANABA','MANABA,MUNICIPALITY OF GARCIA HERNANDEZ,BOHOL',NULL,'BOHOL','MUNICIPALITY OF GARCIA HERNANDEZ',NULL,NULL,NULL,NULL,NULL,NULL,'WMfe87b2e:18a2b3ea51e:2ef5','RESIDENTIAL',1,NULL,'05','[]','ACTIVE',NULL,NULL,NULL),('WACCT3820fb32:189d2d45c3b:-7fcb','1853-ACABU, FLORENCIO [P]','IND1eca1513:15184124957:-5a1f','1853-ACABU, FLORENCIO [P]','local','047220022','MANABA','MANABA,MUNICIPALITY OF GARCIA HERNANDEZ,BOHOL',NULL,'BOHOL','MUNICIPALITY OF GARCIA HERNANDEZ',NULL,NULL,NULL,NULL,NULL,NULL,'WMfe87b2e:18a2b3ea51e:1712','COMMERCIAL',1,NULL,'05','[]','ACTIVE',NULL,NULL,NULL),('WACCT3820fb32:189d2d45c3b:-7fcc','1827-ACABU, BEATRIZ','IND1eca1513:15184124957:-5b2b','1827-ACABU, BEATRIZ','local','047220022','MANABA','MANABA,MUNICIPALITY OF GARCIA HERNANDEZ,BOHOL',NULL,'BOHOL','MUNICIPALITY OF GARCIA HERNANDEZ',NULL,NULL,NULL,NULL,NULL,NULL,'WMfe87b2e:18a2b3ea51e:d7c','RESIDENTIAL',1,NULL,'05','[]','ACTIVE',NULL,NULL,NULL),('WACCT3820fb32:189d2d45c3b:-7fcd','1826-GALIMBA, JUNALYN','IND-1f614ba8:1515ae63768:-7ff4','1826-GALIMBA, JUNALYN','local','047220022','MANABA','MANABA,MUNICIPALITY OF GARCIA HERNANDEZ,BOHOL',NULL,'BOHOL','MUNICIPALITY OF GARCIA HERNANDEZ',NULL,NULL,NULL,NULL,NULL,NULL,'WMfe87b2e:18a2b3ea51e:bfa','RESIDENTIAL',1,NULL,'05','[]','ACTIVE',NULL,NULL,NULL),('WACCT3820fb32:189d2d45c3b:-7fce','1489-GALEMBA, JACINTA','IND3fe0115c:15238782c04:-6f60','1489-GALEMBA, JACINTA','local','047220022','MANABA','MANABA,MUNICIPALITY OF GARCIA HERNANDEZ,BOHOL',NULL,'BOHOL','MUNICIPALITY OF GARCIA HERNANDEZ',NULL,NULL,NULL,NULL,NULL,NULL,'WM-3282a7e8:18a1b099589:-187f','RESIDENTIAL',1,NULL,'05','[]','ACTIVE',NULL,NULL,NULL),('WACCT3820fb32:189d2d45c3b:-7fcf','1490-GALBO, REGINA','IND582f400a:154173b9359:-7abc','1490-GALBO, REGINA','local','047220022','MANABA','MANABA,MUNICIPALITY OF GARCIA HERNANDEZ,BOHOL',NULL,'BOHOL','MUNICIPALITY OF GARCIA HERNANDEZ',NULL,NULL,NULL,NULL,NULL,NULL,'WM-3282a7e8:18a1b099589:-166b','RESIDENTIAL',1,NULL,'05','[]','ACTIVE',NULL,NULL,NULL),('WACCT3820fb32:189d2d45c3b:-7fd0','1704-OLAER, CATALINA','IND53e6f43c:152a61ef482:-7fb5','1704-OLAER, CATALINA','local','047220022','MANABA','MANABA,MUNICIPALITY OF GARCIA HERNANDEZ,BOHOL',NULL,'BOHOL','MUNICIPALITY OF GARCIA HERNANDEZ',NULL,NULL,NULL,NULL,NULL,NULL,'WMfe87b2e:18a2b3ea51e:-2add','RESIDENTIAL',1,NULL,'05','[]','ACTIVE',NULL,NULL,NULL),('WACCT3820fb32:189d2d45c3b:-7fd1','1735-GALACIO, ARGIE','IND-35be3a04:15209f5f136:-7e85','1735-GALACIO, ARGIE','local','047220022','MANABA','MANABA,MUNICIPALITY OF GARCIA HERNANDEZ,BOHOL',NULL,'BOHOL','MUNICIPALITY OF GARCIA HERNANDEZ',NULL,NULL,NULL,NULL,NULL,NULL,'WMfe87b2e:18a2b3ea51e:-1f02','RESIDENTIAL',1,NULL,'05','[]','ACTIVE',NULL,NULL,NULL),('WACCT3820fb32:189d2d45c3b:-7fd2','2228-JAMITO, SAMUEL','IND56d2714a:11730f02b5a:-5d92','2228-JAMITO, SAMUEL','local','047220022','MANABA','MANABA,MUNICIPALITY OF GARCIA HERNANDEZ,BOHOL',NULL,'BOHOL','MUNICIPALITY OF GARCIA HERNANDEZ',NULL,NULL,NULL,NULL,NULL,NULL,'WMbe12291:18a3fa9b053:-308c','RESIDENTIAL',1,NULL,'05','[]','ACTIVE',NULL,NULL,NULL),('WACCT3820fb32:189d2d45c3b:-7fd3','2051-GALACIO, MAMERTO SALVA','IND-59a569d3:15b46ce8261:-7fd3','2051-GALACIO, MAMERTO SALVA','local','047220022','MANABA','MANABA,MUNICIPALITY OF GARCIA HERNANDEZ,BOHOL',NULL,'BOHOL','MUNICIPALITY OF GARCIA HERNANDEZ',NULL,NULL,NULL,NULL,NULL,NULL,'WMfe87b2e:18a2bb5aaf6:-7877','RESIDENTIAL',1,NULL,'05','[]','ACTIVE',NULL,NULL,NULL),('WACCT3820fb32:189d2d45c3b:-7fd4','2048-BAYARCAL, MELBERT NIO','IND-5f80bc14:15c4213bbe2:-7936','2048-BAYARCAL, MELBERT NIO','local','047220022','MANABA','MANABA,MUNICIPALITY OF GARCIA HERNANDEZ,BOHOL',NULL,'BOHOL','MUNICIPALITY OF GARCIA HERNANDEZ',NULL,NULL,NULL,NULL,NULL,NULL,'WMfe87b2e:18a2bb5aaf6:-7e06','RESIDENTIAL',1,NULL,'05','[]','ACTIVE',NULL,NULL,NULL),('WACCT3820fb32:189d2d45c3b:-7fd5','1969-GALACIO, JONATHAN','IND-238dbc5:1516531848d:-6873','1969-GALACIO, JONATHAN','local','047220022','MANABA','MANABA,MUNICIPALITY OF GARCIA HERNANDEZ,BOHOL',NULL,'BOHOL','MUNICIPALITY OF GARCIA HERNANDEZ',NULL,NULL,NULL,NULL,NULL,NULL,'WMfe87b2e:18a2b3ea51e:419c','RESIDENTIAL',1,NULL,'05','[]','ACTIVE',NULL,NULL,NULL),('WACCT3820fb32:189d2d45c3b:-7fd6','1492-GALACIO, JOSE','IND3e8aac73:151b2776c18:-7c4d','1492-GALACIO, JOSE','local','047220022','MANABA','MANABA,MUNICIPALITY OF GARCIA HERNANDEZ,BOHOL',NULL,'BOHOL','MUNICIPALITY OF GARCIA HERNANDEZ',NULL,NULL,NULL,NULL,NULL,NULL,'WM-3282a7e8:18a1b099589:-1365','RESIDENTIAL',1,NULL,'05','[]','ACTIVE',NULL,NULL,NULL),('WACCT3820fb32:189d2d45c3b:-7fd7','2020-ACABO, EMILIANO 2','IND-72988e32:1549d19186b:-7af6','2020-ACABO, EMILIANO 2','local','047220022','MANABA','MANABA,MUNICIPALITY OF GARCIA HERNANDEZ,BOHOL',NULL,'BOHOL','MUNICIPALITY OF GARCIA HERNANDEZ',NULL,NULL,NULL,NULL,NULL,NULL,'WMfe87b2e:18a2b3ea51e:67d5','RESIDENTIAL',1,NULL,'05','[]','ACTIVE',NULL,NULL,NULL),('WACCT3820fb32:189d2d45c3b:-7fd8','1491-GALACIO, METODIO','IND1dfc24ff:152cda5ed2c:-689c','1491-GALACIO, METODIO','local','047220022','MANABA','MANABA,MUNICIPALITY OF GARCIA HERNANDEZ,BOHOL',NULL,'BOHOL','MUNICIPALITY OF GARCIA HERNANDEZ',NULL,NULL,NULL,NULL,NULL,NULL,'WM-3282a7e8:18a1b099589:-14f0','RESIDENTIAL',1,NULL,'05','[]','ACTIVE',NULL,NULL,NULL),('WACCT3820fb32:189d2d45c3b:-7fd9','1493-GALACIO, VICTOR','IND-7283e72c:154c12b8480:-7a77','1493-GALACIO, VICTOR','local','047220022','MANABA','MANABA,MUNICIPALITY OF GARCIA HERNANDEZ,BOHOL',NULL,'BOHOL','MUNICIPALITY OF GARCIA HERNANDEZ',NULL,NULL,NULL,NULL,NULL,NULL,'WM-3282a7e8:18a1b099589:-11f3','RESIDENTIAL',1,NULL,'05','[]','ACTIVE',NULL,NULL,NULL),('WACCT3820fb32:189d2d45c3b:-7fdb','1747-GALACIO, CRISTINO','IND-78d016e3:1525d62ead5:-7fb2','1747-GALACIO, CRISTINO','local','047220022','MANABA','MANABA,MUNICIPALITY OF GARCIA HERNANDEZ,BOHOL',NULL,'BOHOL','MUNICIPALITY OF GARCIA HERNANDEZ',NULL,NULL,NULL,NULL,NULL,NULL,'WMfe87b2e:18a2b3ea51e:-1b4e','RESIDENTIAL',1,NULL,'05','[]','ACTIVE',NULL,NULL,NULL),('WACCT3820fb32:189d2d45c3b:-7fdc','2344-GALACIO, LEVIE','IND3ba816fc:184acb767ec:-7e1b','2344-GALACIO, LEVIE','local','047220022','MANABA','MANABA,MUNICIPALITY OF GARCIA HERNANDEZ,BOHOL',NULL,'BOHOL','MUNICIPALITY OF GARCIA HERNANDEZ',NULL,NULL,NULL,NULL,NULL,NULL,'WMbe12291:18a3fa9b053:16d8','RESIDENTIAL',1,NULL,'05','[]','ACTIVE',NULL,NULL,NULL),('WACCT3820fb32:189d2d45c3b:-7fe5','2345-PAHANG, POL WARREN','IND3ba816fc:184acb767ec:-7dc6','2345-PAHANG, POL WARREN','local','047220022','MANABA','MANABA,MUNICIPALITY OF GARCIA HERNANDEZ,BOHOL',NULL,'BOHOL','MUNICIPALITY OF GARCIA HERNANDEZ',NULL,NULL,NULL,NULL,NULL,NULL,'WMbe12291:18a3fa9b053:186c','RESIDENTIAL',1,NULL,'05','[]','ACTIVE',NULL,NULL,NULL),('WACCT3820fb32:189d2d45c3b:-7fe6','2346-GALEMBA, EDELYN','IND584c0bb7:184d1856875:-7d76','2346-GALEMBA, EDELYN','local','047220022','MANABA','MANABA,MUNICIPALITY OF GARCIA HERNANDEZ,BOHOL',NULL,'BOHOL','MUNICIPALITY OF GARCIA HERNANDEZ',NULL,NULL,NULL,NULL,NULL,NULL,'WMbe12291:18a3fa9b053:19e3','RESIDENTIAL',1,NULL,'05','[]','ACTIVE',NULL,NULL,NULL),('WACCT3820fb32:189d2d45c3b:-7fe7','2302-GALEMBA, MILLIE','IND-664cbc2f:17e23b73ef3:-7dc6','2302-GALEMBA, MILLIE','local','047220022','MANABA','MANABA,MUNICIPALITY OF GARCIA HERNANDEZ,BOHOL',NULL,'BOHOL','MUNICIPALITY OF GARCIA HERNANDEZ',NULL,NULL,NULL,NULL,NULL,NULL,'WMbe12291:18a3fa9b053:-5a5','RESIDENTIAL',1,NULL,'05','[]','ACTIVE',NULL,NULL,NULL),('WACCT3820fb32:189d2d45c3b:-7fec','2303-GALIMBA, MICHAEL','IND-664cbc2f:17e23b73ef3:-7d71','2303-GALIMBA, MICHAEL','local','047220022','MANABA','MANABA,MUNICIPALITY OF GARCIA HERNANDEZ,BOHOL',NULL,'BOHOL','MUNICIPALITY OF GARCIA HERNANDEZ',NULL,NULL,NULL,NULL,NULL,NULL,'WMbe12291:18a3fa9b053:-32d','RESIDENTIAL',1,NULL,'05','[]','ACTIVE',NULL,NULL,NULL),('WACCT3820fb32:189d2d45c3b:-7fed','2142-GALACIO, LENNIE','IND739216ed:169e1324fc5:-7f23','2142-GALACIO, LENNIE','local','047220022','MANABA','MANABA,MUNICIPALITY OF GARCIA HERNANDEZ,BOHOL',NULL,'BOHOL','MUNICIPALITY OF GARCIA HERNANDEZ',NULL,NULL,NULL,NULL,NULL,NULL,'WMbe12291:18a3fa9b053:-59f0','RESIDENTIAL',1,NULL,'03','[]','ACTIVE',NULL,NULL,NULL),('WACCT3820fb32:189d2d45c3b:-7fee','2137-OBERES, RODRIGA','IND51fa97c:169460a55c3:-72fd','2137-OBERES, RODRIGA','local','047220022','MANABA','MANABA,MUNICIPALITY OF GARCIA HERNANDEZ,BOHOL',NULL,'BOHOL','MUNICIPALITY OF GARCIA HERNANDEZ',NULL,NULL,NULL,NULL,NULL,NULL,'WMbe12291:18a3fa9b053:-5ece','RESIDENTIAL',1,NULL,'03','[]','ACTIVE',NULL,NULL,NULL),('WACCT3820fb32:189d2d45c3b:-7fef','1633-GRULLA, SALVADOR','IND1c7992f1:1519ee2ae4b:-48df','1633-GRULLA, SALVADOR','local','047220022','MANABA','MANABA,MUNICIPALITY OF GARCIA HERNANDEZ,BOHOL',NULL,'BOHOL','MUNICIPALITY OF GARCIA HERNANDEZ',NULL,NULL,NULL,NULL,NULL,NULL,'WM645a3c69:189d2e31a68:-790c','RESIDENTIAL',1,NULL,'03','[]','ACTIVE',NULL,NULL,NULL),('WACCT3820fb32:189d2d45c3b:-7ff0','1472-GARCIA, ORLINO','IND-61aec70a:1516a3e6db8:-7ca7','1472-GARCIA, ORLINO','local','047220022','MANABA','MANABA,MUNICIPALITY OF GARCIA HERNANDEZ,BOHOL',NULL,'BOHOL','MUNICIPALITY OF GARCIA HERNANDEZ',NULL,NULL,NULL,NULL,NULL,NULL,'WM645a3c69:189d2e31a68:-7953','RESIDENTIAL',1,NULL,'03','[]','ACTIVE',NULL,NULL,NULL),('WACCT3820fb32:189d2d45c3b:-7ff1','2131-ACOP, SILVERIO 2','IND87e3ae2:168df25e18d:-7b62','2131-ACOP, SILVERIO 2','local','047220022','MANABA','MANABA,MUNICIPALITY OF GARCIA HERNANDEZ,BOHOL',NULL,'BOHOL','MUNICIPALITY OF GARCIA HERNANDEZ',NULL,NULL,NULL,NULL,NULL,NULL,'WMbe12291:18a3fa9b053:-6504','RESIDENTIAL',1,NULL,'03','[]','ACTIVE',NULL,NULL,NULL),('WACCT3820fb32:189d2d45c3b:-7ff2','2304-FELIX, CONSTANCIA 2','IND-7e4066a7:17e4bcd8f6c:-7da6','2304-FELIX, CONSTANCIA 2','local','047220022','MANABA','MANABA,MUNICIPALITY OF GARCIA HERNANDEZ,BOHOL',NULL,'BOHOL','MUNICIPALITY OF GARCIA HERNANDEZ',NULL,NULL,NULL,NULL,NULL,NULL,'WMbe12291:18a3fa9b053:-1c9','RESIDENTIAL',1,NULL,'03','[]','ACTIVE',NULL,NULL,NULL),('WACCT3820fb32:189d2d45c3b:-7ff3','1471-BAHAN, RUSTICO MANABA','IND-6de0ac73:1516b7bfab0:-6ac4','1471-BAHAN, RUSTICO MANABA','local','047220022','MANABA','MANABA,MUNICIPALITY OF GARCIA HERNANDEZ,BOHOL',NULL,'BOHOL','MUNICIPALITY OF GARCIA HERNANDEZ',NULL,NULL,NULL,NULL,NULL,NULL,'WM645a3c69:189d2e31a68:-7a4f','RESIDENTIAL',1,NULL,'03','[]','ACTIVE',NULL,NULL,NULL),('WACCT3820fb32:189d2d45c3b:-7ff4','2086-ACABO, CRISFINA A.','IND79e797c3:161b0a1ef10:-7ee5','2086-ACABO, CRISFINA A.','local','047220022','MANABA','MANABA,MUNICIPALITY OF GARCIA HERNANDEZ,BOHOL',NULL,'BOHOL','MUNICIPALITY OF GARCIA HERNANDEZ',NULL,NULL,NULL,NULL,NULL,NULL,'WMfe87b2e:18a2bb5aaf6:-685b','RESIDENTIAL',1,NULL,'03','[]','ACTIVE',NULL,NULL,NULL),('WACCT3820fb32:189d2d45c3b:-7ff5','1469-LADAGA, EFREN','IND-1ba98c13:151893397d2:-75b2','1469-LADAGA, EFREN','local','047220022','MANABA','MANABA,MUNICIPALITY OF GARCIA HERNANDEZ,BOHOL',NULL,'BOHOL','MUNICIPALITY OF GARCIA HERNANDEZ',NULL,NULL,NULL,NULL,NULL,NULL,'WM-51b8816b:189b8eff231:-6b49','RESIDENTIAL',1,NULL,'03','[]','ACTIVE',NULL,NULL,NULL),('WACCT3820fb32:189d2d45c3b:-7ff6','1672-MORAN, ANTONIO','IND3e8aac73:151b2776c18:-7df8','1672-MORAN, ANTONIO','local','047220022','MANABA','MANABA,MUNICIPALITY OF GARCIA HERNANDEZ,BOHOL',NULL,'BOHOL','MUNICIPALITY OF GARCIA HERNANDEZ',NULL,NULL,NULL,NULL,NULL,NULL,'WM645a3c69:189d2e31a68:-73b2','RESIDENTIAL',1,NULL,'03','[]','ACTIVE',NULL,NULL,NULL),('WACCT3820fb32:189d2d45c3b:-7ff7','1468-FELIX, CONSTANCIA','IND2d449ad0:153df47990e:-7ff4','1468-FELIX, CONSTANCIA','local','047220022','MANABA','MANABA,MUNICIPALITY OF GARCIA HERNANDEZ,BOHOL',NULL,'BOHOL','MUNICIPALITY OF GARCIA HERNANDEZ',NULL,NULL,NULL,NULL,NULL,NULL,'WM-51b8816b:189b8eff231:-6b97','RESIDENTIAL',1,NULL,'03','[]','ACTIVE',NULL,NULL,NULL),('WACCT3820fb32:189d2d45c3b:-7ff8','1470-MORAN, AGUEDA','IND7520fd3c:156a0439336:-7fb5','1470-MORAN, AGUEDA','local','047220022','MANABA','MANABA,MUNICIPALITY OF GARCIA HERNANDEZ,BOHOL',NULL,'BOHOL','MUNICIPALITY OF GARCIA HERNANDEZ',NULL,NULL,NULL,NULL,NULL,NULL,'WM645a3c69:189d2e31a68:-7b36','RESIDENTIAL',1,NULL,'03','[]','ACTIVE',NULL,NULL,NULL),('WACCT3820fb32:189d2d45c3b:-7ffa','2110-MORAN, DOMINGO O.','IND-508cc6cc:164e8c1ce18:-7e6a','2110-MORAN, DOMINGO O.','local','047220022','MANABA','MANABA,MUNICIPALITY OF GARCIA HERNANDEZ,BOHOL',NULL,'BOHOL','MUNICIPALITY OF GARCIA HERNANDEZ',NULL,NULL,NULL,NULL,NULL,NULL,'WMbe12291:18a3fa9b053:-7596','RESIDENTIAL',1,NULL,'03','[]','ACTIVE',NULL,NULL,NULL),('WACCT3820fb32:189d2d45c3b:-7ffb','1477-GALBO, LORETE','IND7adbbfe8:170f09517e6:-6ef2','1477-GALBO, LORETE','local','047220022','MANABA','MANABA,MUNICIPALITY OF GARCIA HERNANDEZ,BOHOL',NULL,'BOHOL','MUNICIPALITY OF GARCIA HERNANDEZ',NULL,NULL,NULL,NULL,NULL,NULL,'WM-3282a7e8:18a1b099589:-2e4f','RESIDENTIAL',1,NULL,'03','[]','ACTIVE',NULL,NULL,NULL),('WACCT3820fb32:189d2d45c3b:-7ffc','834-SAGA, CRESENTE','IND2d26563a:1511d805fc6:-7f71','834-SAGA, CRESENTE','local','047220022','MANABA','MANABA,MUNICIPALITY OF GARCIA HERNANDEZ,BOHOL',NULL,'BOHOL','MUNICIPALITY OF GARCIA HERNANDEZ',NULL,NULL,NULL,NULL,NULL,NULL,'WM6e761b08:18a490769bb:-4ecc','RESIDENTIAL',1,NULL,'03','[]','ACTIVE',NULL,NULL,NULL),('WACCT3820fb32:189d2d45c3b:-7ffd','1467-PANERIO, GEMMA','IND-78d016e3:1525d62ead5:-5674','1467-PANERIO, GEMMA','local','047220022','MANABA','MANABA,MUNICIPALITY OF GARCIA HERNANDEZ,BOHOL',NULL,'BOHOL','MUNICIPALITY OF GARCIA HERNANDEZ',NULL,NULL,NULL,NULL,NULL,NULL,'WM-51b8816b:189b8eff231:-6c9c','RESIDENTIAL',1,NULL,'03','[]','ACTIVE',NULL,NULL,NULL),('WACCT3820fb32:189d2d45c3b:-7ffe','1465-GALORPORT, ALBERTO','IND64091b9f:15ee9d0a9c8:-77a3','1465-GALORPORT, ALBERTO','local','047220022','MANABA','MANABA,MUNICIPALITY OF GARCIA HERNANDEZ,BOHOL',NULL,'BOHOL','MUNICIPALITY OF GARCIA HERNANDEZ',NULL,NULL,NULL,NULL,NULL,NULL,'WM-51b8816b:189b8eff231:-6cea','RESIDENTIAL',1,NULL,'03','[]','ACTIVE',NULL,NULL,NULL),('WACCT3820fb32:189d2d45c3b:-7fff','2087-TINGCANG, JANICE S.','IND79e797c3:161b0a1ef10:-7801','2087-TINGCANG, JANICE S.','local','047220022','MANABA','MANABA,MUNICIPALITY OF GARCIA HERNANDEZ,BOHOL',NULL,'BOHOL','MUNICIPALITY OF GARCIA HERNANDEZ',NULL,NULL,NULL,NULL,NULL,NULL,'WMfe87b2e:18a2bb5aaf6:-6ba8','RESIDENTIAL',1,NULL,'03','[]','ACTIVE',NULL,NULL,NULL),('WACCT3820fb32:189d2d45c3b:-8000','2093-LADION, MARGIE','IND-54f22213:16289ef4896:-7f26','2093-LADION, MARGIE','local','047220022','MANABA','MANABA,MUNICIPALITY OF GARCIA HERNANDEZ,BOHOL',NULL,'BOHOL','MUNICIPALITY OF GARCIA HERNANDEZ',NULL,NULL,NULL,NULL,NULL,NULL,'WM253d93cf:18a3fa48cff:-7ba0','RESIDENTIAL',1,NULL,'03','[]','ACTIVE',NULL,NULL,NULL),('WACCT442a2c4b:18a62c2ead0:-7feb','2056-FERNANDEZ, LENCY','IND-3f416612:15e0d7e9563:-4e59','2056-FERNANDEZ, LENCY','local','047220021','MALINAO','MALINAO,MUNICIPALITY OF GARCIA HERNANDEZ,BOHOL',NULL,'BOHOL','MUNICIPALITY OF GARCIA HERNANDEZ',NULL,NULL,NULL,NULL,NULL,NULL,'WM-21a3385:18a62b69c4e:-454e','RESIDENTIAL',1,NULL,'3','[]','ACTIVE',NULL,NULL,NULL),('WACCT442a2c4b:18a62c2ead0:-7fec','1763-GALGAO, LEIZL','IND-7414aecb:1518e620e0a:-784d','1763-GALGAO, LEIZL','local','047220021','MALINAO','MALINAO,MUNICIPALITY OF GARCIA HERNANDEZ,BOHOL',NULL,'BOHOL','MUNICIPALITY OF GARCIA HERNANDEZ',NULL,NULL,NULL,NULL,NULL,NULL,'WM-21a3385:18a62b69c4e:-497d','RESIDENTIAL',1,NULL,'3','[]','ACTIVE',NULL,NULL,NULL),('WACCT442a2c4b:18a62c2ead0:-7fed','1961-JAMINAL, HONORIO 2','IND31099378:1513857603f:-7f61','1961-JAMINAL, HONORIO 2','local','047220021','MALINAO','MALINAO,MUNICIPALITY OF GARCIA HERNANDEZ,BOHOL',NULL,'BOHOL','MUNICIPALITY OF GARCIA HERNANDEZ',NULL,NULL,NULL,NULL,NULL,NULL,'WM-21a3385:18a62b69c4e:-4b4b','RESIDENTIAL',1,NULL,'3','[]','ACTIVE',NULL,NULL,NULL),('WACCT442a2c4b:18a62c2ead0:-7fee','1680-JAMINAL, FORTUNATA','IND7c5e6343:151c1db7102:-1aab','1680-JAMINAL, FORTUNATA','local','047220021','MALINAO','MALINAO,MUNICIPALITY OF GARCIA HERNANDEZ,BOHOL',NULL,'BOHOL','MUNICIPALITY OF GARCIA HERNANDEZ',NULL,NULL,NULL,NULL,NULL,NULL,'WM-21a3385:18a62b69c4e:-5003','RESIDENTIAL',1,NULL,'3','[]','ACTIVE',NULL,NULL,NULL),('WACCT442a2c4b:18a62c2ead0:-7ff0','741-TADLIP, OLIMPIA','IND553fd0a2:1518ac79d81:-6cb4','741-TADLIP, OLIMPIA','local','047220021','MALINAO','MALINAO,MUNICIPALITY OF GARCIA HERNANDEZ,BOHOL',NULL,'BOHOL','MUNICIPALITY OF GARCIA HERNANDEZ',NULL,NULL,NULL,NULL,NULL,NULL,'WM-21a3385:18a62b69c4e:-53eb','RESIDENTIAL',1,NULL,'3','[]','ACTIVE',NULL,NULL,NULL),('WACCT442a2c4b:18a62c2ead0:-7ff1','740-GALON, SERAPIA C/O ARCADIA TADLIP','IND1eca1513:15184124957:-6409','740-GALON, SERAPIA C/O ARCADIA TADLIP','local','047220021','MALINAO','MALINAO,MUNICIPALITY OF GARCIA HERNANDEZ,BOHOL',NULL,'BOHOL','MUNICIPALITY OF GARCIA HERNANDEZ',NULL,NULL,NULL,NULL,NULL,NULL,'WM-21a3385:18a62b69c4e:-55b9','RESIDENTIAL',1,NULL,'3','[]','ACTIVE',NULL,NULL,NULL),('WACCT442a2c4b:18a62c2ead0:-7ff2','739-BAJAO, PEDRO','IND-5d744500:151ae7f7899:-788c','739-BAJAO, PEDRO','local','047220021','MALINAO','MALINAO,MUNICIPALITY OF GARCIA HERNANDEZ,BOHOL',NULL,'BOHOL','MUNICIPALITY OF GARCIA HERNANDEZ',NULL,NULL,NULL,NULL,NULL,NULL,'WM-21a3385:18a62b69c4e:-57e9','RESIDENTIAL',1,NULL,'3','[]','ACTIVE',NULL,NULL,NULL),('WACCT442a2c4b:18a62c2ead0:-7ff3','738-JAMINAL, CARMEN 3','IND-6a052b77:150fe9c4aca:-7f0a','738-JAMINAL, CARMEN 3','local','047220021','MALINAO','MALINAO,MUNICIPALITY OF GARCIA HERNANDEZ,BOHOL',NULL,'BOHOL','MUNICIPALITY OF GARCIA HERNANDEZ',NULL,NULL,NULL,NULL,NULL,NULL,'WM-21a3385:18a62b69c4e:-5a26','COMMERCIAL',1,NULL,'3','[]','ACTIVE',NULL,NULL,NULL),('WACCT442a2c4b:18a62c2ead0:-7ff5','737-OCOY, EULALIA','IND688d885a:152429834ff:-7191','737-OCOY, EULALIA','local','047220021','MALINAO','MALINAO,MUNICIPALITY OF GARCIA HERNANDEZ,BOHOL',NULL,'BOHOL','MUNICIPALITY OF GARCIA HERNANDEZ',NULL,NULL,NULL,NULL,NULL,NULL,'WM-21a3385:18a62b69c4e:-5bf7','RESIDENTIAL',1,NULL,'3','[]','ACTIVE',NULL,NULL,NULL),('WACCT442a2c4b:18a62c2ead0:-7ff6','736-TADLIP, BRIGIDA','IND-7414aecb:1518e620e0a:-78ce','736-TADLIP, BRIGIDA','local','047220021','MALINAO','MALINAO,MUNICIPALITY OF GARCIA HERNANDEZ,BOHOL',NULL,'BOHOL','MUNICIPALITY OF GARCIA HERNANDEZ',NULL,NULL,NULL,NULL,NULL,NULL,'WM-21a3385:18a62b69c4e:-603d','RESIDENTIAL',1,NULL,'3','[]','ACTIVE',NULL,NULL,NULL),('WACCT442a2c4b:18a62c2ead0:-7ff7','735-LLEMIT, VIRGILIO','IND553fd0a2:1518ac79d81:-6c1c','735-LLEMIT, VIRGILIO','local','047220021','MALINAO','MALINAO,MUNICIPALITY OF GARCIA HERNANDEZ,BOHOL',NULL,'BOHOL','MUNICIPALITY OF GARCIA HERNANDEZ',NULL,NULL,NULL,NULL,NULL,NULL,'WM-21a3385:18a62b69c4e:-6338','RESIDENTIAL',1,NULL,'3','[]','ACTIVE',NULL,NULL,NULL),('WACCT442a2c4b:18a62c2ead0:-7ff8','734-LADAGA, ANTONIA 2','IND-6a052b77:150fe9c4aca:-7f78','734-LADAGA, ANTONIA 2','local','047220021','MALINAO','MALINAO,MUNICIPALITY OF GARCIA HERNANDEZ,BOHOL',NULL,'BOHOL','MUNICIPALITY OF GARCIA HERNANDEZ',NULL,NULL,NULL,NULL,NULL,NULL,'WM-21a3385:18a62b69c4e:-655e','RESIDENTIAL',1,NULL,'3','[]','ACTIVE',NULL,NULL,NULL),('WACCT442a2c4b:18a62c2ead0:-7ff9','733-LADAGA, ANTONIA 1','IND-6a052b77:150fe9c4aca:-7ff4','733-LADAGA, ANTONIA 1','local','047220021','MALINAO','MALINAO,MUNICIPALITY OF GARCIA HERNANDEZ,BOHOL',NULL,'BOHOL','MUNICIPALITY OF GARCIA HERNANDEZ',NULL,NULL,NULL,NULL,NULL,NULL,'WM-21a3385:18a62b69c4e:-688f','RESIDENTIAL',1,NULL,'3','[]','ACTIVE',NULL,NULL,NULL),('WACCT442a2c4b:18a62c2ead0:-7ffa','1590-DATCHILE, MICHAEL','IND1800d32c:156c42e33dc:-7a59','1590-DATCHILE, MICHAEL','local','047220021','MALINAO','MALINAO,MUNICIPALITY OF GARCIA HERNANDEZ,BOHOL',NULL,'BOHOL','MUNICIPALITY OF GARCIA HERNANDEZ',NULL,NULL,NULL,NULL,NULL,NULL,'WM-21a3385:18a62b69c4e:-6a58','RESIDENTIAL',1,NULL,'3','[]','ACTIVE',NULL,NULL,NULL),('WACCT442a2c4b:18a62c2ead0:-7ffb','732-BAJAO, LAURENCIA','IND-296b48c9:1521e923af3:-6b9c','732-BAJAO, LAURENCIA','local','047220021','MALINAO','MALINAO,MUNICIPALITY OF GARCIA HERNANDEZ,BOHOL',NULL,'BOHOL','MUNICIPALITY OF GARCIA HERNANDEZ',NULL,NULL,NULL,NULL,NULL,NULL,'WM-21a3385:18a62b69c4e:-6c47','RESIDENTIAL',1,NULL,'3','[]','ACTIVE',NULL,NULL,NULL),('WACCT442a2c4b:18a62c2ead0:-7ffc','731-OSCARES, ALFREDA','IND582c994:151a31a2d90:-62fd','731-OSCARES, ALFREDA','local','047220021','MALINAO','MALINAO,MUNICIPALITY OF GARCIA HERNANDEZ,BOHOL',NULL,'BOHOL','MUNICIPALITY OF GARCIA HERNANDEZ',NULL,NULL,NULL,NULL,NULL,NULL,'WM-21a3385:18a62b69c4e:-6e5d','RESIDENTIAL',1,NULL,'3','[]','ACTIVE',NULL,NULL,NULL),('WACCT442a2c4b:18a62c2ead0:-7ffd','730-SABIT, EDUVEJES','IND1eca1513:15184124957:-56ec','730-SABIT, EDUVEJES','local','047220021','MALINAO','MALINAO,MUNICIPALITY OF GARCIA HERNANDEZ,BOHOL',NULL,'BOHOL','MUNICIPALITY OF GARCIA HERNANDEZ',NULL,NULL,NULL,NULL,NULL,NULL,'WM-21a3385:18a62b69c4e:-71e4','RESIDENTIAL',1,NULL,'3','[]','ACTIVE',NULL,NULL,NULL),('WACCT442a2c4b:18a62c2ead0:-7ffe','729-JAMINAL, AGUSTINA','IND4cfd0b3:151c2490abb:-7d8e','729-JAMINAL, AGUSTINA','local','047220021','MALINAO','MALINAO,MUNICIPALITY OF GARCIA HERNANDEZ,BOHOL',NULL,'BOHOL','MUNICIPALITY OF GARCIA HERNANDEZ',NULL,NULL,NULL,NULL,NULL,NULL,'WM-21a3385:18a62b69c4e:-760c','RESIDENTIAL',1,NULL,'3','[]','ACTIVE',NULL,NULL,NULL),('WACCT442a2c4b:18a62c2ead0:-7fff','728-TAYPA, PRIMITIVO','IND1eca1513:15184124957:-5587','728-TAYPA, PRIMITIVO','local','047220021','MALINAO','MALINAO,MUNICIPALITY OF GARCIA HERNANDEZ,BOHOL',NULL,'BOHOL','MUNICIPALITY OF GARCIA HERNANDEZ',NULL,NULL,NULL,NULL,NULL,NULL,'WM-21a3385:18a62b69c4e:-77b5','RESIDENTIAL',1,NULL,'3','[]','ACTIVE',NULL,NULL,NULL),('WACCT442a2c4b:18a62c2ead0:-8000','727-TAYPA, JUANITO','IND14ddab1f:1539bc31a8c:-6f3a','727-TAYPA, JUANITO','local','047220021','MALINAO','MALINAO,MUNICIPALITY OF GARCIA HERNANDEZ,BOHOL',NULL,'BOHOL','MUNICIPALITY OF GARCIA HERNANDEZ',NULL,NULL,NULL,NULL,NULL,NULL,'WM-21a3385:18a62b69c4e:-7b76','RESIDENTIAL',1,NULL,'3','[]','ACTIVE',NULL,NULL,NULL),('WACCT4d8c0d7e:189b925a776:-7fb5','1456-GALEMBA, ISMAEL','IND1c7992f1:1519ee2ae4b:-ed5','1456-GALEMBA, ISMAEL','local','047220022','MANABA','MANABA,MUNICIPALITY OF GARCIA HERNANDEZ,BOHOL',NULL,'BOHOL','MUNICIPALITY OF GARCIA HERNANDEZ',NULL,NULL,NULL,NULL,NULL,NULL,'WM-51b8816b:189b8eff231:-6e6c','RESIDENTIAL',1,NULL,'03','[]','ACTIVE',NULL,NULL,NULL),('WACCT4d8c0d7e:189b925a776:-7fb6','1461-GALIDO, CONSORCIA','IND-5d744500:151ae7f7899:-77f3','1461-GALIDO, CONSORCIA','local','047220022','MANABA','MANABA,MUNICIPALITY OF GARCIA HERNANDEZ,BOHOL',NULL,'BOHOL','MUNICIPALITY OF GARCIA HERNANDEZ',NULL,NULL,NULL,NULL,NULL,NULL,'WM-51b8816b:189b8eff231:-7025','RESIDENTIAL',1,NULL,'03','[]','ACTIVE',NULL,NULL,NULL),('WACCT4d8c0d7e:189b925a776:-7fb7','2298- ABUCEJO, MARJUN','IND60496f62:17d55abea2f:-7b0f','2298- ABUCEJO, MARJUN','local','047220022','MANABA','MANABA,MUNICIPALITY OF GARCIA HERNANDEZ,BOHOL',NULL,'BOHOL','MUNICIPALITY OF GARCIA HERNANDEZ',NULL,NULL,NULL,NULL,NULL,NULL,'WM-42c3523d:18a25af43fa:-7c88','RESIDENTIAL',1,NULL,'03','[]','ACTIVE',NULL,NULL,NULL),('WACCT4d8c0d7e:189b925a776:-7fb8','2161-JAMERO, FRANKLIN','IND6f989f8a:16cbbed8571:-3433','2161-JAMERO, FRANKLIN','local','047220022','MANABA','MANABA,MUNICIPALITY OF GARCIA HERNANDEZ,BOHOL',NULL,'BOHOL','MUNICIPALITY OF GARCIA HERNANDEZ',NULL,NULL,NULL,NULL,NULL,NULL,'WMbe12291:18a3fa9b053:-4b81','RESIDENTIAL',1,NULL,'03','[]','ACTIVE',NULL,NULL,NULL),('WACCT4d8c0d7e:189b925a776:-7fb9','1460-CADENAS, SERINA','IND9d5a4a9:151c2ee36e9:-7ec8','1460-CADENAS, SERINA','local','047220022','MANABA','MANABA,MUNICIPALITY OF GARCIA HERNANDEZ,BOHOL',NULL,'BOHOL','MUNICIPALITY OF GARCIA HERNANDEZ',NULL,NULL,NULL,NULL,NULL,NULL,'WM-51b8816b:189b8eff231:-7051','RESIDENTIAL',1,NULL,'03','[]','ACTIVE',NULL,NULL,NULL),('WACCT4d8c0d7e:189b925a776:-7fba','1458-JAMERO, NELITA','IND-230e4018:15266af505d:-7da9','1458-JAMERO, NELITA','local','047220022','MANABA','MANABA,MUNICIPALITY OF GARCIA HERNANDEZ,BOHOL',NULL,'BOHOL','MUNICIPALITY OF GARCIA HERNANDEZ',NULL,NULL,NULL,NULL,NULL,NULL,'WM-3282a7e8:18a1b099589:-3773','RESIDENTIAL',1,NULL,'03','[]','ACTIVE',NULL,NULL,NULL),('WACCT4d8c0d7e:189b925a776:-7fbb','1712-AGUANTA, TOMAS [P]','IND-17337a9d:1528aaba869:-7e70','1712-AGUANTA, TOMAS [P]','local','047220022','MANABA','MANABA,MUNICIPALITY OF GARCIA HERNANDEZ,BOHOL',NULL,'BOHOL','MUNICIPALITY OF GARCIA HERNANDEZ',NULL,NULL,NULL,NULL,NULL,NULL,'WM-51b8816b:189b8eff231:-7082','COMMERCIAL',1,NULL,'03','[]','ACTIVE',NULL,NULL,NULL),('WACCT4d8c0d7e:189b925a776:-7fd8','1457-MERICO, RESURRECCION','IND-453c8648:1516058fe36:-7fd3','1457-MERICO, RESURRECCION','local','047220022','MANABA','MANABA,MUNICIPALITY OF GARCIA HERNANDEZ,BOHOL',NULL,'BOHOL','MUNICIPALITY OF GARCIA HERNANDEZ',NULL,NULL,NULL,NULL,NULL,NULL,'WM-51b8816b:189b8eff231:-70c3','RESIDENTIAL',1,NULL,'03','[]','ACTIVE',NULL,NULL,NULL),('WACCT4d8c0d7e:189b925a776:-7fd9','1565-BRANZUELA, JULIETA','IND-e40f56c:151e5f50990:-7fb6','1565-BRANZUELA, JULIETA','local','047220022','MANABA','MANABA,MUNICIPALITY OF GARCIA HERNANDEZ,BOHOL',NULL,'BOHOL','MUNICIPALITY OF GARCIA HERNANDEZ',NULL,NULL,NULL,NULL,NULL,NULL,'WM-51b8816b:189b8eff231:-721a','RESIDENTIAL',1,NULL,'03','[]','ACTIVE',NULL,NULL,NULL),('WACCT4d8c0d7e:189b925a776:-7fda','1748-MACALOS, MA. NENA','IND-e40f56c:151e5f50990:-75f6','1748-MACALOS, MA. NENA','local','047220022','MANABA','MANABA,MUNICIPALITY OF GARCIA HERNANDEZ,BOHOL',NULL,'BOHOL','MUNICIPALITY OF GARCIA HERNANDEZ',NULL,NULL,NULL,NULL,NULL,NULL,'WMfe87b2e:18a2b3ea51e:-1850','RESIDENTIAL',1,NULL,'03','[]','ACTIVE',NULL,NULL,NULL),('WACCT4d8c0d7e:189b925a776:-7fdb','1453-GALGAO, LUZ','IND-230e4018:15266af505d:-7faa','1453-GALGAO, LUZ','local','047220022','MANABA','MANABA,MUNICIPALITY OF GARCIA HERNANDEZ,BOHOL',NULL,'BOHOL','MUNICIPALITY OF GARCIA HERNANDEZ',NULL,NULL,NULL,NULL,NULL,NULL,'WM-51b8816b:189b8eff231:-72e3','RESIDENTIAL',1,NULL,'03','[]','ACTIVE',NULL,NULL,NULL),('WACCT4d8c0d7e:189b925a776:-7fdc','2179-PADIERNOS, JULIE ANN','IND-77f9760b:17273887a99:-75af','2179-PADIERNOS, JULIE ANN','local','047220022','MANABA','MANABA,MUNICIPALITY OF GARCIA HERNANDEZ,BOHOL',NULL,'BOHOL','MUNICIPALITY OF GARCIA HERNANDEZ',NULL,NULL,NULL,NULL,NULL,NULL,'WMbe12291:18a3fa9b053:-4821','RESIDENTIAL',1,NULL,'03','[]','ACTIVE',NULL,NULL,NULL),('WACCT4d8c0d7e:189b925a776:-7fdd','1452-MUANA, MAXIMO','IND1eca1513:15184124957:-5c75','1452-MUANA, MAXIMO','local','047220022','MANABA','MANABA,MUNICIPALITY OF GARCIA HERNANDEZ,BOHOL',NULL,'BOHOL','MUNICIPALITY OF GARCIA HERNANDEZ',NULL,NULL,NULL,NULL,NULL,NULL,'WM-51b8816b:189b8eff231:-7392','RESIDENTIAL',1,NULL,'03','[]','ACTIVE',NULL,NULL,NULL),('WACCT4d8c0d7e:189b925a776:-7fde','1451-VIRTUDAZO, CITA','IND-6c991acb:151a9312383:-7f78','1451-VIRTUDAZO, CITA','local','047220022','MANABA','MANABA,MUNICIPALITY OF GARCIA HERNANDEZ,BOHOL',NULL,'BOHOL','MUNICIPALITY OF GARCIA HERNANDEZ',NULL,NULL,NULL,NULL,NULL,NULL,'WM-51b8816b:189b8eff231:-7253','RESIDENTIAL',1,NULL,'03','[]','ACTIVE',NULL,NULL,NULL),('WACCT4d8c0d7e:189b925a776:-7fdf','1450-VIRTUDAZO, PACIENCIO','IND-6c991acb:151a9312383:-7ff4','1450-VIRTUDAZO, PACIENCIO','local','047220022','MANABA','MANABA,MUNICIPALITY OF GARCIA HERNANDEZ,BOHOL',NULL,'BOHOL','MUNICIPALITY OF GARCIA HERNANDEZ',NULL,NULL,NULL,NULL,NULL,NULL,'WM-51b8816b:189b8eff231:-73d1','RESIDENTIAL',1,NULL,'03','[]','ACTIVE',NULL,NULL,NULL),('WACCT4d8c0d7e:189b925a776:-7fe0','2000-PORSUELO, MARDISON','IND-13850d53:15377922e1d:-7fc1','2000-PORSUELO, MARDISON','local','047220022','MANABA','MANABA,MUNICIPALITY OF GARCIA HERNANDEZ,BOHOL',NULL,'BOHOL','MUNICIPALITY OF GARCIA HERNANDEZ',NULL,NULL,NULL,NULL,NULL,NULL,'WMfe87b2e:18a2b3ea51e:572e','RESIDENTIAL',1,NULL,'03','[]','ACTIVE',NULL,NULL,NULL),('WACCT4d8c0d7e:189b925a776:-7fe1','1449-VIRTUDAZO, ROMAN','IND27ff5e5f:150e991c109:-6877','1449-VIRTUDAZO, ROMAN','local','047220022','MANABA','MANABA,MUNICIPALITY OF GARCIA HERNANDEZ,BOHOL',NULL,'BOHOL','MUNICIPALITY OF GARCIA HERNANDEZ',NULL,NULL,NULL,NULL,NULL,NULL,'WM-51b8816b:189b8eff231:-740f','RESIDENTIAL',1,NULL,'03','[]','ACTIVE',NULL,NULL,NULL),('WACCT4d8c0d7e:189b925a776:-7fe2','1448-PAGANAO, TERENCIO','IND-5bbfea82:154c656299c:-7d86','1448-PAGANAO, TERENCIO','local','047220022','MANABA','MANABA,MUNICIPALITY OF GARCIA HERNANDEZ,BOHOL',NULL,'BOHOL','MUNICIPALITY OF GARCIA HERNANDEZ',NULL,NULL,NULL,NULL,NULL,NULL,'WM-51b8816b:189b8eff231:-7440','RESIDENTIAL',1,NULL,'03','[]','ACTIVE',NULL,NULL,NULL),('WACCT4d8c0d7e:189b925a776:-7fe3','1447-TEJANO, JORGE','IND688d885a:152429834ff:-69e0','1447-TEJANO, JORGE','local','047220022','MANABA','MANABA,MUNICIPALITY OF GARCIA HERNANDEZ,BOHOL',NULL,'BOHOL','MUNICIPALITY OF GARCIA HERNANDEZ',NULL,NULL,NULL,NULL,NULL,NULL,'WM-51b8816b:189b8eff231:-74f4','RESIDENTIAL',1,NULL,'03','[]','ACTIVE',NULL,NULL,NULL),('WACCT4d8c0d7e:189b925a776:-7fe4','1446-GALIDO, JUANA','IND5bfe6c28:15160d5ff30:-5963','1446-GALIDO, JUANA','local','047220022','MANABA','MANABA,MUNICIPALITY OF GARCIA HERNANDEZ,BOHOL',NULL,'BOHOL','MUNICIPALITY OF GARCIA HERNANDEZ',NULL,NULL,NULL,NULL,NULL,NULL,'WM-40c963f2:189aec343e9:-6d7b','RESIDENTIAL',1,NULL,'03','[]','ACTIVE',NULL,NULL,NULL),('WACCT4d8c0d7e:189b925a776:-7ff9','2259-MERICO, RYARD','IND6b5a2a0e:1795397f910:-48eb','2259-MERICO, RYARD','local','047220022','MANABA','MANABA,MUNICIPALITY OF GARCIA HERNANDEZ,BOHOL',NULL,'BOHOL','MUNICIPALITY OF GARCIA HERNANDEZ',NULL,NULL,NULL,NULL,NULL,NULL,'WMbe12291:18a3fa9b053:-26f5','RESIDENTIAL',1,NULL,'03','[]','ACTIVE',NULL,NULL,NULL),('WACCT4d8c0d7e:189b925a776:-7ffa','1445-BAG-O, FAUSTINO','IND17c8c379:162ad1321b8:-77e5','1445-BAG-O, FAUSTINO','local','047220022','MANABA','MANABA,MUNICIPALITY OF GARCIA HERNANDEZ,BOHOL',NULL,'BOHOL','MUNICIPALITY OF GARCIA HERNANDEZ',NULL,NULL,NULL,NULL,NULL,NULL,'WM-51b8816b:189b8eff231:-75dd','RESIDENTIAL',1,NULL,'03','[]','ACTIVE',NULL,NULL,NULL),('WACCT4d8c0d7e:189b925a776:-7ffb','1444-ARANAS, LEONA','IND1864ccb7:156ba092201:-7b83','1444-ARANAS, LEONA','local','047220022','MANABA','MANABA,MUNICIPALITY OF GARCIA HERNANDEZ,BOHOL',NULL,'BOHOL','MUNICIPALITY OF GARCIA HERNANDEZ',NULL,NULL,NULL,NULL,NULL,NULL,'WM-51b8816b:189b8eff231:-763b','RESIDENTIAL',1,NULL,'03','[]','ACTIVE',NULL,NULL,NULL),('WACCT4d8c0d7e:189b925a776:-7ffc','1443-GALGAO, CONSTANCIO','IND-e40f56c:151e5f50990:-7677','1443-GALGAO, CONSTANCIO','local','047220022','MANABA','MANABA,MUNICIPALITY OF GARCIA HERNANDEZ,BOHOL',NULL,'BOHOL','MUNICIPALITY OF GARCIA HERNANDEZ',NULL,NULL,NULL,NULL,NULL,NULL,'WM-51b8816b:189b8eff231:-769c','RESIDENTIAL',1,NULL,'03','[]','ACTIVE',NULL,NULL,NULL),('WACCT4d8c0d7e:189b925a776:-7ffd','1442-JAMERO, TEOFILO MANABA','IND5bfe6c28:15160d5ff30:-5846','1442-JAMERO, TEOFILO MANABA','local','047220022','MANABA','MANABA,MUNICIPALITY OF GARCIA HERNANDEZ,BOHOL',NULL,'BOHOL','MUNICIPALITY OF GARCIA HERNANDEZ',NULL,NULL,NULL,NULL,NULL,NULL,'WM-51b8816b:189b8eff231:-7671','RESIDENTIAL',1,NULL,'03','[]','ACTIVE',NULL,NULL,NULL),('WACCT4d8c0d7e:189b925a776:-7ffe','1441-TIU, JACINTO','IND5bfe6c28:15160d5ff30:-58d8','1441-TIU, JACINTO','local','047220022','MANABA','MANABA,MUNICIPALITY OF GARCIA HERNANDEZ,BOHOL',NULL,'BOHOL','MUNICIPALITY OF GARCIA HERNANDEZ',NULL,NULL,NULL,NULL,NULL,NULL,'WM-51b8816b:189b8eff231:-76c7','RESIDENTIAL',1,NULL,'03','[]','ACTIVE',NULL,NULL,NULL),('WACCT4d8c0d7e:189b925a776:-7fff','2046-BALDUMAN, HERACLEO','IND-5f5826bc:15b562c7a63:ba3','2046-BALDUMAN, HERACLEO','local','047220022','MANABA','MANABA,MUNICIPALITY OF GARCIA HERNANDEZ,BOHOL',NULL,'BOHOL','MUNICIPALITY OF GARCIA HERNANDEZ',NULL,NULL,NULL,NULL,NULL,NULL,'WMfe87b2e:18a2bb5aaf6:-7fa7','RESIDENTIAL',1,NULL,'03','[]','ACTIVE',NULL,NULL,NULL),('WACCT4d8c0d7e:189b925a776:-8000','1494-DAY CARE, CENTER MANABA','IND4fbe7443:1511e21774a:-69ad','1494-DAY CARE, CENTER MANABA','local','047220022','MANABA','MANABA,MUNICIPALITY OF GARCIA HERNANDEZ,BOHOL',NULL,'BOHOL','MUNICIPALITY OF GARCIA HERNANDEZ',NULL,NULL,NULL,NULL,NULL,NULL,'WM-51b8816b:189b8eff231:-7882','INSTITUTIONAL',1,NULL,'03','[]','ACTIVE',NULL,NULL,NULL),('WACCT517ae648:18a06883977:-7fc1','314-ELLIVERA, BONIFACIO','IND5a230b44:150fa1652ff:-665b','314-ELLIVERA, BONIFACIO','local','047220028','EAST-ULBUJAN','EAST-ULBUJAN,MUNICIPALITY OF GARCIA HERNANDEZ,BOHOL',NULL,'BOHOL','MUNICIPALITY OF GARCIA HERNANDEZ',NULL,NULL,NULL,NULL,NULL,NULL,'WMef5b2be:18a4568879e:-32bf','RESIDENTIAL',1,NULL,'ULBUJAN','[]','ACTIVE',NULL,NULL,NULL),('WACCT517ae648:18a06883977:-7fc2','1823-BOYLES, PERLINA','IND5a230b44:150fa1652ff:-66b8','1823-BOYLES, PERLINA','local','047220028','EAST-ULBUJAN','EAST-ULBUJAN,MUNICIPALITY OF GARCIA HERNANDEZ,BOHOL',NULL,'BOHOL','MUNICIPALITY OF GARCIA HERNANDEZ',NULL,NULL,NULL,NULL,NULL,NULL,'WMfe87b2e:18a2b3ea51e:8f4','RESIDENTIAL',1,NULL,'ULBUJAN','[]','ACTIVE',NULL,NULL,NULL),('WACCT517ae648:18a06883977:-7fc3','2288-PAGLINAWAN, ROSAFE','IND-64cf843e:17fd43e3850:-7938','2288-PAGLINAWAN, ROSAFE','local','047220028','EAST-ULBUJAN','EAST-ULBUJAN,MUNICIPALITY OF GARCIA HERNANDEZ,BOHOL',NULL,'BOHOL','MUNICIPALITY OF GARCIA HERNANDEZ',NULL,NULL,NULL,NULL,NULL,NULL,'WMbe12291:18a3fa9b053:-fce','RESIDENTIAL',1,NULL,'ULBUJAN','[]','ACTIVE',NULL,NULL,NULL),('WACCT517ae648:18a06883977:-7fc4','313-PAGLINAWAN, FORTUNATO','IND5a230b44:150fa1652ff:-6715','313-PAGLINAWAN, FORTUNATO','local','047220028','EAST-ULBUJAN','EAST-ULBUJAN,MUNICIPALITY OF GARCIA HERNANDEZ,BOHOL',NULL,'BOHOL','MUNICIPALITY OF GARCIA HERNANDEZ',NULL,NULL,NULL,NULL,NULL,NULL,'WMef5b2be:18a4568879e:-350f','RESIDENTIAL',1,NULL,'ULBUJAN','[]','ACTIVE',NULL,NULL,NULL),('WACCT517ae648:18a06883977:-7fc5','311-OCLARIT, CRISPO','IND5a230b44:150fa1652ff:-6772','311-OCLARIT, CRISPO','local','047220028','EAST-ULBUJAN','EAST-ULBUJAN,MUNICIPALITY OF GARCIA HERNANDEZ,BOHOL',NULL,'BOHOL','MUNICIPALITY OF GARCIA HERNANDEZ',NULL,NULL,NULL,NULL,NULL,NULL,'WMef5b2be:18a4568879e:-3673','RESIDENTIAL',1,NULL,'ULBUJAN','[]','ACTIVE',NULL,NULL,NULL),('WACCT517ae648:18a06883977:-7fc6','310-GALAGAR, ALMA','IND5a230b44:150fa1652ff:-67cf','310-GALAGAR, ALMA','local','047220028','EAST-ULBUJAN','EAST-ULBUJAN,MUNICIPALITY OF GARCIA HERNANDEZ,BOHOL',NULL,'BOHOL','MUNICIPALITY OF GARCIA HERNANDEZ',NULL,NULL,NULL,NULL,NULL,NULL,'WMef5b2be:18a4568879e:-383e','RESIDENTIAL',1,NULL,'ULBUJAN','[]','ACTIVE',NULL,NULL,NULL),('WACCT517ae648:18a06883977:-7fc7','1988-PAGLINAWAN, RICO','IND5a230b44:150fa1652ff:-61e6','1988-PAGLINAWAN, RICO','local','047220028','EAST-ULBUJAN','EAST-ULBUJAN,MUNICIPALITY OF GARCIA HERNANDEZ,BOHOL',NULL,'BOHOL','MUNICIPALITY OF GARCIA HERNANDEZ',NULL,NULL,NULL,NULL,NULL,NULL,'WMfe87b2e:18a2b3ea51e:4d38','RESIDENTIAL',1,NULL,'ULBUJAN','[]','ACTIVE',NULL,NULL,NULL),('WACCT517ae648:18a06883977:-7fc8','308-BACAS, FLORA','IND5a230b44:150fa1652ff:-6943','308-BACAS, FLORA','local','047220028','EAST-ULBUJAN','EAST-ULBUJAN,MUNICIPALITY OF GARCIA HERNANDEZ,BOHOL',NULL,'BOHOL','MUNICIPALITY OF GARCIA HERNANDEZ',NULL,NULL,NULL,NULL,NULL,NULL,'WMef5b2be:18a4568879e:-3c26','RESIDENTIAL',1,NULL,'ULBUJAN','[]','ACTIVE',NULL,NULL,NULL),('WACCT517ae648:18a06883977:-7fc9','1744-BACAS, MARCIAL','IND5a230b44:150fa1652ff:-682c','1744-BACAS, MARCIAL','local','047220028','EAST-ULBUJAN','EAST-ULBUJAN,MUNICIPALITY OF GARCIA HERNANDEZ,BOHOL',NULL,'BOHOL','MUNICIPALITY OF GARCIA HERNANDEZ',NULL,NULL,NULL,NULL,NULL,NULL,'WMfe87b2e:18a2b3ea51e:-1d3d','RESIDENTIAL',1,NULL,'ULBUJAN','[]','ACTIVE',NULL,NULL,NULL),('WACCT517ae648:18a06883977:-7fca','309-PAGLINAWAN, QUILIANO','IND5a230b44:150fa1652ff:-6889','309-PAGLINAWAN, QUILIANO','local','047220028','EAST-ULBUJAN','EAST-ULBUJAN,MUNICIPALITY OF GARCIA HERNANDEZ,BOHOL',NULL,'BOHOL','MUNICIPALITY OF GARCIA HERNANDEZ',NULL,NULL,NULL,NULL,NULL,NULL,'WMef5b2be:18a4568879e:-39f5','RESIDENTIAL',1,NULL,'ULBUJAN','[]','ACTIVE',NULL,NULL,NULL),('WACCT517ae648:18a06883977:-7fcc','307-CAGAMPANG, FELECIANO','IND5a230b44:150fa1652ff:-69a0','307-CAGAMPANG, FELECIANO','local','047220028','EAST-ULBUJAN','EAST-ULBUJAN,MUNICIPALITY OF GARCIA HERNANDEZ,BOHOL',NULL,'BOHOL','MUNICIPALITY OF GARCIA HERNANDEZ',NULL,NULL,NULL,NULL,NULL,NULL,'WMef5b2be:18a4568879e:-3d8a','RESIDENTIAL',1,NULL,'ULBUJAN','[]','ACTIVE',NULL,NULL,NULL),('WACCT517ae648:18a06883977:-7fcd','306-ALABA, AGAPITO','IND5a230b44:150fa1652ff:-69fd','306-ALABA, AGAPITO','local','047220028','EAST-ULBUJAN','EAST-ULBUJAN,MUNICIPALITY OF GARCIA HERNANDEZ,BOHOL',NULL,'BOHOL','MUNICIPALITY OF GARCIA HERNANDEZ',NULL,NULL,NULL,NULL,NULL,NULL,'WMef5b2be:18a4568879e:-3eee','RESIDENTIAL',1,NULL,'ULBUJAN','[]','ACTIVE',NULL,NULL,NULL),('WACCT517ae648:18a06883977:-7fce','2227-TABIOLO, MILLER','IND56d2714a:11730f02b5a:-5c17','2227-TABIOLO, MILLER','local','047220028','EAST-ULBUJAN','EAST-ULBUJAN,MUNICIPALITY OF GARCIA HERNANDEZ,BOHOL',NULL,'BOHOL','MUNICIPALITY OF GARCIA HERNANDEZ',NULL,NULL,NULL,NULL,NULL,NULL,'WMbe12291:18a3fa9b053:-3233','RESIDENTIAL',1,NULL,'ULBUJAN','[]','ACTIVE',NULL,NULL,NULL),('WACCT517ae648:18a06883977:-7fcf','2151-TARAY, DOMIE','IND6a1c14a4:16ad2a89042:-7d86','2151-TARAY, DOMIE','local','047220028','EAST-ULBUJAN','EAST-ULBUJAN,MUNICIPALITY OF GARCIA HERNANDEZ,BOHOL',NULL,'BOHOL','MUNICIPALITY OF GARCIA HERNANDEZ',NULL,NULL,NULL,NULL,NULL,NULL,'WMbe12291:18a3fa9b053:-5388','RESIDENTIAL',1,NULL,'ULBUJAN','[]','ACTIVE',NULL,NULL,NULL),('WACCT517ae648:18a06883977:-7fd0','2201-ACERA, MARILYN','IND-5aa4d117:170c2275da7:-6c93','2201-ACERA, MARILYN','local','047220028','EAST-ULBUJAN','EAST-ULBUJAN,MUNICIPALITY OF GARCIA HERNANDEZ,BOHOL',NULL,'BOHOL','MUNICIPALITY OF GARCIA HERNANDEZ',NULL,NULL,NULL,NULL,NULL,NULL,'WMbe12291:18a3fa9b053:-4501','RESIDENTIAL',1,NULL,'ULBUJAN','[]','ACTIVE',NULL,NULL,NULL),('WACCT517ae648:18a06883977:-7fd1','2275 - CAGAMPANG, ANTONIO','IND-363135c9:17bdc7fdcac:-7448','2275 - CAGAMPANG, ANTONIO','local','047220028','EAST-ULBUJAN','EAST-ULBUJAN,MUNICIPALITY OF GARCIA HERNANDEZ,BOHOL',NULL,'BOHOL','MUNICIPALITY OF GARCIA HERNANDEZ',NULL,NULL,NULL,NULL,NULL,NULL,'WMbe12291:18a3fa9b053:-1db1','RESIDENTIAL',1,NULL,'ULBUJAN','[]','ACTIVE',NULL,NULL,NULL),('WACCT517ae648:18a06883977:-7fd2','305-CAGAMPANG, CALIXTA','IND5a230b44:150fa1652ff:-6a5a','305-CAGAMPANG, CALIXTA','local','047220028','EAST-ULBUJAN','EAST-ULBUJAN,MUNICIPALITY OF GARCIA HERNANDEZ,BOHOL',NULL,'BOHOL','MUNICIPALITY OF GARCIA HERNANDEZ',NULL,NULL,NULL,NULL,NULL,NULL,'WMef5b2be:18a4568879e:-4052','RESIDENTIAL',1,NULL,'ULBUJAN','[]','ACTIVE',NULL,NULL,NULL),('WACCT517ae648:18a06883977:-7fd3','303-ALABA, GREGORIO','IND5a230b44:150fa1652ff:-6b71','303-ALABA, GREGORIO','local','047220028','EAST-ULBUJAN','EAST-ULBUJAN,MUNICIPALITY OF GARCIA HERNANDEZ,BOHOL',NULL,'BOHOL','MUNICIPALITY OF GARCIA HERNANDEZ',NULL,NULL,NULL,NULL,NULL,NULL,'WMef5b2be:18a4568879e:-43a3','RESIDENTIAL',1,NULL,'ULBUJAN','[]','ACTIVE',NULL,NULL,NULL),('WACCT517ae648:18a06883977:-7fd4','2017-ACEBU, CECILIA GALENDO','IND-73353a3d:1543b4640d4:-7d0a','2017-ACEBU, CECILIA GALENDO','local','047220028','EAST-ULBUJAN','EAST-ULBUJAN,MUNICIPALITY OF GARCIA HERNANDEZ,BOHOL',NULL,'BOHOL','MUNICIPALITY OF GARCIA HERNANDEZ',NULL,NULL,NULL,NULL,NULL,NULL,'WMfe87b2e:18a2b3ea51e:6249','RESIDENTIAL',1,NULL,'ULBUJAN','[]','ACTIVE',NULL,NULL,NULL),('WACCT517ae648:18a06883977:-7fd5','302-LAGANAO, MARCIANO','IND5a230b44:150fa1652ff:-6bce','302-LAGANAO, MARCIANO','local','047220028','EAST-ULBUJAN','EAST-ULBUJAN,MUNICIPALITY OF GARCIA HERNANDEZ,BOHOL',NULL,'BOHOL','MUNICIPALITY OF GARCIA HERNANDEZ',NULL,NULL,NULL,NULL,NULL,NULL,'WMef5b2be:18a4568879e:-4528','RESIDENTIAL',1,NULL,'ULBUJAN','[]','ACTIVE',NULL,NULL,NULL),('WACCT517ae648:18a06883977:-7fd6','304-ALABA, FLAVIO','IND5a230b44:150fa1652ff:-6b14','304-ALABA, FLAVIO','local','047220028','EAST-ULBUJAN','EAST-ULBUJAN,MUNICIPALITY OF GARCIA HERNANDEZ,BOHOL',NULL,'BOHOL','MUNICIPALITY OF GARCIA HERNANDEZ',NULL,NULL,NULL,NULL,NULL,NULL,'WMef5b2be:18a4568879e:-41b6','RESIDENTIAL',1,NULL,'ULBUJAN','[]','ACTIVE',NULL,NULL,NULL),('WACCT517ae648:18a06883977:-7fd7','1720-GALBIZO, GLENDA','IND5a230b44:150fa1652ff:-6c2b','1720-GALBIZO, GLENDA','local','047220028','EAST-ULBUJAN','EAST-ULBUJAN,MUNICIPALITY OF GARCIA HERNANDEZ,BOHOL',NULL,'BOHOL','MUNICIPALITY OF GARCIA HERNANDEZ',NULL,NULL,NULL,NULL,NULL,NULL,'WMfe87b2e:18a2b3ea51e:-23a3','RESIDENTIAL',1,NULL,'ULBUJAN','[]','ACTIVE',NULL,NULL,NULL),('WACCT517ae648:18a06883977:-7fd8','300-CAGAMPANG, HILARIO','IND5a230b44:150fa1652ff:-6c88','300-CAGAMPANG, HILARIO','local','047220028','EAST-ULBUJAN','EAST-ULBUJAN,MUNICIPALITY OF GARCIA HERNANDEZ,BOHOL',NULL,'BOHOL','MUNICIPALITY OF GARCIA HERNANDEZ',NULL,NULL,NULL,NULL,NULL,NULL,'WMef5b2be:18a4568879e:-4721','RESIDENTIAL',1,NULL,'ULBUJAN','[]','ACTIVE',NULL,NULL,NULL),('WACCT517ae648:18a06883977:-7fd9','299-URBUDA, BASILIO','IND5a230b44:150fa1652ff:-6ce5','299-URBUDA, BASILIO','local','047220028','EAST-ULBUJAN','EAST-ULBUJAN,MUNICIPALITY OF GARCIA HERNANDEZ,BOHOL',NULL,'BOHOL','MUNICIPALITY OF GARCIA HERNANDEZ',NULL,NULL,NULL,NULL,NULL,NULL,'WMef5b2be:18a4568879e:-488d','RESIDENTIAL',1,NULL,'ULBUJAN','[]','ACTIVE',NULL,NULL,NULL),('WACCT517ae648:18a06883977:-7fda','298-MONTEJO, FELIX','IND5a230b44:150fa1652ff:-6d42','298-MONTEJO, FELIX','local','047220028','EAST-ULBUJAN','EAST-ULBUJAN,MUNICIPALITY OF GARCIA HERNANDEZ,BOHOL',NULL,'BOHOL','MUNICIPALITY OF GARCIA HERNANDEZ',NULL,NULL,NULL,NULL,NULL,NULL,'WMef5b2be:18a4568879e:-49f1','RESIDENTIAL',1,NULL,'ULBUJAN','[]','ACTIVE',NULL,NULL,NULL),('WACCT517ae648:18a06883977:-7fdb','1968-DALOGDOG, GERTRUDES','IND5a230b44:150fa1652ff:-7cc2','1968-DALOGDOG, GERTRUDES','local','047220028','EAST-ULBUJAN','EAST-ULBUJAN,MUNICIPALITY OF GARCIA HERNANDEZ,BOHOL',NULL,'BOHOL','MUNICIPALITY OF GARCIA HERNANDEZ',NULL,NULL,NULL,NULL,NULL,NULL,'WMfe87b2e:18a2b3ea51e:3fab','RESIDENTIAL',1,NULL,'ULBUJAN','[]','ACTIVE',NULL,NULL,NULL),('WACCT517ae648:18a06883977:-7fdc','297-ABUCEJO, AURELIO','IND5a230b44:150fa1652ff:-6d9f','297-ABUCEJO, AURELIO','local','047220028','EAST-ULBUJAN','EAST-ULBUJAN,MUNICIPALITY OF GARCIA HERNANDEZ,BOHOL',NULL,'BOHOL','MUNICIPALITY OF GARCIA HERNANDEZ',NULL,NULL,NULL,NULL,NULL,NULL,'WMef5b2be:18a4568879e:-4b94','RESIDENTIAL',1,NULL,'ULBUJAN','[]','ACTIVE',NULL,NULL,NULL),('WACCT517ae648:18a06883977:-7fdd','1653-SALARDA, SILVANO','IND5a230b44:150fa1652ff:-6dfc','1653-SALARDA, SILVANO','local','047220028','EAST-ULBUJAN','EAST-ULBUJAN,MUNICIPALITY OF GARCIA HERNANDEZ,BOHOL',NULL,'BOHOL','MUNICIPALITY OF GARCIA HERNANDEZ',NULL,NULL,NULL,NULL,NULL,NULL,'WMfe87b2e:18a2b3ea51e:-47e1','RESIDENTIAL',1,NULL,'ULBUJAN','[]','ACTIVE',NULL,NULL,NULL),('WACCT517ae648:18a06883977:-7fde','296-PAGLINAWAN, MONICO','IND5a230b44:150fa1652ff:-6e5a','296-PAGLINAWAN, MONICO','local','047220028','EAST-ULBUJAN','EAST-ULBUJAN,MUNICIPALITY OF GARCIA HERNANDEZ,BOHOL',NULL,'BOHOL','MUNICIPALITY OF GARCIA HERNANDEZ',NULL,NULL,NULL,NULL,NULL,NULL,'WMef5b2be:18a4568879e:-4d37','RESIDENTIAL',1,NULL,'ULBUJAN','[]','ACTIVE',NULL,NULL,NULL),('WACCT517ae648:18a06883977:-7fdf','322-BANDAYANON, AUDIE','IND5a230b44:150fa1652ff:-702b','322-BANDAYANON, AUDIE','local','047220028','EAST-ULBUJAN','EAST-ULBUJAN,MUNICIPALITY OF GARCIA HERNANDEZ,BOHOL',NULL,'BOHOL','MUNICIPALITY OF GARCIA HERNANDEZ',NULL,NULL,NULL,NULL,NULL,NULL,'WMef5b2be:18a4568879e:-275a','RESIDENTIAL',1,NULL,'ULBUJAN','[]','ACTIVE',NULL,NULL,NULL),('WACCT517ae648:18a06883977:-7fe0','295-ABRAU, MACARIA','IND5a230b44:150fa1652ff:-7088','295-ABRAU, MACARIA','local','047220028','EAST-ULBUJAN','EAST-ULBUJAN,MUNICIPALITY OF GARCIA HERNANDEZ,BOHOL',NULL,'BOHOL','MUNICIPALITY OF GARCIA HERNANDEZ',NULL,NULL,NULL,NULL,NULL,NULL,'WMef5b2be:18a4568879e:-4ea9','RESIDENTIAL',1,NULL,'ULBUJAN','[]','ACTIVE',NULL,NULL,NULL),('WACCT517ae648:18a06883977:-7fe1','1859-ESCLAMADO, PETRONIO','IND5a230b44:150fa1652ff:-6fce','1859-ESCLAMADO, PETRONIO','local','047220028','EAST-ULBUJAN','EAST-ULBUJAN,MUNICIPALITY OF GARCIA HERNANDEZ,BOHOL',NULL,'BOHOL','MUNICIPALITY OF GARCIA HERNANDEZ',NULL,NULL,NULL,NULL,NULL,NULL,'WMfe87b2e:18a2b3ea51e:1876','RESIDENTIAL',1,NULL,'ULBUJAN','[]','ACTIVE',NULL,NULL,NULL),('WACCT517ae648:18a06883977:-7fe2','294-CAADA, NERESA','IND-3f4a50e1:1550e5fd433:-7764','294-CAADA, NERESA','local','047220028','EAST-ULBUJAN','EAST-ULBUJAN,MUNICIPALITY OF GARCIA HERNANDEZ,BOHOL',NULL,'BOHOL','MUNICIPALITY OF GARCIA HERNANDEZ',NULL,NULL,NULL,NULL,NULL,NULL,'WMef5b2be:18a4568879e:-50a5','RESIDENTIAL',1,NULL,'ULBUJAN','[]','ACTIVE',NULL,NULL,NULL),('WACCT517ae648:18a06883977:-7fe3','293-EDNILAN, TEODORO','IND5a230b44:150fa1652ff:-70e5','293-EDNILAN, TEODORO','local','047220028','EAST-ULBUJAN','EAST-ULBUJAN,MUNICIPALITY OF GARCIA HERNANDEZ,BOHOL',NULL,'BOHOL','MUNICIPALITY OF GARCIA HERNANDEZ',NULL,NULL,NULL,NULL,NULL,NULL,'WMef5b2be:18a4568879e:-5209','RESIDENTIAL',1,NULL,'ULBUJAN','[]','ACTIVE',NULL,NULL,NULL),('WACCT517ae648:18a06883977:-7fe4','292-CAGAMPANG, ANDRES','IND5a230b44:150fa1652ff:-7142','292-CAGAMPANG, ANDRES','local','047220028','EAST-ULBUJAN','EAST-ULBUJAN,MUNICIPALITY OF GARCIA HERNANDEZ,BOHOL',NULL,'BOHOL','MUNICIPALITY OF GARCIA HERNANDEZ',NULL,NULL,NULL,NULL,NULL,NULL,'WMef5b2be:18a4568879e:-536d','RESIDENTIAL',1,NULL,'ULBUJAN','[]','ACTIVE',NULL,NULL,NULL),('WACCT517ae648:18a06883977:-7fe5','290-CENIZA, FLORA','IND5a230b44:150fa1652ff:-719f','290-CENIZA, FLORA','local','047220028','EAST-ULBUJAN','EAST-ULBUJAN,MUNICIPALITY OF GARCIA HERNANDEZ,BOHOL',NULL,'BOHOL','MUNICIPALITY OF GARCIA HERNANDEZ',NULL,NULL,NULL,NULL,NULL,NULL,'WMef5b2be:18a4568879e:-54d1','RESIDENTIAL',1,NULL,'ULBUJAN','[]','ACTIVE',NULL,NULL,NULL),('WACCT517ae648:18a06883977:-7fe6','289-LLUP, DERRICK','IND5a230b44:150fa1652ff:-7259','289-LLUP, DERRICK','local','047220028','EAST-ULBUJAN','EAST-ULBUJAN,MUNICIPALITY OF GARCIA HERNANDEZ,BOHOL',NULL,'BOHOL','MUNICIPALITY OF GARCIA HERNANDEZ',NULL,NULL,NULL,NULL,NULL,NULL,'WMef5b2be:18a4568879e:-564a','RESIDENTIAL',1,NULL,'ULBUJAN','[]','ACTIVE',NULL,NULL,NULL),('WACCT517ae648:18a06883977:-7fe7','288-GALLENTES, ERNESTO','IND5a230b44:150fa1652ff:-71fc','288-GALLENTES, ERNESTO','local','047220028','EAST-ULBUJAN','EAST-ULBUJAN,MUNICIPALITY OF GARCIA HERNANDEZ,BOHOL',NULL,'BOHOL','MUNICIPALITY OF GARCIA HERNANDEZ',NULL,NULL,NULL,NULL,NULL,NULL,'WMef5b2be:18a4568879e:-57c9','RESIDENTIAL',1,NULL,'ULBUJAN','[]','ACTIVE',NULL,NULL,NULL),('WACCT517ae648:18a06883977:-7fe8','2098-ESMEDINA, LADISLAO','IND686137f6:163ceedc581:-7f20','2098-ESMEDINA, LADISLAO','local','047220028','EAST-ULBUJAN','EAST-ULBUJAN,MUNICIPALITY OF GARCIA HERNANDEZ,BOHOL',NULL,'BOHOL','MUNICIPALITY OF GARCIA HERNANDEZ',NULL,NULL,NULL,NULL,NULL,NULL,'WM253d93cf:18a3fa48cff:-7856','RESIDENTIAL',1,NULL,'ULBUJAN','[]','ACTIVE',NULL,NULL,NULL),('WACCT517ae648:18a06883977:-7fe9','2109-ESCLAMADO, JOVENCIO','IND-508cc6cc:164e8c1ce18:-7ee9','2109-ESCLAMADO, JOVENCIO','local','047220028','EAST-ULBUJAN','EAST-ULBUJAN,MUNICIPALITY OF GARCIA HERNANDEZ,BOHOL',NULL,'BOHOL','MUNICIPALITY OF GARCIA HERNANDEZ',NULL,NULL,NULL,NULL,NULL,NULL,'WMbe12291:18a3fa9b053:-770f','RESIDENTIAL',1,NULL,'ULBUJAN','[]','ACTIVE',NULL,NULL,NULL),('WACCT517ae648:18a06883977:-7fea','2082-HALASAN, ROSE','IND-7ce8e0bf:16163a39b8e:-7fbe','2082-HALASAN, ROSE','local','047220028','EAST-ULBUJAN','EAST-ULBUJAN,MUNICIPALITY OF GARCIA HERNANDEZ,BOHOL',NULL,'BOHOL','MUNICIPALITY OF GARCIA HERNANDEZ',NULL,NULL,NULL,NULL,NULL,NULL,'WMfe87b2e:18a2bb5aaf6:-6a0a','RESIDENTIAL',1,NULL,'ULBUJAN','[]','ACTIVE',NULL,NULL,NULL),('WACCT517ae648:18a06883977:-7feb','287-HALASAN, GERARDO','IND5a230b44:150fa1652ff:-72b6','287-HALASAN, GERARDO','local','047220028','EAST-ULBUJAN','EAST-ULBUJAN,MUNICIPALITY OF GARCIA HERNANDEZ,BOHOL',NULL,'BOHOL','MUNICIPALITY OF GARCIA HERNANDEZ',NULL,NULL,NULL,NULL,NULL,NULL,'WMef5b2be:18a4568879e:-5955','RESIDENTIAL',1,NULL,'ULBUJAN','[]','ACTIVE',NULL,NULL,NULL),('WACCT517ae648:18a06883977:-7fec','286-GALENDO, ANECITO','IND5a230b44:150fa1652ff:-7313','286-GALENDO, ANECITO','local','047220028','EAST-ULBUJAN','EAST-ULBUJAN,MUNICIPALITY OF GARCIA HERNANDEZ,BOHOL',NULL,'BOHOL','MUNICIPALITY OF GARCIA HERNANDEZ',NULL,NULL,NULL,NULL,NULL,NULL,'WMef5b2be:18a4568879e:-5ab9','RESIDENTIAL',1,NULL,'ULBUJAN','[]','ACTIVE',NULL,NULL,NULL),('WACCT517ae648:18a06883977:-7fed','285-ELLEVERA, PEDRO','IND5a230b44:150fa1652ff:-6f71','285-ELLEVERA, PEDRO','local','047220028','EAST-ULBUJAN','EAST-ULBUJAN,MUNICIPALITY OF GARCIA HERNANDEZ,BOHOL',NULL,'BOHOL','MUNICIPALITY OF GARCIA HERNANDEZ',NULL,NULL,NULL,NULL,NULL,NULL,'WMef5b2be:18a4568879e:-5c1d','RESIDENTIAL',1,NULL,'ULBUJAN','[]','ACTIVE',NULL,NULL,NULL),('WACCT517ae648:18a06883977:-7fee','323-PELIGRINO, OSCAR','IND5a230b44:150fa1652ff:-759e','323-PELIGRINO, OSCAR','local','047220028','EAST-ULBUJAN','EAST-ULBUJAN,MUNICIPALITY OF GARCIA HERNANDEZ,BOHOL',NULL,'BOHOL','MUNICIPALITY OF GARCIA HERNANDEZ',NULL,NULL,NULL,NULL,NULL,NULL,'WMef5b2be:18a4568879e:-25f6','RESIDENTIAL',1,NULL,'ULBUJAN','[]','ACTIVE',NULL,NULL,NULL),('WACCT517ae648:18a06883977:-7fef','282-ALAAN, JOSE KYLE','IND5a230b44:150fa1652ff:-7487','282-ALAAN, JOSE KYLE','local','047220028','EAST-ULBUJAN','EAST-ULBUJAN,MUNICIPALITY OF GARCIA HERNANDEZ,BOHOL',NULL,'BOHOL','MUNICIPALITY OF GARCIA HERNANDEZ',NULL,NULL,NULL,NULL,NULL,NULL,'WMef5b2be:18a4568879e:-6163','RESIDENTIAL',1,NULL,'ULBUJAN','[]','ACTIVE',NULL,NULL,NULL),('WACCT517ae648:18a06883977:-7ff0','284-BANUAG, EUGENIA','IND5a230b44:150fa1652ff:-7370','284-BANUAG, EUGENIA','local','047220028','EAST-ULBUJAN','EAST-ULBUJAN,MUNICIPALITY OF GARCIA HERNANDEZ,BOHOL',NULL,'BOHOL','MUNICIPALITY OF GARCIA HERNANDEZ',NULL,NULL,NULL,NULL,NULL,NULL,'WMef5b2be:18a4568879e:-5db3','RESIDENTIAL',1,NULL,'ULBUJAN','[]','ACTIVE',NULL,NULL,NULL),('WACCT517ae648:18a06883977:-7ff1','283-PELIGRINO, PROCOPIO','IND5a230b44:150fa1652ff:-73cd','283-PELIGRINO, PROCOPIO','local','047220028','EAST-ULBUJAN','EAST-ULBUJAN,MUNICIPALITY OF GARCIA HERNANDEZ,BOHOL',NULL,'BOHOL','MUNICIPALITY OF GARCIA HERNANDEZ',NULL,NULL,NULL,NULL,NULL,NULL,'WMef5b2be:18a4568879e:-5fce','RESIDENTIAL',1,NULL,'ULBUJAN','[]','ACTIVE',NULL,NULL,NULL),('WACCT517ae648:18a06883977:-7ff2','281-ALABA, JUSTINIANO','IND5a230b44:150fa1652ff:-74e4','281-ALABA, JUSTINIANO','local','047220028','EAST-ULBUJAN','EAST-ULBUJAN,MUNICIPALITY OF GARCIA HERNANDEZ,BOHOL',NULL,'BOHOL','MUNICIPALITY OF GARCIA HERNANDEZ',NULL,NULL,NULL,NULL,NULL,NULL,'WMef5b2be:18a4568879e:-62ed','RESIDENTIAL',1,NULL,'ULBUJAN','[]','ACTIVE',NULL,NULL,NULL),('WACCT517ae648:18a06883977:-7ff3','280-CAGAMPANG, PABLO','IND5a230b44:150fa1652ff:-7541','280-CAGAMPANG, PABLO','local','047220028','EAST-ULBUJAN','EAST-ULBUJAN,MUNICIPALITY OF GARCIA HERNANDEZ,BOHOL',NULL,'BOHOL','MUNICIPALITY OF GARCIA HERNANDEZ',NULL,NULL,NULL,NULL,NULL,NULL,'WMef5b2be:18a4568879e:-6451','RESIDENTIAL',1,NULL,'ULBUJAN','[]','ACTIVE',NULL,NULL,NULL),('WACCT517ae648:18a06883977:-7ff4','1926-BALABA, VIRGE','IND5a230b44:150fa1652ff:-6f14','1926-BALABA, VIRGE','local','047220028','EAST-ULBUJAN','EAST-ULBUJAN,MUNICIPALITY OF GARCIA HERNANDEZ,BOHOL',NULL,'BOHOL','MUNICIPALITY OF GARCIA HERNANDEZ',NULL,NULL,NULL,NULL,NULL,NULL,'WMfe87b2e:18a2b3ea51e:3085','RESIDENTIAL',1,NULL,'ULBUJAN','[]','ACTIVE',NULL,NULL,NULL),('WACCT517ae648:18a06883977:-7ff5','279-BALABA, EULALIA','IND5a230b44:150fa1652ff:-7680','279-BALABA, EULALIA','local','047220028','EAST-ULBUJAN','EAST-ULBUJAN,MUNICIPALITY OF GARCIA HERNANDEZ,BOHOL',NULL,'BOHOL','MUNICIPALITY OF GARCIA HERNANDEZ',NULL,NULL,NULL,NULL,NULL,NULL,'WMef5b2be:18a4568879e:-65f1','RESIDENTIAL',1,NULL,'ULBUJAN','[]','ACTIVE',NULL,NULL,NULL),('WACCT517ae648:18a06883977:-7ff6','278-EDNILAN, NENITA','IND5a230b44:150fa1652ff:-76e7','278-EDNILAN, NENITA','local','047220028','EAST-ULBUJAN','EAST-ULBUJAN,MUNICIPALITY OF GARCIA HERNANDEZ,BOHOL',NULL,'BOHOL','MUNICIPALITY OF GARCIA HERNANDEZ',NULL,NULL,NULL,NULL,NULL,NULL,'WMef5b2be:18a4568879e:-6778','RESIDENTIAL',1,NULL,'ULBUJAN','[]','ACTIVE',NULL,NULL,NULL),('WACCT517ae648:18a06883977:-7ff7','2367-BACATAN, NIEVES','IND2ad96704:187db1c5f82:-7e19','2367-BACATAN, NIEVES','local','047220028','EAST-ULBUJAN','EAST-ULBUJAN,MUNICIPALITY OF GARCIA HERNANDEZ,BOHOL',NULL,'BOHOL','MUNICIPALITY OF GARCIA HERNANDEZ',NULL,NULL,NULL,NULL,NULL,NULL,'WMbe12291:18a3fa9b053:2a00','RESIDENTIAL',1,NULL,'ULBUJAN','[]','ACTIVE',NULL,NULL,NULL),('WACCT517ae648:18a06883977:-7ff8','276-BRGY. HALL CENTER, EAST ULBUJAN','IND5a230b44:150fa1652ff:-77a1','276-BRGY. HALL CENTER, EAST ULBUJAN','local','047220028','EAST-ULBUJAN','EAST-ULBUJAN,MUNICIPALITY OF GARCIA HERNANDEZ,BOHOL',NULL,'BOHOL','MUNICIPALITY OF GARCIA HERNANDEZ',NULL,NULL,NULL,NULL,NULL,NULL,'WMef5b2be:18a4568879e:-68ff','INSTITUTIONAL',1,NULL,'ULBUJAN','[]','ACTIVE',NULL,NULL,NULL),('WACCT517ae648:18a06883977:-7ff9','275 BARTON, EVANGELINE','IND-30beec07:1562ecdfac1:-7439','275 BARTON, EVANGELINE','local','047220028','EAST-ULBUJAN','EAST-ULBUJAN,MUNICIPALITY OF GARCIA HERNANDEZ,BOHOL',NULL,'BOHOL','MUNICIPALITY OF GARCIA HERNANDEZ',NULL,NULL,NULL,NULL,NULL,NULL,'WMef5b2be:18a4568879e:-6a63','RESIDENTIAL',1,NULL,'ULBUJAN','[]','ACTIVE',NULL,NULL,NULL),('WACCT517ae648:18a06883977:-7ffa','274-MACALOS, CONSTANCIO','IND5a230b44:150fa1652ff:-77ff','274-MACALOS, CONSTANCIO','local','047220028','EAST-ULBUJAN','EAST-ULBUJAN,MUNICIPALITY OF GARCIA HERNANDEZ,BOHOL',NULL,'BOHOL','MUNICIPALITY OF GARCIA HERNANDEZ',NULL,NULL,NULL,NULL,NULL,NULL,'WMef5b2be:18a4568879e:-6c67','RESIDENTIAL',1,NULL,'ULBUJAN','[]','ACTIVE',NULL,NULL,NULL),('WACCT517ae648:18a06883977:-7ffb','273-ALABA, ESTEBAN','IND5a230b44:150fa1652ff:-785c','273-ALABA, ESTEBAN','local','047220028','EAST-ULBUJAN','EAST-ULBUJAN,MUNICIPALITY OF GARCIA HERNANDEZ,BOHOL',NULL,'BOHOL','MUNICIPALITY OF GARCIA HERNANDEZ',NULL,NULL,NULL,NULL,NULL,NULL,'WMef5b2be:18a4568879e:-6dcb','RESIDENTIAL',1,NULL,'ULBUJAN','[]','ACTIVE',NULL,NULL,NULL),('WACCT517ae648:18a06883977:-7ffc','2033-DE ASIS, APRIL EASTER','IND-28dcb93a:1572b28d7fa:-7f23','2033-DE ASIS, APRIL EASTER','local','047220028','EAST-ULBUJAN','EAST-ULBUJAN,MUNICIPALITY OF GARCIA HERNANDEZ,BOHOL',NULL,'BOHOL','MUNICIPALITY OF GARCIA HERNANDEZ',NULL,NULL,NULL,NULL,NULL,NULL,'WMfe87b2e:18a2b3ea51e:787b','RESIDENTIAL',1,NULL,'ULBUJAN','[]','ACTIVE',NULL,NULL,NULL),('WACCT54907434:18a0149c0b7:-7f53','2027-GAPUTAN, EDILRIA 2','IND-3d0353b8:1573fc8743d:-5a6b','2027-GAPUTAN, EDILRIA 2','local','047220028','EAST-ULBUJAN','EAST-ULBUJAN,MUNICIPALITY OF GARCIA HERNANDEZ,BOHOL',NULL,'BOHOL','MUNICIPALITY OF GARCIA HERNANDEZ',NULL,NULL,NULL,NULL,NULL,NULL,'WMfe87b2e:18a2b3ea51e:7063','RESIDENTIAL',1,NULL,'ULBUJAN','[]','ACTIVE',NULL,NULL,NULL),('WACCT54907434:18a0149c0b7:-7f54','2278-GALACIO, LOURDES 2','INDac7961:17b571e6ed3:-7e1b','2278-GALACIO, LOURDES 2','local','047220028','EAST-ULBUJAN','EAST-ULBUJAN,MUNICIPALITY OF GARCIA HERNANDEZ,BOHOL',NULL,'BOHOL','MUNICIPALITY OF GARCIA HERNANDEZ',NULL,NULL,NULL,NULL,NULL,NULL,'WMbe12291:18a3fa9b053:-17d1','RESIDENTIAL',1,NULL,'ULBUJAN','[]','ACTIVE',NULL,NULL,NULL),('WACCT54907434:18a0149c0b7:-7f55','1755-GAPUTAN, EDILREA','IND5a230b44:150fa1652ff:-7973','1755-GAPUTAN, EDILREA','local','047220028','EAST-ULBUJAN','EAST-ULBUJAN,MUNICIPALITY OF GARCIA HERNANDEZ,BOHOL',NULL,'BOHOL','MUNICIPALITY OF GARCIA HERNANDEZ',NULL,NULL,NULL,NULL,NULL,NULL,'WMfe87b2e:18a2b3ea51e:-121e','RESIDENTIAL',1,NULL,'ULBUJAN','[]','ACTIVE',NULL,NULL,NULL),('WACCT54907434:18a0149c0b7:-7f56','270-GALACIO, TEODORO','IND5a230b44:150fa1652ff:-79d0','270-GALACIO, TEODORO','local','047220028','EAST-ULBUJAN','EAST-ULBUJAN,MUNICIPALITY OF GARCIA HERNANDEZ,BOHOL',NULL,'BOHOL','MUNICIPALITY OF GARCIA HERNANDEZ',NULL,NULL,NULL,NULL,NULL,NULL,'WMef5b2be:18a4568879e:-6f2f','RESIDENTIAL',1,NULL,'ULBUJAN','[]','ACTIVE',NULL,NULL,NULL),('WACCT54907434:18a0149c0b7:-7f57','2368-SADUDAQUIL, JESSIBEL','IND-47b784fc:18847121cc2:-7e19','2368-SADUDAQUIL, JESSIBEL','local','047220028','EAST-ULBUJAN','EAST-ULBUJAN,MUNICIPALITY OF GARCIA HERNANDEZ,BOHOL',NULL,'BOHOL','MUNICIPALITY OF GARCIA HERNANDEZ',NULL,NULL,NULL,NULL,NULL,NULL,'WMbe12291:18a3fa9b053:2b65','RESIDENTIAL',1,NULL,'ULBUJAN','[]','ACTIVE',NULL,NULL,NULL),('WACCT54907434:18a0149c0b7:-7f58','269-CAGAMPANG, JUAN','IND5a230b44:150fa1652ff:-7a2d','269-CAGAMPANG, JUAN','local','047220028','EAST-ULBUJAN','EAST-ULBUJAN,MUNICIPALITY OF GARCIA HERNANDEZ,BOHOL',NULL,'BOHOL','MUNICIPALITY OF GARCIA HERNANDEZ',NULL,NULL,NULL,NULL,NULL,NULL,'WMef5b2be:18a4568879e:-70cf','RESIDENTIAL',1,NULL,'ULBUJAN','[]','ACTIVE',NULL,NULL,NULL),('WACCT54907434:18a0149c0b7:-7f59','2202-HALASAN, MA. JOVELYN','IND-5aa4d117:170c2275da7:-6c1b','2202-HALASAN, MA. JOVELYN','local','047220028','EAST-ULBUJAN','EAST-ULBUJAN,MUNICIPALITY OF GARCIA HERNANDEZ,BOHOL',NULL,'BOHOL','MUNICIPALITY OF GARCIA HERNANDEZ',NULL,NULL,NULL,NULL,NULL,NULL,'WMbe12291:18a3fa9b053:-439d','RESIDENTIAL',1,NULL,'ULBUJAN','[]','ACTIVE',NULL,NULL,NULL),('WACCT54907434:18a0149c0b7:-7f5a','268-GALES, NAZARIO','IND5a230b44:150fa1652ff:-7a8a','268-GALES, NAZARIO','local','047220028','EAST-ULBUJAN','EAST-ULBUJAN,MUNICIPALITY OF GARCIA HERNANDEZ,BOHOL',NULL,'BOHOL','MUNICIPALITY OF GARCIA HERNANDEZ',NULL,NULL,NULL,NULL,NULL,NULL,'WMef5b2be:18a4568879e:-7233','RESIDENTIAL',1,NULL,'ULBUJAN','[]','ACTIVE',NULL,NULL,NULL),('WACCT54907434:18a0149c0b7:-7f5b','267-CAGAMPANG, FORTUNATA','IND5a230b44:150fa1652ff:-7623','267-CAGAMPANG, FORTUNATA','local','047220028','EAST-ULBUJAN','EAST-ULBUJAN,MUNICIPALITY OF GARCIA HERNANDEZ,BOHOL',NULL,'BOHOL','MUNICIPALITY OF GARCIA HERNANDEZ',NULL,NULL,NULL,NULL,NULL,NULL,'WMef5b2be:18a4568879e:-73af','RESIDENTIAL',1,NULL,'ULBUJAN','[]','ACTIVE',NULL,NULL,NULL),('WACCT54907434:18a0149c0b7:-7f5c','266-ESCLAMADO, ANATOLIA','IND5a230b44:150fa1652ff:-7af1','266-ESCLAMADO, ANATOLIA','local','047220028','EAST-ULBUJAN','EAST-ULBUJAN,MUNICIPALITY OF GARCIA HERNANDEZ,BOHOL',NULL,'BOHOL','MUNICIPALITY OF GARCIA HERNANDEZ',NULL,NULL,NULL,NULL,NULL,NULL,'WMef5b2be:18a4568879e:-757b','RESIDENTIAL',1,NULL,'ULBUJAN','[]','ACTIVE',NULL,NULL,NULL),('WACCT54907434:18a0149c0b7:-7f5d','1998-MACARAYO, LUCIANA','IND-7f194f15:15358b26e6f:-7dc6','1998-MACARAYO, LUCIANA','local','047220028','EAST-ULBUJAN','EAST-ULBUJAN,MUNICIPALITY OF GARCIA HERNANDEZ,BOHOL',NULL,'BOHOL','MUNICIPALITY OF GARCIA HERNANDEZ',NULL,NULL,NULL,NULL,NULL,NULL,'WMfe87b2e:18a2b3ea51e:5599','RESIDENTIAL',1,NULL,'ULBUJAN','[]','ACTIVE',NULL,NULL,NULL),('WACCT54907434:18a0149c0b7:-7f5e','265-PAGLINAWAN, RUFINO','IND5a230b44:150fa1652ff:-7b4e','265-PAGLINAWAN, RUFINO','local','047220028','EAST-ULBUJAN','EAST-ULBUJAN,MUNICIPALITY OF GARCIA HERNANDEZ,BOHOL',NULL,'BOHOL','MUNICIPALITY OF GARCIA HERNANDEZ',NULL,NULL,NULL,NULL,NULL,NULL,'WMef5b2be:18a4568879e:-76f2','RESIDENTIAL',1,NULL,'ULBUJAN','[]','ACTIVE',NULL,NULL,NULL),('WACCT54907434:18a0149c0b7:-7f5f','261-MACARAYO, IGNACIA','IND5a230b44:150fa1652ff:-7d1f','261-MACARAYO, IGNACIA','local','047220028','EAST-ULBUJAN','EAST-ULBUJAN,MUNICIPALITY OF GARCIA HERNANDEZ,BOHOL',NULL,'BOHOL','MUNICIPALITY OF GARCIA HERNANDEZ',NULL,NULL,NULL,NULL,NULL,NULL,'WMef5b2be:18a4568879e:-7d97','RESIDENTIAL',1,NULL,'ULBUJAN','[]','ACTIVE',NULL,NULL,NULL),('WACCT54907434:18a0149c0b7:-7f60','264-NALITAN, VICTOR','IND5a230b44:150fa1652ff:-7bab','264-NALITAN, VICTOR','local','047220028','EAST-ULBUJAN','EAST-ULBUJAN,MUNICIPALITY OF GARCIA HERNANDEZ,BOHOL',NULL,'BOHOL','MUNICIPALITY OF GARCIA HERNANDEZ',NULL,NULL,NULL,NULL,NULL,NULL,'WMef5b2be:18a4568879e:-78a8','RESIDENTIAL',1,NULL,'ULBUJAN','[]','ACTIVE',NULL,NULL,NULL),('WACCT54907434:18a0149c0b7:-7f61','263-GALIDO, JOHN MARK','IND5a230b44:150fa1652ff:-7c08','263-GALIDO, JOHN MARK','local','047220028','EAST-ULBUJAN','EAST-ULBUJAN,MUNICIPALITY OF GARCIA HERNANDEZ,BOHOL',NULL,'BOHOL','MUNICIPALITY OF GARCIA HERNANDEZ',NULL,NULL,NULL,NULL,NULL,NULL,'WMef5b2be:18a4568879e:-7a83','RESIDENTIAL',1,NULL,'ULBUJAN','[]','ACTIVE',NULL,NULL,NULL),('WACCT54907434:18a0149c0b7:-7f62','262-ELLIVERA, RUEL','IND5a230b44:150fa1652ff:-7c65','262-ELLIVERA, RUEL','local','047220028','EAST-ULBUJAN','EAST-ULBUJAN,MUNICIPALITY OF GARCIA HERNANDEZ,BOHOL',NULL,'BOHOL','MUNICIPALITY OF GARCIA HERNANDEZ',NULL,NULL,NULL,NULL,NULL,NULL,'WMef5b2be:18a4568879e:-7c09','RESIDENTIAL',1,NULL,'ULBUJAN','[]','ACTIVE',NULL,NULL,NULL),('WACCT54907434:18a0149c0b7:-7f63','2277-BAJA, MARILOU','IND3e45c37d:17b51a75590:-6eba','2277-BAJA, MARILOU','local','047220028','EAST-ULBUJAN','EAST-ULBUJAN,MUNICIPALITY OF GARCIA HERNANDEZ,BOHOL',NULL,'BOHOL','MUNICIPALITY OF GARCIA HERNANDEZ',NULL,NULL,NULL,NULL,NULL,NULL,'WMbe12291:18a3fa9b053:-19c1','RESIDENTIAL',1,NULL,'ULBUJAN','[]','ACTIVE',NULL,NULL,NULL),('WACCT54907434:18a0149c0b7:-7f64','2291-TARAY, THELMA','IND76272f16:17e4304e54d:-7de7','2291-TARAY, THELMA','local','047220028','EAST-ULBUJAN','EAST-ULBUJAN,MUNICIPALITY OF GARCIA HERNANDEZ,BOHOL',NULL,'BOHOL','MUNICIPALITY OF GARCIA HERNANDEZ',NULL,NULL,NULL,NULL,NULL,NULL,'WMbe12291:18a3fa9b053:-e5c','RESIDENTIAL',1,NULL,'ULBUJAN','[]','ACTIVE',NULL,NULL,NULL),('WACCT54907434:18a0149c0b7:-7f65','324-DIEZMANOS, ANTONIO','IND5a230b44:150fa1652ff:-7d7c','324-DIEZMANOS, ANTONIO','local','047220028','EAST-ULBUJAN','EAST-ULBUJAN,MUNICIPALITY OF GARCIA HERNANDEZ,BOHOL',NULL,'BOHOL','MUNICIPALITY OF GARCIA HERNANDEZ',NULL,NULL,NULL,NULL,NULL,NULL,'WMef5b2be:18a4568879e:-2453','RESIDENTIAL',1,NULL,'ULBUJAN','[]','ACTIVE',NULL,NULL,NULL),('WACCT54907434:18a0149c0b7:-7f66','260-PAGLINAWAN, MANUEL','IND5a230b44:150fa1652ff:-7df2','260-PAGLINAWAN, MANUEL','local','047220028','EAST-ULBUJAN','EAST-ULBUJAN,MUNICIPALITY OF GARCIA HERNANDEZ,BOHOL',NULL,'BOHOL','MUNICIPALITY OF GARCIA HERNANDEZ',NULL,NULL,NULL,NULL,NULL,NULL,'WMef5b2be:18a4568879e:-7efb','RESIDENTIAL',1,NULL,'ULBUJAN','[]','ACTIVE',NULL,NULL,NULL),('WACCT54907434:18a0149c0b7:-7f67','259-VALLEJOS, MARCIANO','IND5a230b44:150fa1652ff:-7e4f','259-VALLEJOS, MARCIANO','local','047220028','EAST-ULBUJAN','EAST-ULBUJAN,MUNICIPALITY OF GARCIA HERNANDEZ,BOHOL',NULL,'BOHOL','MUNICIPALITY OF GARCIA HERNANDEZ',NULL,NULL,NULL,NULL,NULL,NULL,'WM-6cd314ad:18a43d9add5:-773e','RESIDENTIAL',1,NULL,'ULBUJAN','[]','ACTIVE',NULL,NULL,NULL),('WACCT54907434:18a0149c0b7:-7f68','258-SADUDAQUIL, EDEN','IND5a230b44:150fa1652ff:-7ebd','258-SADUDAQUIL, EDEN','local','047220028','EAST-ULBUJAN','EAST-ULBUJAN,MUNICIPALITY OF GARCIA HERNANDEZ,BOHOL',NULL,'BOHOL','MUNICIPALITY OF GARCIA HERNANDEZ',NULL,NULL,NULL,NULL,NULL,NULL,'WM-6cd314ad:18a43d9add5:-78a2','RESIDENTIAL',1,NULL,'ULBUJAN','[]','ACTIVE',NULL,NULL,NULL),('WACCT54907434:18a0149c0b7:-7f69','257-SADUDAQUIL, VIRGILIO','IND5a230b44:150fa1652ff:-7f1a','257-SADUDAQUIL, VIRGILIO','local','047220028','EAST-ULBUJAN','EAST-ULBUJAN,MUNICIPALITY OF GARCIA HERNANDEZ,BOHOL',NULL,'BOHOL','MUNICIPALITY OF GARCIA HERNANDEZ',NULL,NULL,NULL,NULL,NULL,NULL,'WM-6cd314ad:18a43d9add5:-7a9f','RESIDENTIAL',1,NULL,'ULBUJAN','[]','ACTIVE',NULL,NULL,NULL),('WACCT54907434:18a0149c0b7:-7f6a','1908-BAJA, DONATA 2','IND5a230b44:150fa1652ff:-7ff4','1908-BAJA, DONATA 2','local','047220028','EAST-ULBUJAN','EAST-ULBUJAN,MUNICIPALITY OF GARCIA HERNANDEZ,BOHOL',NULL,'BOHOL','MUNICIPALITY OF GARCIA HERNANDEZ',NULL,NULL,NULL,NULL,NULL,NULL,'WMfe87b2e:18a2b3ea51e:26dd','RESIDENTIAL',1,NULL,'ULBUJAN','[]','ACTIVE',NULL,NULL,NULL),('WACCT54907434:18a0149c0b7:-7f6b','256-TADENA, CONCORDIA','IND5a230b44:150fa1652ff:-7f78','256-TADENA, CONCORDIA','local','047220028','EAST-ULBUJAN','EAST-ULBUJAN,MUNICIPALITY OF GARCIA HERNANDEZ,BOHOL',NULL,'BOHOL','MUNICIPALITY OF GARCIA HERNANDEZ',NULL,NULL,NULL,NULL,NULL,NULL,'WM-6cd314ad:18a43d9add5:-7c75','RESIDENTIAL',1,NULL,'ULBUJAN','[]','ACTIVE',NULL,NULL,NULL),('WACCT54907434:18a0149c0b7:-7f6c','255-OCLARIT, SERGIA','IND7713b3e6:150f946035c:-7664','255-OCLARIT, SERGIA','local','047220028','EAST-ULBUJAN','EAST-ULBUJAN,MUNICIPALITY OF GARCIA HERNANDEZ,BOHOL',NULL,'BOHOL','MUNICIPALITY OF GARCIA HERNANDEZ',NULL,NULL,NULL,NULL,NULL,NULL,'WM-6cd314ad:18a43d9add5:-7ec7','RESIDENTIAL',1,NULL,'ULBUJAN','[]','ACTIVE',NULL,NULL,NULL),('WACCT54907434:18a0149c0b7:-7f6d','254-SADUDAQUIL, MACARIA','IND7713b3e6:150f946035c:-76c1','254-SADUDAQUIL, MACARIA','local','047220028','EAST-ULBUJAN','EAST-ULBUJAN,MUNICIPALITY OF GARCIA HERNANDEZ,BOHOL',NULL,'BOHOL','MUNICIPALITY OF GARCIA HERNANDEZ',NULL,NULL,NULL,NULL,NULL,NULL,'WMbe12291:18a3fa9b053:5432','RESIDENTIAL',1,NULL,'ULBUJAN','[]','ACTIVE',NULL,NULL,NULL),('WACCT54907434:18a0149c0b7:-7f6e','2090-GALON, LIEU CAGAMPANG','IND-6d37b1da:161abbde092:-7e2c','2090-GALON, LIEU CAGAMPANG','local','047220028','EAST-ULBUJAN','EAST-ULBUJAN,MUNICIPALITY OF GARCIA HERNANDEZ,BOHOL',NULL,'BOHOL','MUNICIPALITY OF GARCIA HERNANDEZ',NULL,NULL,NULL,NULL,NULL,NULL,'WMfe87b2e:18a2bb5aaf6:-6381','RESIDENTIAL',1,NULL,'ULBUJAN','[]','ACTIVE',NULL,NULL,NULL),('WACCT54907434:18a0149c0b7:-7f6f','253-GALON, EUBERTO','IND7713b3e6:150f946035c:-771e','253-GALON, EUBERTO','local','047220028','EAST-ULBUJAN','EAST-ULBUJAN,MUNICIPALITY OF GARCIA HERNANDEZ,BOHOL',NULL,'BOHOL','MUNICIPALITY OF GARCIA HERNANDEZ',NULL,NULL,NULL,NULL,NULL,NULL,'WMbe12291:18a3fa9b053:5275','RESIDENTIAL',1,NULL,'ULBUJAN','[]','ACTIVE',NULL,NULL,NULL),('WACCT54907434:18a0149c0b7:-7f70','2127-AGBON, MANUEL','IND48538692:16777ad8a76:-7da5','2127-AGBON, MANUEL','local','047220028','EAST-ULBUJAN','EAST-ULBUJAN,MUNICIPALITY OF GARCIA HERNANDEZ,BOHOL',NULL,'BOHOL','MUNICIPALITY OF GARCIA HERNANDEZ',NULL,NULL,NULL,NULL,NULL,NULL,'WMbe12291:18a3fa9b053:-6951','RESIDENTIAL',1,NULL,'ULBUJAN','[]','ACTIVE',NULL,NULL,NULL),('WACCT54907434:18a0149c0b7:-7f71','251-GALAURA, RENE','IND7713b3e6:150f946035c:-77d8','251-GALAURA, RENE','local','047220028','EAST-ULBUJAN','EAST-ULBUJAN,MUNICIPALITY OF GARCIA HERNANDEZ,BOHOL',NULL,'BOHOL','MUNICIPALITY OF GARCIA HERNANDEZ',NULL,NULL,NULL,NULL,NULL,NULL,'WMbe12291:18a3fa9b053:50c9','RESIDENTIAL',1,NULL,'ULBUJAN','[]','ACTIVE',NULL,NULL,NULL),('WACCT54907434:18a0149c0b7:-7f72','249-ALAAN, BEATA','IND7713b3e6:150f946035c:-7892','249-ALAAN, BEATA','local','047220028','EAST-ULBUJAN','EAST-ULBUJAN,MUNICIPALITY OF GARCIA HERNANDEZ,BOHOL',NULL,'BOHOL','MUNICIPALITY OF GARCIA HERNANDEZ',NULL,NULL,NULL,NULL,NULL,NULL,'WMbe12291:18a3fa9b053:4b39','RESIDENTIAL',1,NULL,'ULBUJAN','[]','ACTIVE',NULL,NULL,NULL),('WACCT54907434:18a0149c0b7:-7f73','250-ALAAN, PEDRO','IND7713b3e6:150f946035c:-7835','250-ALAAN, PEDRO','local','047220028','EAST-ULBUJAN','EAST-ULBUJAN,MUNICIPALITY OF GARCIA HERNANDEZ,BOHOL',NULL,'BOHOL','MUNICIPALITY OF GARCIA HERNANDEZ',NULL,NULL,NULL,NULL,NULL,NULL,'WMbe12291:18a3fa9b053:4c9d','RESIDENTIAL',1,NULL,'ULBUJAN','[]','ACTIVE',NULL,NULL,NULL),('WACCT54907434:18a0149c0b7:-7f74','248-ALABA, TEOTIMO','IND7713b3e6:150f946035c:-7900','248-ALABA, TEOTIMO','local','047220028','EAST-ULBUJAN','EAST-ULBUJAN,MUNICIPALITY OF GARCIA HERNANDEZ,BOHOL',NULL,'BOHOL','MUNICIPALITY OF GARCIA HERNANDEZ',NULL,NULL,NULL,NULL,NULL,NULL,'WMbe12291:18a3fa9b053:48d3','RESIDENTIAL',1,NULL,'ULBUJAN','[]','ACTIVE',NULL,NULL,NULL),('WACCT54907434:18a0149c0b7:-7f75','247-ALABA, FELIPE','IND7713b3e6:150f946035c:-795d','247-ALABA, FELIPE','local','047220028','EAST-ULBUJAN','EAST-ULBUJAN,MUNICIPALITY OF GARCIA HERNANDEZ,BOHOL',NULL,'BOHOL','MUNICIPALITY OF GARCIA HERNANDEZ',NULL,NULL,NULL,NULL,NULL,NULL,'WMbe12291:18a3fa9b053:4423','RESIDENTIAL',1,NULL,'ULBUJAN','[]','ACTIVE',NULL,NULL,NULL),('WACCT54907434:18a0149c0b7:-7f76','246-ALABA, EUTROPIO','IND7713b3e6:150f946035c:-79bb','246-ALABA, EUTROPIO','local','047220028','EAST-ULBUJAN','EAST-ULBUJAN,MUNICIPALITY OF GARCIA HERNANDEZ,BOHOL',NULL,'BOHOL','MUNICIPALITY OF GARCIA HERNANDEZ',NULL,NULL,NULL,NULL,NULL,NULL,'WMbe12291:18a3fa9b053:42aa','RESIDENTIAL',1,NULL,'ULBUJAN','[]','ACTIVE',NULL,NULL,NULL),('WACCT54907434:18a0149c0b7:-7f77','1956-PAGLINAWAN, GALO COGON','IND5a230b44:150fa1652ff:-62a0','1956-PAGLINAWAN, GALO COGON','local','047220028','EAST-ULBUJAN','EAST-ULBUJAN,MUNICIPALITY OF GARCIA HERNANDEZ,BOHOL',NULL,'BOHOL','MUNICIPALITY OF GARCIA HERNANDEZ',NULL,NULL,NULL,NULL,NULL,NULL,'WMfe87b2e:18a2b3ea51e:3a0b','RESIDENTIAL',1,NULL,'ULBUJAN','[]','ACTIVE',NULL,NULL,NULL),('WACCT54907434:18a0149c0b7:-7f78','1884-PAHUYO, MOISES','IND7713b3e6:150f946035c:-7a18','1884-PAHUYO, MOISES','local','047220028','EAST-ULBUJAN','EAST-ULBUJAN,MUNICIPALITY OF GARCIA HERNANDEZ,BOHOL',NULL,'BOHOL','MUNICIPALITY OF GARCIA HERNANDEZ',NULL,NULL,NULL,NULL,NULL,NULL,'WMfe87b2e:18a2b3ea51e:2254','RESIDENTIAL',1,NULL,'ULBUJAN','[]','ACTIVE',NULL,NULL,NULL),('WACCT54907434:18a0149c0b7:-7f79','244-GALES, SIMPLICIO 1','IND7713b3e6:150f946035c:-7ae3','244-GALES, SIMPLICIO 1','local','047220028','EAST-ULBUJAN','EAST-ULBUJAN,MUNICIPALITY OF GARCIA HERNANDEZ,BOHOL',NULL,'BOHOL','MUNICIPALITY OF GARCIA HERNANDEZ',NULL,NULL,NULL,NULL,NULL,NULL,'WMbe12291:18a3fa9b053:3f90','RESIDENTIAL',1,NULL,'ULBUJAN','[]','ACTIVE',NULL,NULL,NULL),('WACCT54907434:18a0149c0b7:-7f7a','245-GALES, SIMPLICIO 2','IND7713b3e6:150f946035c:-7a86','245-GALES, SIMPLICIO 2','local','047220028','EAST-ULBUJAN','EAST-ULBUJAN,MUNICIPALITY OF GARCIA HERNANDEZ,BOHOL',NULL,'BOHOL','MUNICIPALITY OF GARCIA HERNANDEZ',NULL,NULL,NULL,NULL,NULL,NULL,'WMbe12291:18a3fa9b053:4123','RESIDENTIAL',1,NULL,'ULBUJAN','[]','ACTIVE',NULL,NULL,NULL),('WACCT54907434:18a0149c0b7:-7f7b','243-BAJA, DONATA','IND7713b3e6:150f946035c:-7b40','243-BAJA, DONATA','local','047220028','EAST-ULBUJAN','EAST-ULBUJAN,MUNICIPALITY OF GARCIA HERNANDEZ,BOHOL',NULL,'BOHOL','MUNICIPALITY OF GARCIA HERNANDEZ',NULL,NULL,NULL,NULL,NULL,NULL,'WMbe12291:18a3fa9b053:3e17','RESIDENTIAL',1,NULL,'ULBUJAN','[]','ACTIVE',NULL,NULL,NULL),('WACCT54907434:18a0149c0b7:-7f7c','242-GALEMBA, MARCELO','IND7713b3e6:150f946035c:-7b9d','242-GALEMBA, MARCELO','local','047220028','EAST-ULBUJAN','EAST-ULBUJAN,MUNICIPALITY OF GARCIA HERNANDEZ,BOHOL',NULL,'BOHOL','MUNICIPALITY OF GARCIA HERNANDEZ',NULL,NULL,NULL,NULL,NULL,NULL,'WMbe12291:18a3fa9b053:3a81','RESIDENTIAL',1,NULL,'ULBUJAN','[]','ACTIVE',NULL,NULL,NULL),('WACCT54907434:18a0149c0b7:-7f7d','241-ARGON, MAGDALINA','IND7713b3e6:150f946035c:-7bfa','241-ARGON, MAGDALINA','local','047220028','EAST-ULBUJAN','EAST-ULBUJAN,MUNICIPALITY OF GARCIA HERNANDEZ,BOHOL',NULL,'BOHOL','MUNICIPALITY OF GARCIA HERNANDEZ',NULL,NULL,NULL,NULL,NULL,NULL,'WMbe12291:18a3fa9b053:391d','RESIDENTIAL',1,NULL,'ULBUJAN','[]','ACTIVE',NULL,NULL,NULL),('WACCT54907434:18a0149c0b7:-7f7e','1892-ALAAN, DORECA','IND7713b3e6:150f946035c:-7c57','1892-ALAAN, DORECA','local','047220028','EAST-ULBUJAN','EAST-ULBUJAN,MUNICIPALITY OF GARCIA HERNANDEZ,BOHOL',NULL,'BOHOL','MUNICIPALITY OF GARCIA HERNANDEZ',NULL,NULL,NULL,NULL,NULL,NULL,'WMfe87b2e:18a2b3ea51e:2415','RESIDENTIAL',1,NULL,'ULBUJAN','[]','ACTIVE',NULL,NULL,NULL),('WACCT54907434:18a0149c0b7:-7f7f','1721-VIRADOR, HONORATO NACARAN','IND7713b3e6:150f946035c:-7cb4','1721-VIRADOR, HONORATO NACARAN','local','047220028','EAST-ULBUJAN','EAST-ULBUJAN,MUNICIPALITY OF GARCIA HERNANDEZ,BOHOL',NULL,'BOHOL','MUNICIPALITY OF GARCIA HERNANDEZ',NULL,NULL,NULL,NULL,NULL,NULL,'WMfe87b2e:18a2b3ea51e:-223f','COMMERCIAL',1,NULL,'ULBUJAN','[]','ACTIVE',NULL,NULL,NULL),('WACCT54907434:18a0149c0b7:-7f80','1871-DELA PEA, EDGAR','IND7713b3e6:150f946035c:-7d12','1871-DELA PEA, EDGAR','local','047220028','EAST-ULBUJAN','EAST-ULBUJAN,MUNICIPALITY OF GARCIA HERNANDEZ,BOHOL',NULL,'BOHOL','MUNICIPALITY OF GARCIA HERNANDEZ',NULL,NULL,NULL,NULL,NULL,NULL,'WMfe87b2e:18a2b3ea51e:1d20','RESIDENTIAL',1,NULL,'ULBUJAN','[]','ACTIVE',NULL,NULL,NULL),('WACCT54907434:18a0149c0b7:-7f81','2019-GALENDO, ANASTACIO','IND2d4469f3:1556bda964f:-7ddd','2019-GALENDO, ANASTACIO','local','047220028','EAST-ULBUJAN','EAST-ULBUJAN,MUNICIPALITY OF GARCIA HERNANDEZ,BOHOL',NULL,'BOHOL','MUNICIPALITY OF GARCIA HERNANDEZ',NULL,NULL,NULL,NULL,NULL,NULL,'WMfe87b2e:18a2b3ea51e:6582','RESIDENTIAL',1,NULL,'ULBUJAN','[]','ACTIVE',NULL,NULL,NULL),('WACCT54907434:18a0149c0b7:-7f82','1598-ACABO, ARTEMIO','IND-1843056d:150f3d8a391:-7a51','1598-ACABO, ARTEMIO','local','047220028','EAST-ULBUJAN','EAST-ULBUJAN,MUNICIPALITY OF GARCIA HERNANDEZ,BOHOL',NULL,'BOHOL','MUNICIPALITY OF GARCIA HERNANDEZ',NULL,NULL,NULL,NULL,NULL,NULL,'WMfe87b2e:18a2b3ea51e:-4e3d','RESIDENTIAL',1,NULL,'ULBUJAN','[]','ACTIVE',NULL,NULL,NULL),('WACCT54907434:18a0149c0b7:-7f83','1862-GALENDO, SABINA','IND7713b3e6:150f946035c:-7de5','1862-GALENDO, SABINA','local','047220028','EAST-ULBUJAN','EAST-ULBUJAN,MUNICIPALITY OF GARCIA HERNANDEZ,BOHOL',NULL,'BOHOL','MUNICIPALITY OF GARCIA HERNANDEZ',NULL,NULL,NULL,NULL,NULL,NULL,'WMfe87b2e:18a2b3ea51e:1b9e','RESIDENTIAL',1,NULL,'ULBUJAN','[]','ACTIVE',NULL,NULL,NULL),('WACCT54907434:18a0149c0b7:-7f84','1667-GALENDO, ELLEN','IND7713b3e6:150f946035c:-7d70','1667-GALENDO, ELLEN','local','047220028','EAST-ULBUJAN','EAST-ULBUJAN,MUNICIPALITY OF GARCIA HERNANDEZ,BOHOL',NULL,'BOHOL','MUNICIPALITY OF GARCIA HERNANDEZ',NULL,NULL,NULL,NULL,NULL,NULL,'WMfe87b2e:18a2b3ea51e:-3e32','RESIDENTIAL',1,NULL,'ULBUJAN','[]','ACTIVE',NULL,NULL,NULL),('WACCT54907434:18a0149c0b7:-7f85','239-OCLARIT, SAMUEL','IND7713b3e6:150f946035c:-7e42','239-OCLARIT, SAMUEL','local','047220028','EAST-ULBUJAN','EAST-ULBUJAN,MUNICIPALITY OF GARCIA HERNANDEZ,BOHOL',NULL,'BOHOL','MUNICIPALITY OF GARCIA HERNANDEZ',NULL,NULL,NULL,NULL,NULL,NULL,'WMbe12291:18a3fa9b053:379b','RESIDENTIAL',1,NULL,'ULBUJAN','[]','ACTIVE',NULL,NULL,NULL),('WACCT54907434:18a0149c0b7:-7f86','2136-LLANTO, JOSICA','IND-6a367bdd:16936a4f794:-7e6b','2136-LLANTO, JOSICA','local','047220028','EAST-ULBUJAN','EAST-ULBUJAN,MUNICIPALITY OF GARCIA HERNANDEZ,BOHOL',NULL,'BOHOL','MUNICIPALITY OF GARCIA HERNANDEZ',NULL,NULL,NULL,NULL,NULL,NULL,'WMbe12291:18a3fa9b053:-6045','RESIDENTIAL',1,NULL,'ULBUJAN','[]','ACTIVE',NULL,NULL,NULL),('WACCT54907434:18a0149c0b7:-7f87','238-AMOLATO, IRENEA','IND7713b3e6:150f946035c:-7ebf','238-AMOLATO, IRENEA','local','047220028','EAST-ULBUJAN','EAST-ULBUJAN,MUNICIPALITY OF GARCIA HERNANDEZ,BOHOL',NULL,'BOHOL','MUNICIPALITY OF GARCIA HERNANDEZ',NULL,NULL,NULL,NULL,NULL,NULL,'WMbe12291:18a3fa9b053:3234','RESIDENTIAL',1,NULL,'ULBUJAN','[]','ACTIVE',NULL,NULL,NULL),('WACCT54907434:18a0149c0b7:-7f88','237-PAGLINAWAN, ANSELMA','IND7713b3e6:150f946035c:-7f4f','237-PAGLINAWAN, ANSELMA','local','047220028','EAST-ULBUJAN','EAST-ULBUJAN,MUNICIPALITY OF GARCIA HERNANDEZ,BOHOL',NULL,'BOHOL','MUNICIPALITY OF GARCIA HERNANDEZ',NULL,NULL,NULL,NULL,NULL,NULL,'WMbe12291:18a3fa9b053:2ee8','RESIDENTIAL',1,NULL,'ULBUJAN','[]','ACTIVE',NULL,NULL,NULL),('WACCT54907434:18a0149c0b7:-7f89','236- PAGLINAWAN, LONGINO','IND7713b3e6:150f946035c:-7ff4','236- PAGLINAWAN, LONGINO','local','047220028','EAST-ULBUJAN','EAST-ULBUJAN,MUNICIPALITY OF GARCIA HERNANDEZ,BOHOL',NULL,'BOHOL','MUNICIPALITY OF GARCIA HERNANDEZ',NULL,NULL,NULL,NULL,NULL,NULL,'WMbe12291:18a3fa9b053:254c','RESIDENTIAL',1,NULL,'ULBUJAN','[]','ACTIVE',NULL,NULL,NULL),('WACCT54907434:18a0149c0b7:-7f8a','2100-CAGAS, EDGAR ORTIZ','IND-7efd71ce:163ecbe92e5:-7f39','2100-CAGAS, EDGAR ORTIZ','local','047220009','EAST-CANAYAON','EAST-CANAYAON,MUNICIPALITY OF GARCIA HERNANDEZ,BOHOL',NULL,'BOHOL','MUNICIPALITY OF GARCIA HERNANDEZ',NULL,NULL,NULL,NULL,NULL,NULL,'WMbe12291:18a3fa9b053:-7cb2','RESIDENTIAL',1,NULL,'8','[]','ACTIVE',NULL,NULL,NULL),('WACCT54907434:18a0149c0b7:-7f8b','1883-CAGAMPANG, ROSENDO (P)','IND-4d6b7063:151a827d337:-64fd','1883-CAGAMPANG, ROSENDO (P)','local','047220009','EAST-CANAYAON','EAST-CANAYAON,MUNICIPALITY OF GARCIA HERNANDEZ,BOHOL',NULL,'BOHOL','MUNICIPALITY OF GARCIA HERNANDEZ',NULL,NULL,NULL,NULL,NULL,NULL,'WMfe87b2e:18a2b3ea51e:20d2','RESIDENTIAL',1,NULL,'8','[]','ACTIVE',NULL,NULL,NULL),('WACCT54907434:18a0149c0b7:-7f8c','2347-CAGAS, RODRIGO','IND1a761836:1853c509da6:-7d60','2347-CAGAS, RODRIGO','local','047220009','EAST-CANAYAON','EAST-CANAYAON,MUNICIPALITY OF GARCIA HERNANDEZ,BOHOL',NULL,'BOHOL','MUNICIPALITY OF GARCIA HERNANDEZ',NULL,NULL,NULL,NULL,NULL,NULL,'WMbe12291:18a3fa9b053:1b4e','RESIDENTIAL',1,NULL,'8','[]','ACTIVE',NULL,NULL,NULL),('WACCT54907434:18a0149c0b7:-7f8d','2004-ESTILLORE, FRANCES DESALES','IND-312f2dbf:155577fbc28:-7db3','2004-ESTILLORE, FRANCES DESALES','local','047220009','EAST-CANAYAON','EAST-CANAYAON,MUNICIPALITY OF GARCIA HERNANDEZ,BOHOL',NULL,'BOHOL','MUNICIPALITY OF GARCIA HERNANDEZ',NULL,NULL,NULL,NULL,NULL,NULL,'WMfe87b2e:18a2b3ea51e:5c01','RESIDENTIAL',1,NULL,'8','[]','ACTIVE',NULL,NULL,NULL),('WACCT54907434:18a0149c0b7:-7f8e','2002-GALIDO, VIRGILIA','IND2b96fe23:155b322ef84:-3ce3','2002-GALIDO, VIRGILIA','local','047220009','EAST-CANAYAON','EAST-CANAYAON,MUNICIPALITY OF GARCIA HERNANDEZ,BOHOL',NULL,'BOHOL','MUNICIPALITY OF GARCIA HERNANDEZ',NULL,NULL,NULL,NULL,NULL,NULL,'WMfe87b2e:18a2b3ea51e:5892','RESIDENTIAL',1,NULL,'8','[]','ACTIVE',NULL,NULL,NULL),('WACCT54907434:18a0149c0b7:-7f8f','124-OPALLA, EFRENIA','IND-4d6b7063:151a827d337:-7a7d','124-OPALLA, EFRENIA','local','047220009','EAST-CANAYAON','EAST-CANAYAON,MUNICIPALITY OF GARCIA HERNANDEZ,BOHOL',NULL,'BOHOL','MUNICIPALITY OF GARCIA HERNANDEZ',NULL,NULL,NULL,NULL,NULL,NULL,'WM645a3c69:189d2e31a68:-79a9','RESIDENTIAL',1,NULL,'8','[]','ACTIVE',NULL,NULL,NULL),('WACCT54907434:18a0149c0b7:-7f90','325-JAMERO, SANTIAGO','IND-1b77b8fa:151ec21d576:-7226','325-JAMERO, SANTIAGO','local','047220009','EAST-CANAYAON','EAST-CANAYAON,MUNICIPALITY OF GARCIA HERNANDEZ,BOHOL',NULL,'BOHOL','MUNICIPALITY OF GARCIA HERNANDEZ',NULL,NULL,NULL,NULL,NULL,NULL,'WMef5b2be:18a4568879e:-220e','RESIDENTIAL',1,NULL,'8','[]','ACTIVE',NULL,NULL,NULL),('WACCT54907434:18a0149c0b7:-7f91','1713-LADRA, WARLITO','IND-1ba98c13:151893397d2:-735a','1713-LADRA, WARLITO','local','047220009','EAST-CANAYAON','EAST-CANAYAON,MUNICIPALITY OF GARCIA HERNANDEZ,BOHOL',NULL,'BOHOL','MUNICIPALITY OF GARCIA HERNANDEZ',NULL,NULL,NULL,NULL,NULL,NULL,'WMfe87b2e:18a2b3ea51e:-250c','RESIDENTIAL',1,NULL,'8','[]','ACTIVE',NULL,NULL,NULL),('WACCT54907434:18a0149c0b7:-7f92','328-NALITAN, ROMEO','IND1eca1513:15184124957:-661e','328-NALITAN, ROMEO','local','047220009','EAST-CANAYAON','EAST-CANAYAON,MUNICIPALITY OF GARCIA HERNANDEZ,BOHOL',NULL,'BOHOL','MUNICIPALITY OF GARCIA HERNANDEZ',NULL,NULL,NULL,NULL,NULL,NULL,'WMef5b2be:18a4568879e:-1dcf','RESIDENTIAL',1,NULL,'8','[]','ACTIVE',NULL,NULL,NULL),('WACCT54907434:18a0149c0b7:-7f93','327-SAGUSAY, NARCISA','IND1eca1513:15184124957:-669d','327-SAGUSAY, NARCISA','local','047220009','EAST-CANAYAON','EAST-CANAYAON,MUNICIPALITY OF GARCIA HERNANDEZ,BOHOL',NULL,'BOHOL','MUNICIPALITY OF GARCIA HERNANDEZ',NULL,NULL,NULL,NULL,NULL,NULL,'WMef5b2be:18a4568879e:-1f33','RESIDENTIAL',1,NULL,'8','[]','ACTIVE',NULL,NULL,NULL),('WACCT54907434:18a0149c0b7:-7f94','326-JAMERO, CONRADO','IND-1abe895e:168e44a0e51:-6dcc','326-JAMERO, CONRADO','local','047220009','EAST-CANAYAON','EAST-CANAYAON,MUNICIPALITY OF GARCIA HERNANDEZ,BOHOL',NULL,'BOHOL','MUNICIPALITY OF GARCIA HERNANDEZ',NULL,NULL,NULL,NULL,NULL,NULL,'WMef5b2be:18a4568879e:-2097','RESIDENTIAL',1,NULL,'8','[]','ACTIVE',NULL,NULL,NULL),('WACCT54907434:18a0149c0b7:-7f95','329-BAJAO, AVELINO','IND1eca1513:15184124957:-7fdd','329-BAJAO, AVELINO','local','047220009','EAST-CANAYAON','EAST-CANAYAON,MUNICIPALITY OF GARCIA HERNANDEZ,BOHOL',NULL,'BOHOL','MUNICIPALITY OF GARCIA HERNANDEZ',NULL,NULL,NULL,NULL,NULL,NULL,'WMef5b2be:18a4568879e:-1c10','RESIDENTIAL',1,NULL,'8','[]','ACTIVE',NULL,NULL,NULL),('WACCT54907434:18a0149c0b7:-7f96','331 CAGAS, MAXIMO','IND346b7743:15ae9122e52:-73ba','331 CAGAS, MAXIMO','local','047220009','EAST-CANAYAON','EAST-CANAYAON,MUNICIPALITY OF GARCIA HERNANDEZ,BOHOL',NULL,'BOHOL','MUNICIPALITY OF GARCIA HERNANDEZ',NULL,NULL,NULL,NULL,NULL,NULL,'WMef5b2be:18a4568879e:-18f3','RESIDENTIAL',1,NULL,'8','[]','ACTIVE',NULL,NULL,NULL),('WACCT54907434:18a0149c0b7:-7f97','330-DAGUPLO, CIRILO','IND-7ede5131:1523d705f02:-7e78','330-DAGUPLO, CIRILO','local','047220009','EAST-CANAYAON','EAST-CANAYAON,MUNICIPALITY OF GARCIA HERNANDEZ,BOHOL',NULL,'BOHOL','MUNICIPALITY OF GARCIA HERNANDEZ',NULL,NULL,NULL,NULL,NULL,NULL,'WMef5b2be:18a4568879e:-1aac','RESIDENTIAL',1,NULL,'8','[]','ACTIVE',NULL,NULL,NULL),('WACCT54907434:18a0149c0b7:-7f98','332-PAGLINAWAN, CELERINA','IND-73353a3d:1543b4640d4:-74f4','332-PAGLINAWAN, CELERINA','local','047220009','EAST-CANAYAON','EAST-CANAYAON,MUNICIPALITY OF GARCIA HERNANDEZ,BOHOL',NULL,'BOHOL','MUNICIPALITY OF GARCIA HERNANDEZ',NULL,NULL,NULL,NULL,NULL,NULL,'WMef5b2be:18a4568879e:-175c','RESIDENTIAL',1,NULL,'8','[]','ACTIVE',NULL,NULL,NULL),('WACCT54907434:18a0149c0b7:-7f99','333-JAMERO, CESAR','IND-1753a506:153e3e6c544:-7da0','333-JAMERO, CESAR','local','047220009','EAST-CANAYAON','EAST-CANAYAON,MUNICIPALITY OF GARCIA HERNANDEZ,BOHOL',NULL,'BOHOL','MUNICIPALITY OF GARCIA HERNANDEZ',NULL,NULL,NULL,NULL,NULL,NULL,'WMef5b2be:18a4568879e:-15dc','RESIDENTIAL',1,NULL,'8','[]','ACTIVE',NULL,NULL,NULL),('WACCT54907434:18a0149c0b7:-7f9a','334-GALENDEZ, LETECIA','IND-17b53477:151183a53ef:-43a7','334-GALENDEZ, LETECIA','local','047220009','EAST-CANAYAON','EAST-CANAYAON,MUNICIPALITY OF GARCIA HERNANDEZ,BOHOL',NULL,'BOHOL','MUNICIPALITY OF GARCIA HERNANDEZ',NULL,NULL,NULL,NULL,NULL,NULL,'WMef5b2be:18a4568879e:-1465','RESIDENTIAL',1,NULL,'8','[]','ACTIVE',NULL,NULL,NULL),('WACCT54907434:18a0149c0b7:-7f9b','1978-JAMERO, REY','IND-4d6b7063:151a827d337:-63d8','1978-JAMERO, REY','local','047220009','EAST-CANAYAON','EAST-CANAYAON,MUNICIPALITY OF GARCIA HERNANDEZ,BOHOL',NULL,'BOHOL','MUNICIPALITY OF GARCIA HERNANDEZ',NULL,NULL,NULL,NULL,NULL,NULL,'WMfe87b2e:18a2b3ea51e:46fb','RESIDENTIAL',1,NULL,'8','[]','ACTIVE',NULL,NULL,NULL),('WACCT54907434:18a0149c0b7:-7f9c','336-CUADRA, SHIELA O.','IND-4d6b7063:151a827d337:-781c','336-CUADRA, SHIELA O.','local','047220009','EAST-CANAYAON','EAST-CANAYAON,MUNICIPALITY OF GARCIA HERNANDEZ,BOHOL',NULL,'BOHOL','MUNICIPALITY OF GARCIA HERNANDEZ',NULL,NULL,NULL,NULL,NULL,NULL,'WMef5b2be:18a4568879e:-118f','RESIDENTIAL',1,NULL,'8','[]','ACTIVE',NULL,NULL,NULL),('WACCT54907434:18a0149c0b7:-7f9d','335-ARIZOBAL, LLANE','IND-4d6b7063:151a827d337:-78ba','335-ARIZOBAL, LLANE','local','047220009','EAST-CANAYAON','EAST-CANAYAON,MUNICIPALITY OF GARCIA HERNANDEZ,BOHOL',NULL,'BOHOL','MUNICIPALITY OF GARCIA HERNANDEZ',NULL,NULL,NULL,NULL,NULL,NULL,'WMef5b2be:18a4568879e:-12f3','RESIDENTIAL',1,NULL,'8','[]','ACTIVE',NULL,NULL,NULL),('WACCT54907434:18a0149c0b7:-7f9e','1835-DUCDUCAN, IAN VINCENT O.','IND-4d6b7063:151a827d337:-6581','1835-DUCDUCAN, IAN VINCENT O.','local','047220009','EAST-CANAYAON','EAST-CANAYAON,MUNICIPALITY OF GARCIA HERNANDEZ,BOHOL',NULL,'BOHOL','MUNICIPALITY OF GARCIA HERNANDEZ',NULL,NULL,NULL,NULL,NULL,NULL,'WMfe87b2e:18a2b3ea51e:109f','RESIDENTIAL',1,NULL,'8','[]','ACTIVE',NULL,NULL,NULL),('WACCT54907434:18a0149c0b7:-7f9f','337-MAGLINTE, CESAR','IND22748c69:1511d196d94:-7ff4','337-MAGLINTE, CESAR','local','047220009','EAST-CANAYAON','EAST-CANAYAON,MUNICIPALITY OF GARCIA HERNANDEZ,BOHOL',NULL,'BOHOL','MUNICIPALITY OF GARCIA HERNANDEZ',NULL,NULL,NULL,NULL,NULL,NULL,'WMef5b2be:18a4568879e:-ff3','RESIDENTIAL',1,NULL,'8','[]','ACTIVE',NULL,NULL,NULL),('WACCT54907434:18a0149c0b7:-7fa0','350-BAJAO, ROSALIO','IND1eca1513:15184124957:-6598','350-BAJAO, ROSALIO','local','047220009','EAST-CANAYAON','EAST-CANAYAON,MUNICIPALITY OF GARCIA HERNANDEZ,BOHOL',NULL,'BOHOL','MUNICIPALITY OF GARCIA HERNANDEZ',NULL,NULL,NULL,NULL,NULL,NULL,'WM6e761b08:18a490769bb:-736d','RESIDENTIAL',1,NULL,'8','[]','ACTIVE',NULL,NULL,NULL),('WACCT54907434:18a0149c0b7:-7fa1','1942-GESTUPA, MARIDEL','IND-4d6b7063:151a827d337:-645f','1942-GESTUPA, MARIDEL','local','047220009','EAST-CANAYAON','EAST-CANAYAON,MUNICIPALITY OF GARCIA HERNANDEZ,BOHOL',NULL,'BOHOL','MUNICIPALITY OF GARCIA HERNANDEZ',NULL,NULL,NULL,NULL,NULL,NULL,'WMfe87b2e:18a2b3ea51e:3882','RESIDENTIAL',1,NULL,'8','[]','ACTIVE',NULL,NULL,NULL),('WACCT54907434:18a0149c0b7:-7fa2','353-GALENDEZ, ANITA','IND-4d6b7063:151a827d337:-7160','353-GALENDEZ, ANITA','local','047220009','EAST-CANAYAON','EAST-CANAYAON,MUNICIPALITY OF GARCIA HERNANDEZ,BOHOL',NULL,'BOHOL','MUNICIPALITY OF GARCIA HERNANDEZ',NULL,NULL,NULL,NULL,NULL,NULL,'WM6e761b08:18a490769bb:-6e00','RESIDENTIAL',1,NULL,'8','[]','ACTIVE',NULL,NULL,NULL),('WACCT54907434:18a0149c0b7:-7fa3','2031-PAYOT, ALMA','IND7ecb9a1f:1579229b03c:-4ae1','2031-PAYOT, ALMA','local','047220009','EAST-CANAYAON','EAST-CANAYAON,MUNICIPALITY OF GARCIA HERNANDEZ,BOHOL',NULL,'BOHOL','MUNICIPALITY OF GARCIA HERNANDEZ',NULL,NULL,NULL,NULL,NULL,NULL,'WMfe87b2e:18a2b3ea51e:75ac','RESIDENTIAL',1,NULL,'8','[]','ACTIVE',NULL,NULL,NULL),('WACCT54907434:18a0149c0b7:-7fa4','352-EDUBAS, MARGARITO','IND-4d6b7063:151a827d337:-720a','352-EDUBAS, MARGARITO','local','047220009','EAST-CANAYAON','EAST-CANAYAON,MUNICIPALITY OF GARCIA HERNANDEZ,BOHOL',NULL,'BOHOL','MUNICIPALITY OF GARCIA HERNANDEZ',NULL,NULL,NULL,NULL,NULL,NULL,'WM6e761b08:18a490769bb:-6f95','RESIDENTIAL',1,NULL,'8','[]','ACTIVE',NULL,NULL,NULL),('WACCT54907434:18a0149c0b7:-7fa5','351-GALIDO, CHARLIE1','IND7e75aa31:1518a46f614:-7d43','351-GALIDO, CHARLIE1','local','047220009','EAST-CANAYAON','EAST-CANAYAON,MUNICIPALITY OF GARCIA HERNANDEZ,BOHOL',NULL,'BOHOL','MUNICIPALITY OF GARCIA HERNANDEZ',NULL,NULL,NULL,NULL,NULL,NULL,'WM6e761b08:18a490769bb:-7138','RESIDENTIAL',1,NULL,'8','[]','ACTIVE',NULL,NULL,NULL),('WACCT54907434:18a0149c0b7:-7fa6','1679-MACALOS, EKING','IND7bf76f6:15fa34e3199:-76a2','1679-MACALOS, EKING','local','047220009','EAST-CANAYAON','EAST-CANAYAON,MUNICIPALITY OF GARCIA HERNANDEZ,BOHOL',NULL,'BOHOL','MUNICIPALITY OF GARCIA HERNANDEZ',NULL,NULL,NULL,NULL,NULL,NULL,'WMfe87b2e:18a2b3ea51e:-389e','RESIDENTIAL',1,NULL,'8','[]','ACTIVE',NULL,NULL,NULL),('WACCT54907434:18a0149c0b7:-7fa7','349-MANI, MARITES','IND-4d6b7063:151a827d337:-72d3','349-MANI, MARITES','local','047220009','EAST-CANAYAON','EAST-CANAYAON,MUNICIPALITY OF GARCIA HERNANDEZ,BOHOL',NULL,'BOHOL','MUNICIPALITY OF GARCIA HERNANDEZ',NULL,NULL,NULL,NULL,NULL,NULL,'WM6e761b08:18a490769bb:-74f3','RESIDENTIAL',1,NULL,'8','[]','ACTIVE',NULL,NULL,NULL),('WACCT54907434:18a0149c0b7:-7fa8','348-OCLARIT, GLICERIO','IND1eca1513:15184124957:-52bb','348-OCLARIT, GLICERIO','local','047220009','EAST-CANAYAON','EAST-CANAYAON,MUNICIPALITY OF GARCIA HERNANDEZ,BOHOL',NULL,'BOHOL','MUNICIPALITY OF GARCIA HERNANDEZ',NULL,NULL,NULL,NULL,NULL,NULL,'WM6e761b08:18a490769bb:-76aa','RESIDENTIAL',1,NULL,'8','[]','ACTIVE',NULL,NULL,NULL),('WACCT54907434:18a0149c0b7:-7fa9','347-CAGAS, GUILLERMA','IND-4d6b7063:151a827d337:-7373','347-CAGAS, GUILLERMA','local','047220009','EAST-CANAYAON','EAST-CANAYAON,MUNICIPALITY OF GARCIA HERNANDEZ,BOHOL',NULL,'BOHOL','MUNICIPALITY OF GARCIA HERNANDEZ',NULL,NULL,NULL,NULL,NULL,NULL,'WM6e761b08:18a490769bb:-782a','RESIDENTIAL',1,NULL,'8','[]','ACTIVE',NULL,NULL,NULL),('WACCT54907434:18a0149c0b7:-7faa','346-AYING, SOTERO','IND-4d6b7063:151a827d337:-7425','346-AYING, SOTERO','local','047220009','EAST-CANAYAON','EAST-CANAYAON,MUNICIPALITY OF GARCIA HERNANDEZ,BOHOL',NULL,'BOHOL','MUNICIPALITY OF GARCIA HERNANDEZ',NULL,NULL,NULL,NULL,NULL,NULL,'WM6e761b08:18a490769bb:-79a3','RESIDENTIAL',1,NULL,'8','[]','ACTIVE',NULL,NULL,NULL),('WACCT54907434:18a0149c0b7:-7fab','345-MACUSE, CLAUDIA','IND5bfe6c28:15160d5ff30:-561b','345-MACUSE, CLAUDIA','local','047220009','EAST-CANAYAON','EAST-CANAYAON,MUNICIPALITY OF GARCIA HERNANDEZ,BOHOL',NULL,'BOHOL','MUNICIPALITY OF GARCIA HERNANDEZ',NULL,NULL,NULL,NULL,NULL,NULL,'WM6e761b08:18a490769bb:-7b31','RESIDENTIAL',1,NULL,'8','[]','ACTIVE',NULL,NULL,NULL),('WACCT54907434:18a0149c0b7:-7fac','342-JAMERO, DARIO','IND-4d6b7063:151a827d337:-7545','342-JAMERO, DARIO','local','047220009','EAST-CANAYAON','EAST-CANAYAON,MUNICIPALITY OF GARCIA HERNANDEZ,BOHOL',NULL,'BOHOL','MUNICIPALITY OF GARCIA HERNANDEZ',NULL,NULL,NULL,NULL,NULL,NULL,'WMef5b2be:18a4568879e:-90c','RESIDENTIAL',1,NULL,'8','[]','ACTIVE',NULL,NULL,NULL),('WACCT54907434:18a0149c0b7:-7fad','344-OCLARIT, FRANCISCA','IND-4d6b7063:151a827d337:-74ac','344-OCLARIT, FRANCISCA','local','047220009','EAST-CANAYAON','EAST-CANAYAON,MUNICIPALITY OF GARCIA HERNANDEZ,BOHOL',NULL,'BOHOL','MUNICIPALITY OF GARCIA HERNANDEZ',NULL,NULL,NULL,NULL,NULL,NULL,'WM6e761b08:18a490769bb:-7ca8','RESIDENTIAL',1,NULL,'8','[]','ACTIVE',NULL,NULL,NULL),('WACCT54907434:18a0149c0b7:-7fae','343-JAMERO, CELSO','IND-3acd296c:eb1da2be36:-7ec0','343-JAMERO, CELSO','local','047220009','EAST-CANAYAON','EAST-CANAYAON,MUNICIPALITY OF GARCIA HERNANDEZ,BOHOL',NULL,'BOHOL','MUNICIPALITY OF GARCIA HERNANDEZ',NULL,NULL,NULL,NULL,NULL,NULL,'WM6e761b08:18a490769bb:-7e81','RESIDENTIAL',1,NULL,'8','[]','ACTIVE',NULL,NULL,NULL),('WACCT54907434:18a0149c0b7:-7faf','372-JAMERO, CECELIO [P]','IND-17b53477:151183a53ef:-432b','372-JAMERO, CECELIO [P]','local','047220009','EAST-CANAYAON','EAST-CANAYAON,MUNICIPALITY OF GARCIA HERNANDEZ,BOHOL',NULL,'BOHOL','MUNICIPALITY OF GARCIA HERNANDEZ',NULL,NULL,NULL,NULL,NULL,NULL,'WM6e761b08:18a490769bb:-5051','COMMERCIAL',1,NULL,'8','[]','ACTIVE',NULL,NULL,NULL),('WACCT54907434:18a0149c0b7:-7fb0','341-JAMERO, FELIX','IND-4d6b7063:151a827d337:-75dd','341-JAMERO, FELIX','local','047220009','EAST-CANAYAON','EAST-CANAYAON,MUNICIPALITY OF GARCIA HERNANDEZ,BOHOL',NULL,'BOHOL','MUNICIPALITY OF GARCIA HERNANDEZ',NULL,NULL,NULL,NULL,NULL,NULL,'WMef5b2be:18a4568879e:-a70','RESIDENTIAL',1,NULL,'8','[]','ACTIVE',NULL,NULL,NULL),('WACCT54907434:18a0149c0b7:-7fb1','1662-MACALOS, URBANO II','IND5b901262:15112c1576c:-78ba','1662-MACALOS, URBANO II','local','047220009','EAST-CANAYAON','EAST-CANAYAON,MUNICIPALITY OF GARCIA HERNANDEZ,BOHOL',NULL,'BOHOL','MUNICIPALITY OF GARCIA HERNANDEZ',NULL,NULL,NULL,NULL,NULL,NULL,'WMfe87b2e:18a2b3ea51e:-4254','RESIDENTIAL',1,NULL,'8','[]','ACTIVE',NULL,NULL,NULL),('WACCT54907434:18a0149c0b7:-7fb2','365-OCLARIT, LEO','IND1eca1513:15184124957:-5e6c','365-OCLARIT, LEO','local','047220009','EAST-CANAYAON','EAST-CANAYAON,MUNICIPALITY OF GARCIA HERNANDEZ,BOHOL',NULL,'BOHOL','MUNICIPALITY OF GARCIA HERNANDEZ',NULL,NULL,NULL,NULL,NULL,NULL,'WM6e761b08:18a490769bb:-5a66','RESIDENTIAL',1,NULL,'8','[]','ACTIVE',NULL,NULL,NULL),('WACCT54907434:18a0149c0b7:-7fb3','364-MAGLUPAY, MARJORIE','IND-4d6b7063:151a827d337:-69ba','364-MAGLUPAY, MARJORIE','local','047220009','EAST-CANAYAON','EAST-CANAYAON,MUNICIPALITY OF GARCIA HERNANDEZ,BOHOL',NULL,'BOHOL','MUNICIPALITY OF GARCIA HERNANDEZ',NULL,NULL,NULL,NULL,NULL,NULL,'WM6e761b08:18a490769bb:-5c22','RESIDENTIAL',1,NULL,'8','[]','ACTIVE',NULL,NULL,NULL),('WACCT54907434:18a0149c0b7:-7fb4','362-MONTILLA, CECILIO','IND-4d6b7063:151a827d337:-6aed','362-MONTILLA, CECILIO','local','047220009','EAST-CANAYAON','EAST-CANAYAON,MUNICIPALITY OF GARCIA HERNANDEZ,BOHOL',NULL,'BOHOL','MUNICIPALITY OF GARCIA HERNANDEZ',NULL,NULL,NULL,NULL,NULL,NULL,'WM6e761b08:18a490769bb:-5ef1','RESIDENTIAL',1,NULL,'8','[]','ACTIVE',NULL,NULL,NULL),('WACCT54907434:18a0149c0b7:-7fb5','363-SALDIVAR, RENATO','IND-4d6b7063:151a827d337:-6a67','363-SALDIVAR, RENATO','local','047220009','EAST-CANAYAON','EAST-CANAYAON,MUNICIPALITY OF GARCIA HERNANDEZ,BOHOL',NULL,'BOHOL','MUNICIPALITY OF GARCIA HERNANDEZ',NULL,NULL,NULL,NULL,NULL,NULL,'WM6e761b08:18a490769bb:-5d8d','RESIDENTIAL',1,NULL,'8','[]','ACTIVE',NULL,NULL,NULL),('WACCT54907434:18a0149c0b7:-7fb6','2335-PAGARAN, PERLITO','IND-3128bf9a:18339fde16b:-7e1b','2335-PAGARAN, PERLITO','local','047220009','EAST-CANAYAON','EAST-CANAYAON,MUNICIPALITY OF GARCIA HERNANDEZ,BOHOL',NULL,'BOHOL','MUNICIPALITY OF GARCIA HERNANDEZ',NULL,NULL,NULL,NULL,NULL,NULL,'WMbe12291:18a3fa9b053:110e','RESIDENTIAL',1,NULL,'8','[]','ACTIVE',NULL,NULL,NULL),('WACCT54907434:18a0149c0b7:-7fb7','361-GALES, GREGORIO','IND-27cb8ed0:151a2ef7114:-7e2e','361-GALES, GREGORIO','local','047220009','EAST-CANAYAON','EAST-CANAYAON,MUNICIPALITY OF GARCIA HERNANDEZ,BOHOL',NULL,'BOHOL','MUNICIPALITY OF GARCIA HERNANDEZ',NULL,NULL,NULL,NULL,NULL,NULL,'WM6e761b08:18a490769bb:-6073','RESIDENTIAL',1,NULL,'8','[]','ACTIVE',NULL,NULL,NULL),('WACCT54907434:18a0149c0b7:-7fb8','2358-ORIMACO, VINCENT','IND-55a0445f:186ca3461fc:-7adf','2358-ORIMACO, VINCENT','local','047220009','EAST-CANAYAON','EAST-CANAYAON,MUNICIPALITY OF GARCIA HERNANDEZ,BOHOL',NULL,'BOHOL','MUNICIPALITY OF GARCIA HERNANDEZ',NULL,NULL,NULL,NULL,NULL,NULL,'WMbe12291:18a3fa9b053:2280','RESIDENTIAL',1,NULL,'8','[]','ACTIVE',NULL,NULL,NULL),('WACCT54907434:18a0149c0b7:-7fb9','2372-CADERAO, MERIAM','IND-6032eee2:188bc8b597d:-7e19','2372-CADERAO, MERIAM','local','047220009','EAST-CANAYAON','EAST-CANAYAON,MUNICIPALITY OF GARCIA HERNANDEZ,BOHOL',NULL,'BOHOL','MUNICIPALITY OF GARCIA HERNANDEZ',NULL,NULL,NULL,NULL,NULL,NULL,'WMbe12291:18a3fa9b053:30a6','RESIDENTIAL',1,NULL,'8','[]','ACTIVE',NULL,NULL,NULL),('WACCT54907434:18a0149c0b7:-7fba','360-MACALOS, MARIBEL','IND-4d6b7063:151a827d337:-6bae','360-MACALOS, MARIBEL','local','047220009','EAST-CANAYAON','EAST-CANAYAON,MUNICIPALITY OF GARCIA HERNANDEZ,BOHOL',NULL,'BOHOL','MUNICIPALITY OF GARCIA HERNANDEZ',NULL,NULL,NULL,NULL,NULL,NULL,'WM6e761b08:18a490769bb:-61d7','RESIDENTIAL',1,NULL,'8','[]','ACTIVE',NULL,NULL,NULL),('WACCT54907434:18a0149c0b7:-7fbb','359-JAMERO, GAUDENCIA','IND-4d6b7063:151a827d337:-6c4c','359-JAMERO, GAUDENCIA','local','047220009','EAST-CANAYAON','EAST-CANAYAON,MUNICIPALITY OF GARCIA HERNANDEZ,BOHOL',NULL,'BOHOL','MUNICIPALITY OF GARCIA HERNANDEZ',NULL,NULL,NULL,NULL,NULL,NULL,'WM6e761b08:18a490769bb:-63b5','RESIDENTIAL',1,NULL,'8','[]','ACTIVE',NULL,NULL,NULL),('WACCT54907434:18a0149c0b7:-7fbc','358-OCLARIT, CLAUDIA [NITRO]','IND-4d6b7063:151a827d337:-6ccd','358-OCLARIT, CLAUDIA [NITRO]','local','047220009','EAST-CANAYAON','EAST-CANAYAON,MUNICIPALITY OF GARCIA HERNANDEZ,BOHOL',NULL,'BOHOL','MUNICIPALITY OF GARCIA HERNANDEZ',NULL,NULL,NULL,NULL,NULL,NULL,'WM6e761b08:18a490769bb:-6519','RESIDENTIAL',1,NULL,'8','[]','ACTIVE',NULL,NULL,NULL),('WACCT54907434:18a0149c0b7:-7fbd','357-HOOVER, CLAUDIA [LING]','IND-4d6b7063:151a827d337:-6d5f','357-HOOVER, CLAUDIA [LING]','local','047220009','EAST-CANAYAON','EAST-CANAYAON,MUNICIPALITY OF GARCIA HERNANDEZ,BOHOL',NULL,'BOHOL','MUNICIPALITY OF GARCIA HERNANDEZ',NULL,NULL,NULL,NULL,NULL,NULL,'WM6e761b08:18a490769bb:-671c','RESIDENTIAL',1,NULL,'8','[]','ACTIVE',NULL,NULL,NULL),('WACCT54907434:18a0149c0b7:-7fbe','356-HOOVER, CLAUDIA [DYNO]','IND-4d6b7063:151a827d337:-6e36','356-HOOVER, CLAUDIA [DYNO]','local','047220009','EAST-CANAYAON','EAST-CANAYAON,MUNICIPALITY OF GARCIA HERNANDEZ,BOHOL',NULL,'BOHOL','MUNICIPALITY OF GARCIA HERNANDEZ',NULL,NULL,NULL,NULL,NULL,NULL,'WM6e761b08:18a490769bb:-690d','RESIDENTIAL',1,NULL,'8','[]','ACTIVE',NULL,NULL,NULL),('WACCT54907434:18a0149c0b7:-7fbf','355-ESCLAMADO, EVELYN','IND-17b53477:151183a53ef:-56c2','355-ESCLAMADO, EVELYN','local','047220009','EAST-CANAYAON','EAST-CANAYAON,MUNICIPALITY OF GARCIA HERNANDEZ,BOHOL',NULL,'BOHOL','MUNICIPALITY OF GARCIA HERNANDEZ',NULL,NULL,NULL,NULL,NULL,NULL,'WM6e761b08:18a490769bb:-6a71','RESIDENTIAL',1,NULL,'8','[]','ACTIVE',NULL,NULL,NULL),('WACCT54907434:18a0149c0b7:-7fc0','354-GALIDO, ISIDRO','IND-5d9725b7:15136d434ba:-7ff2','354-GALIDO, ISIDRO','local','047220009','EAST-CANAYAON','EAST-CANAYAON,MUNICIPALITY OF GARCIA HERNANDEZ,BOHOL',NULL,'BOHOL','MUNICIPALITY OF GARCIA HERNANDEZ',NULL,NULL,NULL,NULL,NULL,NULL,'WM6e761b08:18a490769bb:-6c5e','RESIDENTIAL',1,NULL,'8','[]','ACTIVE',NULL,NULL,NULL),('WACCT54907434:18a0149c0b7:-7fc1','340-MADERA, CLOTILDE','IND37da6dfc:1511db52a2c:-7ff4','340-MADERA, CLOTILDE','local','047220009','EAST-CANAYAON','EAST-CANAYAON,MUNICIPALITY OF GARCIA HERNANDEZ,BOHOL',NULL,'BOHOL','MUNICIPALITY OF GARCIA HERNANDEZ',NULL,NULL,NULL,NULL,NULL,NULL,'WMef5b2be:18a4568879e:-c44','RESIDENTIAL',1,NULL,'8','[]','ACTIVE',NULL,NULL,NULL),('WACCT54907434:18a0149c0b7:-7fc2','2286 - NAVARRO, ELEAZAR','IND1baadf4d:17d2bb7762a:-7784','2286 - NAVARRO, ELEAZAR','local','047220009','EAST-CANAYAON','EAST-CANAYAON,MUNICIPALITY OF GARCIA HERNANDEZ,BOHOL',NULL,'BOHOL','MUNICIPALITY OF GARCIA HERNANDEZ',NULL,NULL,NULL,NULL,NULL,NULL,'WMbe12291:18a3fa9b053:-1149','RESIDENTIAL',1,NULL,'8','[]','ACTIVE',NULL,NULL,NULL),('WACCT54907434:18a0149c0b7:-7fc3','2285 - PAJIGAL, SONIA','IND-796ecebe:17bebf87036:-746a','2285 - PAJIGAL, SONIA','local','047220009','EAST-CANAYAON','EAST-CANAYAON,MUNICIPALITY OF GARCIA HERNANDEZ,BOHOL',NULL,'BOHOL','MUNICIPALITY OF GARCIA HERNANDEZ',NULL,NULL,NULL,NULL,NULL,NULL,'WMbe12291:18a3fa9b053:-12ad','RESIDENTIAL',1,NULL,'8','[]','ACTIVE',NULL,NULL,NULL),('WACCT54907434:18a0149c0b7:-7fc4','1833-JAMERO, CECILIO','IND-4d6b7063:151a827d337:-6629','1833-JAMERO, CECILIO','local','047220009','EAST-CANAYAON','EAST-CANAYAON,MUNICIPALITY OF GARCIA HERNANDEZ,BOHOL',NULL,'BOHOL','MUNICIPALITY OF GARCIA HERNANDEZ',NULL,NULL,NULL,NULL,NULL,NULL,'WMfe87b2e:18a2b3ea51e:efc','RESIDENTIAL',1,NULL,'8','[]','ACTIVE',NULL,NULL,NULL),('WACCT54907434:18a0149c0b7:-7fc5','338-MACALOS, URBANO','IND-4d6b7063:151a827d337:-7774','338-MACALOS, URBANO','local','047220009','EAST-CANAYAON','EAST-CANAYAON,MUNICIPALITY OF GARCIA HERNANDEZ,BOHOL',NULL,'BOHOL','MUNICIPALITY OF GARCIA HERNANDEZ',NULL,NULL,NULL,NULL,NULL,NULL,'WMef5b2be:18a4568879e:-da8','RESIDENTIAL',1,NULL,'8','[]','ACTIVE',NULL,NULL,NULL),('WACCT54907434:18a0149c0b7:-7fc6','1777-GALEMBA, ALBERT','IND5a230b44:150fa1652ff:-5fa0','1777-GALEMBA, ALBERT','local','047220009','EAST-CANAYAON','EAST-CANAYAON,MUNICIPALITY OF GARCIA HERNANDEZ,BOHOL',NULL,'BOHOL','MUNICIPALITY OF GARCIA HERNANDEZ',NULL,NULL,NULL,NULL,NULL,NULL,'WMfe87b2e:18a2b3ea51e:-4dd','RESIDENTIAL',1,NULL,'8','[]','ACTIVE',NULL,NULL,NULL),('WACCT54907434:18a0149c0b7:-7fc7','2208-TIPON, MAURICE','IND1042e87c:173f9cada8a:-66db','2208-TIPON, MAURICE','local','047220009','EAST-CANAYAON','EAST-CANAYAON,MUNICIPALITY OF GARCIA HERNANDEZ,BOHOL',NULL,'BOHOL','MUNICIPALITY OF GARCIA HERNANDEZ',NULL,NULL,NULL,NULL,NULL,NULL,'WMbe12291:18a3fa9b053:-3e9d','RESIDENTIAL',1,NULL,'8','[]','ACTIVE',NULL,NULL,NULL),('WACCT54907434:18a0149c0b7:-7fc8','2211-MACALOS, LYDIA','IND-27cb8ed0:151a2ef7114:-7eb1','2211-MACALOS, LYDIA','local','047220009','EAST-CANAYAON','EAST-CANAYAON,MUNICIPALITY OF GARCIA HERNANDEZ,BOHOL',NULL,'BOHOL','MUNICIPALITY OF GARCIA HERNANDEZ',NULL,NULL,NULL,NULL,NULL,NULL,'WMbe12291:18a3fa9b053:-3915','RESIDENTIAL',1,NULL,'8','[]','ACTIVE',NULL,NULL,NULL),('WACCT54907434:18a0149c0b7:-7fc9','2210-PAGARAN, FE','IND6b14aa80:17206be92a4:-7e1f','2210-PAGARAN, FE','local','047220009','EAST-CANAYAON','EAST-CANAYAON,MUNICIPALITY OF GARCIA HERNANDEZ,BOHOL',NULL,'BOHOL','MUNICIPALITY OF GARCIA HERNANDEZ',NULL,NULL,NULL,NULL,NULL,NULL,'WMbe12291:18a3fa9b053:-3af8','RESIDENTIAL',1,NULL,'8','[]','ACTIVE',NULL,NULL,NULL),('WACCT54907434:18a0149c0b7:-7fca','2209-BORROMEO,, ARMANDO','IND-4cef6e2f:172010ed848:-3d5d','2209-BORROMEO,, ARMANDO','local','047220009','EAST-CANAYAON','EAST-CANAYAON,MUNICIPALITY OF GARCIA HERNANDEZ,BOHOL',NULL,'BOHOL','MUNICIPALITY OF GARCIA HERNANDEZ',NULL,NULL,NULL,NULL,NULL,NULL,'WMbe12291:18a3fa9b053:-3c5c','RESIDENTIAL',1,NULL,'8','[]','ACTIVE',NULL,NULL,NULL),('WACCT54907434:18a0149c0b7:-7fcb','366-GALIBO, SEVERINO','IND-4d6b7063:151a827d337:-691c','366-GALIBO, SEVERINO','local','047220009','EAST-CANAYAON','EAST-CANAYAON,MUNICIPALITY OF GARCIA HERNANDEZ,BOHOL',NULL,'BOHOL','MUNICIPALITY OF GARCIA HERNANDEZ',NULL,NULL,NULL,NULL,NULL,NULL,'WM6e761b08:18a490769bb:-5902','RESIDENTIAL',1,NULL,'8','[]','ACTIVE',NULL,NULL,NULL),('WACCT54907434:18a0149c0b7:-7fcc','367-ALABA, NITA P.','IND-4d6b7063:151a827d337:-6878','367-ALABA, NITA P.','local','047220009','EAST-CANAYAON','EAST-CANAYAON,MUNICIPALITY OF GARCIA HERNANDEZ,BOHOL',NULL,'BOHOL','MUNICIPALITY OF GARCIA HERNANDEZ',NULL,NULL,NULL,NULL,NULL,NULL,'WM6e761b08:18a490769bb:-5745','RESIDENTIAL',1,NULL,'8','[]','ACTIVE',NULL,NULL,NULL),('WACCT54907434:18a0149c0b7:-7fcd','1661-GALIBO, SANTIAGO','IND-4d6b7063:151a827d337:-66c7','1661-GALIBO, SANTIAGO','local','047220009','EAST-CANAYAON','EAST-CANAYAON,MUNICIPALITY OF GARCIA HERNANDEZ,BOHOL',NULL,'BOHOL','MUNICIPALITY OF GARCIA HERNANDEZ',NULL,NULL,NULL,NULL,NULL,NULL,'WMfe87b2e:18a2b3ea51e:-4409','RESIDENTIAL',1,NULL,'8','[]','ACTIVE',NULL,NULL,NULL),('WACCT54907434:18a0149c0b7:-7fce','368-DAHAN, RUFA','IND-4d6b7063:151a827d337:-67f7','368-DAHAN, RUFA','local','047220009','EAST-CANAYAON','EAST-CANAYAON,MUNICIPALITY OF GARCIA HERNANDEZ,BOHOL',NULL,'BOHOL','MUNICIPALITY OF GARCIA HERNANDEZ',NULL,NULL,NULL,NULL,NULL,NULL,'WM6e761b08:18a490769bb:-55e1','RESIDENTIAL',1,NULL,'8','[]','ACTIVE',NULL,NULL,NULL),('WACCT54907434:18a0149c0b7:-7fcf','369-JAMERO, EUTROPIO','IND-4d6b7063:151a827d337:-70d7','369-JAMERO, EUTROPIO','local','047220009','EAST-CANAYAON','EAST-CANAYAON,MUNICIPALITY OF GARCIA HERNANDEZ,BOHOL',NULL,'BOHOL','MUNICIPALITY OF GARCIA HERNANDEZ',NULL,NULL,NULL,NULL,NULL,NULL,'WM6e761b08:18a490769bb:-547d','RESIDENTIAL',1,NULL,'8','[]','ACTIVE',NULL,NULL,NULL),('WACCT54907434:18a0149c0b7:-7fd0','370-TAGARAO, JONATHAN','IND-4d6b7063:151a827d337:-675e','370-TAGARAO, JONATHAN','local','047220009','EAST-CANAYAON','EAST-CANAYAON,MUNICIPALITY OF GARCIA HERNANDEZ,BOHOL',NULL,'BOHOL','MUNICIPALITY OF GARCIA HERNANDEZ',NULL,NULL,NULL,NULL,NULL,NULL,'WM6e761b08:18a490769bb:-5319','RESIDENTIAL',1,NULL,'8','[]','ACTIVE',NULL,NULL,NULL),('WACCT54907434:18a0149c0b7:-7fd1','371-MAGHANOY, HENRY','IND-7414aecb:1518e620e0a:-7b02','371-MAGHANOY, HENRY','local','047220009','EAST-CANAYAON','EAST-CANAYAON,MUNICIPALITY OF GARCIA HERNANDEZ,BOHOL',NULL,'BOHOL','MUNICIPALITY OF GARCIA HERNANDEZ',NULL,NULL,NULL,NULL,NULL,NULL,'WM6e761b08:18a490769bb:-51b5','RESIDENTIAL',1,NULL,'8','[]','ACTIVE',NULL,NULL,NULL),('WACCT54907434:18a0149c0b7:-7fd2','2053-MACUSE, RIJOICE','IND20ad8574:15bb1dc9611:-7ff4','2053-MACUSE, RIJOICE','local','047220022','MANABA','MANABA,MUNICIPALITY OF GARCIA HERNANDEZ,BOHOL',NULL,'BOHOL','MUNICIPALITY OF GARCIA HERNANDEZ',NULL,NULL,NULL,NULL,NULL,NULL,'WMfe87b2e:18a2bb5aaf6:-76f5','COMMERCIAL',1,NULL,'08','[]','ACTIVE',NULL,NULL,NULL),('WACCT54907434:18a0149c0b7:-7fd3','1496-ACABU, ALIPIO [R]','IND-296b48c9:1521e923af3:-7b82','1496-ACABU, ALIPIO [R]','local','047220022','MANABA','MANABA,MUNICIPALITY OF GARCIA HERNANDEZ,BOHOL',NULL,'BOHOL','MUNICIPALITY OF GARCIA HERNANDEZ',NULL,NULL,NULL,NULL,NULL,NULL,'WM-3282a7e8:18a1b099589:-ead','RESIDENTIAL',1,NULL,'08','[]','ACTIVE',NULL,NULL,NULL),('WACCT54907434:18a0149c0b7:-7fd4','1497-GALEMBA, JESUS','IND16bb84b9:1522e435202:-64f8','1497-GALEMBA, JESUS','local','047220022','MANABA','MANABA,MUNICIPALITY OF GARCIA HERNANDEZ,BOHOL',NULL,'BOHOL','MUNICIPALITY OF GARCIA HERNANDEZ',NULL,NULL,NULL,NULL,NULL,NULL,'WM-3282a7e8:18a1b099589:-cdc','RESIDENTIAL',1,NULL,'08','[]','ACTIVE',NULL,NULL,NULL),('WACCT54907434:18a0149c0b7:-7fd5','1841-GALEMBA, CIRILA G.','IND3fe0115c:15238782c04:-7ce0','1841-GALEMBA, CIRILA G.','local','047220022','MANABA','MANABA,MUNICIPALITY OF GARCIA HERNANDEZ,BOHOL',NULL,'BOHOL','MUNICIPALITY OF GARCIA HERNANDEZ',NULL,NULL,NULL,NULL,NULL,NULL,'WMfe87b2e:18a2b3ea51e:13b3','RESIDENTIAL',1,NULL,'08','[]','ACTIVE',NULL,NULL,NULL),('WACCT54907434:18a0149c0b7:-7fd6','1500- GALIMBA, LARGO','IND7e75aa31:1518a46f614:-7f34','1500- GALIMBA, LARGO','local','047220022','MANABA','MANABA,MUNICIPALITY OF GARCIA HERNANDEZ,BOHOL',NULL,'BOHOL','MUNICIPALITY OF GARCIA HERNANDEZ',NULL,NULL,NULL,NULL,NULL,NULL,'WM-3282a7e8:18a1b099589:-8c7','RESIDENTIAL',1,NULL,'08','[]','ACTIVE',NULL,NULL,NULL),('WACCT54907434:18a0149c0b7:-7fd7','1502-GALEMBA, FELECIANA','IND3fe0115c:15238782c04:-7bf0','1502-GALEMBA, FELECIANA','local','047220022','MANABA','MANABA,MUNICIPALITY OF GARCIA HERNANDEZ,BOHOL',NULL,'BOHOL','MUNICIPALITY OF GARCIA HERNANDEZ',NULL,NULL,NULL,NULL,NULL,NULL,'WM-3282a7e8:18a1b099589:-75c','RESIDENTIAL',1,NULL,'08','[]','ACTIVE',NULL,NULL,NULL),('WACCT54907434:18a0149c0b7:-7fd8','1495-OLIS, JESUS','IND1eca1513:15184124957:-546d','1495-OLIS, JESUS','local','047220022','MANABA','MANABA,MUNICIPALITY OF GARCIA HERNANDEZ,BOHOL',NULL,'BOHOL','MUNICIPALITY OF GARCIA HERNANDEZ',NULL,NULL,NULL,NULL,NULL,NULL,'WM-3282a7e8:18a1b099589:-1024','RESIDENTIAL',1,NULL,'08','[]','ACTIVE',NULL,NULL,NULL),('WACCT54907434:18a0149c0b7:-7fd9','1503-MADELO, ROSAURO','IND5bfe6c28:15160d5ff30:-5a73','1503-MADELO, ROSAURO','local','047220022','MANABA','MANABA,MUNICIPALITY OF GARCIA HERNANDEZ,BOHOL',NULL,'BOHOL','MUNICIPALITY OF GARCIA HERNANDEZ',NULL,NULL,NULL,NULL,NULL,NULL,'WM-3282a7e8:18a1b099589:-448','RESIDENTIAL',1,NULL,'08','[]','ACTIVE',NULL,NULL,NULL),('WACCT54907434:18a0149c0b7:-7fda','1507-CURAY, PABLO','IND-bfe9196:1529a279666:-7fbb','1507-CURAY, PABLO','local','047220022','MANABA','MANABA,MUNICIPALITY OF GARCIA HERNANDEZ,BOHOL',NULL,'BOHOL','MUNICIPALITY OF GARCIA HERNANDEZ',NULL,NULL,NULL,NULL,NULL,NULL,'WM-3282a7e8:18a1b099589:9f','RESIDENTIAL',1,NULL,'08','[]','ACTIVE',NULL,NULL,NULL),('WACCT54907434:18a0149c0b7:-7fdb','1508-RANARIO, GLICERIA','IND1eca1513:15184124957:-627c','1508-RANARIO, GLICERIA','local','047220022','MANABA','MANABA,MUNICIPALITY OF GARCIA HERNANDEZ,BOHOL',NULL,'BOHOL','MUNICIPALITY OF GARCIA HERNANDEZ',NULL,NULL,NULL,NULL,NULL,NULL,'WM-3282a7e8:18a1b099589:279','RESIDENTIAL',1,NULL,'08','[]','ACTIVE',NULL,NULL,NULL),('WACCT54907434:18a0149c0b7:-7fdc','1505-VIRTUDAZO, CARLOS','IND-78d016e3:1525d62ead5:-54e9','1505-VIRTUDAZO, CARLOS','local','047220022','MANABA','MANABA,MUNICIPALITY OF GARCIA HERNANDEZ,BOHOL',NULL,'BOHOL','MUNICIPALITY OF GARCIA HERNANDEZ',NULL,NULL,NULL,NULL,NULL,NULL,'WM-3282a7e8:18a1b099589:-154','RESIDENTIAL',1,NULL,'08','[]','ACTIVE',NULL,NULL,NULL),('WACCT54907434:18a0149c0b7:-7fdd','1510-CAPUNO, FLORAME','IND-2381263b:1532a3afe9f:-7d2f','1510-CAPUNO, FLORAME','local','047220022','MANABA','MANABA,MUNICIPALITY OF GARCIA HERNANDEZ,BOHOL',NULL,'BOHOL','MUNICIPALITY OF GARCIA HERNANDEZ',NULL,NULL,NULL,NULL,NULL,NULL,'WM-3282a7e8:18a1b099589:53e','RESIDENTIAL',1,NULL,'08','[]','ACTIVE',NULL,NULL,NULL),('WACCT54907434:18a0149c0b7:-7fdf','2045-GALIMBA, CLARITO','IND67b1599d:158a82a7550:-750d','2045-GALIMBA, CLARITO','local','047220022','MANABA','MANABA,MUNICIPALITY OF GARCIA HERNANDEZ,BOHOL',NULL,'BOHOL','MUNICIPALITY OF GARCIA HERNANDEZ',NULL,NULL,NULL,NULL,NULL,NULL,'WMfe87b2e:18a2b3ea51e:7ef4','RESIDENTIAL',1,NULL,'08','[]','ACTIVE',NULL,NULL,NULL),('WACCT54907434:18a0149c0b7:-7fe0','1511-NALDOZA, VICENTE','IND1eca1513:15184124957:-533c','1511-NALDOZA, VICENTE','local','047220022','MANABA','MANABA,MUNICIPALITY OF GARCIA HERNANDEZ,BOHOL',NULL,'BOHOL','MUNICIPALITY OF GARCIA HERNANDEZ',NULL,NULL,NULL,NULL,NULL,NULL,'WM-3282a7e8:18a1b099589:6a2','RESIDENTIAL',1,NULL,'08','[]','ACTIVE',NULL,NULL,NULL),('WACCT54907434:18a0149c0b7:-7fe1','1810-MACUSE, VIDAL','IND-3ba4c509:152520a528a:-57a6','1810-MACUSE, VIDAL','local','047220022','MANABA','MANABA,MUNICIPALITY OF GARCIA HERNANDEZ,BOHOL',NULL,'BOHOL','MUNICIPALITY OF GARCIA HERNANDEZ',NULL,NULL,NULL,NULL,NULL,NULL,'WMfe87b2e:18a2b3ea51e:1c2','RESIDENTIAL',1,NULL,'08','[]','ACTIVE',NULL,NULL,NULL),('WACCT54907434:18a0149c0b7:-7fe2','1515-LADAGA, APOLINARIO','IND462e53cd:1533aea8fae:-7edb','1515-LADAGA, APOLINARIO','local','047220022','MANABA','MANABA,MUNICIPALITY OF GARCIA HERNANDEZ,BOHOL',NULL,'BOHOL','MUNICIPALITY OF GARCIA HERNANDEZ',NULL,NULL,NULL,NULL,NULL,NULL,'WM-3282a7e8:18a1b099589:13d0','RESIDENTIAL',1,NULL,'08','[]','ACTIVE',NULL,NULL,NULL),('WACCT54907434:18a0149c0b7:-7fe3','1773-MAHUMOT, LUCIO','IND-76d3ccd5:152e2573721:-7da8','1773-MAHUMOT, LUCIO','local','047220022','MANABA','MANABA,MUNICIPALITY OF GARCIA HERNANDEZ,BOHOL',NULL,'BOHOL','MUNICIPALITY OF GARCIA HERNANDEZ',NULL,NULL,NULL,NULL,NULL,NULL,'WMfe87b2e:18a2b3ea51e:-7ef','RESIDENTIAL',1,NULL,'08','[]','ACTIVE',NULL,NULL,NULL),('WACCT54907434:18a0149c0b7:-7fe4','846-LADESMA, VALERIANO','IND-17b53477:151183a53ef:-4845','846-LADESMA, VALERIANO','local','047220022','MANABA','MANABA,MUNICIPALITY OF GARCIA HERNANDEZ,BOHOL',NULL,'BOHOL','MUNICIPALITY OF GARCIA HERNANDEZ',NULL,NULL,NULL,NULL,NULL,NULL,'WM6e761b08:18a490769bb:-4d27','RESIDENTIAL',1,NULL,'08','[]','ACTIVE',NULL,NULL,NULL),('WACCT54907434:18a0149c0b7:-7fe5','1512-RUIZ, CARIDAD','IND-17b53477:151183a53ef:-54ca','1512-RUIZ, CARIDAD','local','047220022','MANABA','MANABA,MUNICIPALITY OF GARCIA HERNANDEZ,BOHOL',NULL,'BOHOL','MUNICIPALITY OF GARCIA HERNANDEZ',NULL,NULL,NULL,NULL,NULL,NULL,'WM-3282a7e8:18a1b099589:824','RESIDENTIAL',1,NULL,'08','[]','ACTIVE',NULL,NULL,NULL),('WACCT54907434:18a0149c0b7:-7fe6','1513-LARGO, RAQUEL','IND1a73061c:156e3058bed:-79d4','1513-LARGO, RAQUEL','local','047220022','MANABA','MANABA,MUNICIPALITY OF GARCIA HERNANDEZ,BOHOL',NULL,'BOHOL','MUNICIPALITY OF GARCIA HERNANDEZ',NULL,NULL,NULL,NULL,NULL,NULL,'WM-3282a7e8:18a1b099589:9a6','RESIDENTIAL',1,NULL,'08','[]','ACTIVE',NULL,NULL,NULL),('WACCT54907434:18a0149c0b7:-7fe7','1514-LADESMA, DANIELA','IND2d828899:151b3859a25:-77d2','1514-LADESMA, DANIELA','local','047220022','MANABA','MANABA,MUNICIPALITY OF GARCIA HERNANDEZ,BOHOL',NULL,'BOHOL','MUNICIPALITY OF GARCIA HERNANDEZ',NULL,NULL,NULL,NULL,NULL,NULL,'WM-3282a7e8:18a1b099589:b74','RESIDENTIAL',1,NULL,'08','[]','ACTIVE',NULL,NULL,NULL),('WACCT54907434:18a0149c0b7:-7fe8','1518-BAHAN, PROCESA','IND-5296d405:152818eebaf:-7bab','1518-BAHAN, PROCESA','local','047220022','MANABA','MANABA,MUNICIPALITY OF GARCIA HERNANDEZ,BOHOL',NULL,'BOHOL','MUNICIPALITY OF GARCIA HERNANDEZ',NULL,NULL,NULL,NULL,NULL,NULL,'WM30c10c77:18a1fd6e98e:-7b11','RESIDENTIAL',1,NULL,'08','[]','ACTIVE',NULL,NULL,NULL),('WACCT54907434:18a0149c0b7:-7fe9','1519-MACUSE, RIJOICE 2','IND-61aec70a:1516a3e6db8:-7d68','1519-MACUSE, RIJOICE 2','local','047220022','MANABA','MANABA,MUNICIPALITY OF GARCIA HERNANDEZ,BOHOL',NULL,'BOHOL','MUNICIPALITY OF GARCIA HERNANDEZ',NULL,NULL,NULL,NULL,NULL,NULL,'WM30c10c77:18a1fd6e98e:-7a84','RESIDENTIAL',1,NULL,'08','[]','ACTIVE',NULL,NULL,NULL),('WACCT54907434:18a0149c0b7:-7fea','1517-MACUSE, PONCIANO','IND6c7f4d05:153ba8b0007:-7761','1517-MACUSE, PONCIANO','local','047220022','MANABA','MANABA,MUNICIPALITY OF GARCIA HERNANDEZ,BOHOL',NULL,'BOHOL','MUNICIPALITY OF GARCIA HERNANDEZ',NULL,NULL,NULL,NULL,NULL,NULL,'WM30c10c77:18a1fd6e98e:-7b82','RESIDENTIAL',1,NULL,'08','[]','ACTIVE',NULL,NULL,NULL),('WACCT54907434:18a0149c0b7:-7feb','1807-ABUCEJO, SABINO','IND-37f5f544:152761faea3:-7822','1807-ABUCEJO, SABINO','local','047220022','MANABA','MANABA,MUNICIPALITY OF GARCIA HERNANDEZ,BOHOL',NULL,'BOHOL','MUNICIPALITY OF GARCIA HERNANDEZ',NULL,NULL,NULL,NULL,NULL,NULL,'WMfe87b2e:18a2b3ea51e:-3f','RESIDENTIAL',1,NULL,'08','[]','ACTIVE',NULL,NULL,NULL),('WACCT54907434:18a0149c0b7:-7fec','1516-ACABU, TEOFILA','IND2d828899:151b3859a25:-76fe','1516-ACABU, TEOFILA','local','047220022','MANABA','MANABA,MUNICIPALITY OF GARCIA HERNANDEZ,BOHOL',NULL,'BOHOL','MUNICIPALITY OF GARCIA HERNANDEZ',NULL,NULL,NULL,NULL,NULL,NULL,'WM30c10c77:18a1fd6e98e:-7bc4','RESIDENTIAL',1,NULL,'08','[]','ACTIVE',NULL,NULL,NULL),('WACCT54907434:18a0149c0b7:-7fed','1260-GALEMBA, ANTIPAS [R]','IND-1843056d:150f3d8a391:-7df6','1260-GALEMBA, ANTIPAS [R]','local','047220022','MANABA','MANABA,MUNICIPALITY OF GARCIA HERNANDEZ,BOHOL',NULL,'BOHOL','MUNICIPALITY OF GARCIA HERNANDEZ',NULL,NULL,NULL,NULL,NULL,NULL,'WM-51b8816b:189b8eff231:-6993','RESIDENTIAL',1,NULL,'08','[]','ACTIVE',NULL,NULL,NULL),('WACCT54907434:18a0149c0b7:-7fee','2112-ABUCEJO, NORALYN J.','IND-3d8c48b3:164f47589f8:-7f6e','2112-ABUCEJO, NORALYN J.','local','047220022','MANABA','MANABA,MUNICIPALITY OF GARCIA HERNANDEZ,BOHOL',NULL,'BOHOL','MUNICIPALITY OF GARCIA HERNANDEZ',NULL,NULL,NULL,NULL,NULL,NULL,'WMbe12291:18a3fa9b053:-723d','RESIDENTIAL',1,NULL,'08','[]','ACTIVE',NULL,NULL,NULL),('WACCT54907434:18a0149c0b7:-7fef','1530-ACABU, ZOSIMA','IND1eca1513:15184124957:-5999','1530-ACABU, ZOSIMA','local','047220022','MANABA','MANABA,MUNICIPALITY OF GARCIA HERNANDEZ,BOHOL',NULL,'BOHOL','MUNICIPALITY OF GARCIA HERNANDEZ',NULL,NULL,NULL,NULL,NULL,NULL,'WM30c10c77:18a1fd6e98e:-77e1','RESIDENTIAL',1,NULL,'08','[]','ACTIVE',NULL,NULL,NULL),('WACCT54907434:18a0149c0b7:-7ff0','1521-VIRADOR, PATERNA','IND-7414aecb:1518e620e0a:-79a7','1521-VIRADOR, PATERNA','local','047220022','MANABA','MANABA,MUNICIPALITY OF GARCIA HERNANDEZ,BOHOL',NULL,'BOHOL','MUNICIPALITY OF GARCIA HERNANDEZ',NULL,NULL,NULL,NULL,NULL,NULL,'WM30c10c77:18a1fd6e98e:-7ad3','RESIDENTIAL',1,NULL,'08','[]','ACTIVE',NULL,NULL,NULL),('WACCT54907434:18a0149c0b7:-7ff1','1522-RANARIO, CESARIO','IND-1ba98c13:151893397d2:-7dc7','1522-RANARIO, CESARIO','local','047220022','MANABA','MANABA,MUNICIPALITY OF GARCIA HERNANDEZ,BOHOL',NULL,'BOHOL','MUNICIPALITY OF GARCIA HERNANDEZ',NULL,NULL,NULL,NULL,NULL,NULL,'WM30c10c77:18a1fd6e98e:-7a59','RESIDENTIAL',1,NULL,'08','[]','ACTIVE',NULL,NULL,NULL),('WACCT54907434:18a0149c0b7:-7ff2','1523-RANARIO, LUCIA','IND-17b53477:151183a53ef:-622a','1523-RANARIO, LUCIA','local','047220022','MANABA','MANABA,MUNICIPALITY OF GARCIA HERNANDEZ,BOHOL',NULL,'BOHOL','MUNICIPALITY OF GARCIA HERNANDEZ',NULL,NULL,NULL,NULL,NULL,NULL,'WM30c10c77:18a1fd6e98e:-7a1d','RESIDENTIAL',1,NULL,'08','[]','ACTIVE',NULL,NULL,NULL),('WACCT54907434:18a0149c0b7:-7ff3','1259-LOGARTA, CORAZON','IND-238dbc5:1516531848d:-61fb','1259-LOGARTA, CORAZON','local','047220022','MANABA','MANABA,MUNICIPALITY OF GARCIA HERNANDEZ,BOHOL',NULL,'BOHOL','MUNICIPALITY OF GARCIA HERNANDEZ',NULL,NULL,NULL,NULL,NULL,NULL,'WM-51b8816b:189b8eff231:-69ba','RESIDENTIAL',1,NULL,'08','[]','ACTIVE',NULL,NULL,NULL),('WACCT54907434:18a0149c0b7:-7ff4','1257-JAMERO, FE [R]','IND-1843056d:150f3d8a391:-7eb1','1257-JAMERO, FE [R]','local','047220022','MANABA','MANABA,MUNICIPALITY OF GARCIA HERNANDEZ,BOHOL',NULL,'BOHOL','MUNICIPALITY OF GARCIA HERNANDEZ',NULL,NULL,NULL,NULL,NULL,NULL,'WM-51b8816b:189b8eff231:-6a29','RESIDENTIAL',1,NULL,'08','[]','ACTIVE',NULL,NULL,NULL),('WACCT54907434:18a0149c0b7:-7ff5','1525-GALEMBA, SERGIA','IND-25212fa8:1519e5bf893:-7a27','1525-GALEMBA, SERGIA','local','047220022','MANABA','MANABA,MUNICIPALITY OF GARCIA HERNANDEZ,BOHOL',NULL,'BOHOL','MUNICIPALITY OF GARCIA HERNANDEZ',NULL,NULL,NULL,NULL,NULL,NULL,'WM30c10c77:18a1fd6e98e:-78fd','RESIDENTIAL',1,NULL,'08','[]','ACTIVE',NULL,NULL,NULL),('WACCT54907434:18a0149c0b7:-7ff6','1526-GALEMBA, MATIAS','IND-25212fa8:1519e5bf893:-799e','1526-GALEMBA, MATIAS','local','047220022','MANABA','MANABA,MUNICIPALITY OF GARCIA HERNANDEZ,BOHOL',NULL,'BOHOL','MUNICIPALITY OF GARCIA HERNANDEZ',NULL,NULL,NULL,NULL,NULL,NULL,'WM30c10c77:18a1fd6e98e:-78b8','RESIDENTIAL',1,NULL,'08','[]','ACTIVE',NULL,NULL,NULL),('WACCT54907434:18a0149c0b7:-7ff7','1524-ABUCEJO, PAUL','IND-59d3dde9:156f82e776a:-7873','1524-ABUCEJO, PAUL','local','047220022','MANABA','MANABA,MUNICIPALITY OF GARCIA HERNANDEZ,BOHOL',NULL,'BOHOL','MUNICIPALITY OF GARCIA HERNANDEZ',NULL,NULL,NULL,NULL,NULL,NULL,'WM30c10c77:18a1fd6e98e:-793b','RESIDENTIAL',1,NULL,'08','[]','ACTIVE',NULL,NULL,NULL),('WACCT54907434:18a0149c0b7:-7ff8','1527-JAMITO, JOVITA [R]','IND-61aec70a:1516a3e6db8:-7f26','1527-JAMITO, JOVITA [R]','local','047220022','MANABA','MANABA,MUNICIPALITY OF GARCIA HERNANDEZ,BOHOL',NULL,'BOHOL','MUNICIPALITY OF GARCIA HERNANDEZ',NULL,NULL,NULL,NULL,NULL,NULL,'WM30c10c77:18a1fd6e98e:-787c','RESIDENTIAL',1,NULL,'08','[]','ACTIVE',NULL,NULL,NULL),('WACCT54907434:18a0149c0b7:-7ff9','1528-CUARES, ANASTACIA','IND603868ae:1520fe159cb:-5f68','1528-CUARES, ANASTACIA','local','047220022','MANABA','MANABA,MUNICIPALITY OF GARCIA HERNANDEZ,BOHOL',NULL,'BOHOL','MUNICIPALITY OF GARCIA HERNANDEZ',NULL,NULL,NULL,NULL,NULL,NULL,'WM30c10c77:18a1fd6e98e:-7839','RESIDENTIAL',1,NULL,'08','[]','ACTIVE',NULL,NULL,NULL),('WACCT54907434:18a0149c0b7:-7ffa','1529-OCHAVILLO, GERTRUDES','IND16edd18b:eb1da72b44:-6ac3','1529-OCHAVILLO, GERTRUDES','local','047220022','MANABA','MANABA,MUNICIPALITY OF GARCIA HERNANDEZ,BOHOL',NULL,'BOHOL','MUNICIPALITY OF GARCIA HERNANDEZ',NULL,NULL,NULL,NULL,NULL,NULL,'WM30c10c77:18a1fd6e98e:-780b','RESIDENTIAL',1,NULL,'08','[]','ACTIVE',NULL,NULL,NULL),('WACCT54907434:18a0149c0b7:-7ffb','1573-ALABA, MARCELINO [R]','IND-1ba98c13:151893397d2:-7c1d','1573-ALABA, MARCELINO [R]','local','047220022','MANABA','MANABA,MUNICIPALITY OF GARCIA HERNANDEZ,BOHOL',NULL,'BOHOL','MUNICIPALITY OF GARCIA HERNANDEZ',NULL,NULL,NULL,NULL,NULL,NULL,'WMfe87b2e:18a2b3ea51e:-548a','RESIDENTIAL',1,NULL,'08','[]','ACTIVE',NULL,NULL,NULL),('WACCT54907434:18a0149c0b7:-7ffc','1532-ALIGATO, PANFILO','IND1c7992f1:1519ee2ae4b:ed7','1532-ALIGATO, PANFILO','local','047220022','MANABA','MANABA,MUNICIPALITY OF GARCIA HERNANDEZ,BOHOL',NULL,'BOHOL','MUNICIPALITY OF GARCIA HERNANDEZ',NULL,NULL,NULL,NULL,NULL,NULL,'WM30c10c77:18a1fd6e98e:-776d','RESIDENTIAL',1,NULL,'08','[]','ACTIVE',NULL,NULL,NULL),('WACCT54907434:18a0149c0b7:-7ffd','1533-MADELO, AGUSTIN','IND1eca1513:15184124957:-5ef4','1533-MADELO, AGUSTIN','local','047220022','MANABA','MANABA,MUNICIPALITY OF GARCIA HERNANDEZ,BOHOL',NULL,'BOHOL','MUNICIPALITY OF GARCIA HERNANDEZ',NULL,NULL,NULL,NULL,NULL,NULL,'WM30c10c77:18a1fd6e98e:-7717','RESIDENTIAL',1,NULL,'08','[]','ACTIVE',NULL,NULL,NULL),('WACCT54907434:18a0149c0b7:-7ffe','1534-JAMITO, BONIFACIA','IND1eca1513:15184124957:-6515','1534-JAMITO, BONIFACIA','local','047220022','MANABA','MANABA,MUNICIPALITY OF GARCIA HERNANDEZ,BOHOL',NULL,'BOHOL','MUNICIPALITY OF GARCIA HERNANDEZ',NULL,NULL,NULL,NULL,NULL,NULL,'WM30c10c77:18a1fd6e98e:-76ab','RESIDENTIAL',1,NULL,'08','[]','ACTIVE',NULL,NULL,NULL),('WACCT54907434:18a0149c0b7:-7fff','1535-ABUCEJO, VICTOR','IND-43d0705e:151a9599555:-5a15','1535-ABUCEJO, VICTOR','local','047220022','MANABA','MANABA,MUNICIPALITY OF GARCIA HERNANDEZ,BOHOL',NULL,'BOHOL','MUNICIPALITY OF GARCIA HERNANDEZ',NULL,NULL,NULL,NULL,NULL,NULL,'WM30c10c77:18a1fd6e98e:-7494','RESIDENTIAL',1,NULL,'08','[]','ACTIVE',NULL,NULL,NULL),('WACCT54907434:18a0149c0b7:-8000','1536-ABUCEJO, RUSTICA','IND-43d0705e:151a9599555:-5a91','1536-ABUCEJO, RUSTICA','local','047220022','MANABA','MANABA,MUNICIPALITY OF GARCIA HERNANDEZ,BOHOL',NULL,'BOHOL','MUNICIPALITY OF GARCIA HERNANDEZ',NULL,NULL,NULL,NULL,NULL,NULL,'WM30c10c77:18a1fd6e98e:-72ed','RESIDENTIAL',1,NULL,'08','[]','ACTIVE',NULL,NULL,NULL),('WACCT5ce2599f:189be8fb9f1:-7fee','1464-TINGCANG, NICOLASA','IND9d5a4a9:151c2ee36e9:-62af','1464-TINGCANG, NICOLASA','local','047220022','MANABA','MANABA,MUNICIPALITY OF GARCIA HERNANDEZ,BOHOL',NULL,'BOHOL','MUNICIPALITY OF GARCIA HERNANDEZ',NULL,NULL,NULL,NULL,NULL,NULL,'WM-51b8816b:189b8eff231:-6d40','RESIDENTIAL',1,NULL,'03','[]','ACTIVE',NULL,NULL,NULL),('WACCT5ce2599f:189be8fb9f1:-7fef','1759-ACOP, SILVERIO','IND4853782:154e021ff65:-15c7','1759-ACOP, SILVERIO','local','047220022','MANABA','MANABA,MUNICIPALITY OF GARCIA HERNANDEZ,BOHOL',NULL,'BOHOL','MUNICIPALITY OF GARCIA HERNANDEZ',NULL,NULL,NULL,NULL,NULL,NULL,'WMfe87b2e:18a2b3ea51e:-d3d','RESIDENTIAL',1,NULL,'03','[]','ACTIVE',NULL,NULL,NULL),('WACCT5ce2599f:189be8fb9f1:-7ff0','1630-GALACIO, PACITO [SANO]','IND-4de0f89e:15556813383:-7688','1630-GALACIO, PACITO [SANO]','local','047220022','MANABA','MANABA,MUNICIPALITY OF GARCIA HERNANDEZ,BOHOL',NULL,'BOHOL','MUNICIPALITY OF GARCIA HERNANDEZ',NULL,NULL,NULL,NULL,NULL,NULL,'WM-51b8816b:189b8eff231:-6d12','RESIDENTIAL',1,NULL,'03','[]','ACTIVE',NULL,NULL,NULL),('WACCT5ce2599f:189be8fb9f1:-7ff1','1839-LLANASA, ROSABELLA','IND2d828899:151b3859a25:-798b','1839-LLANASA, ROSABELLA','local','047220022','MANABA','MANABA,MUNICIPALITY OF GARCIA HERNANDEZ,BOHOL',NULL,'BOHOL','MUNICIPALITY OF GARCIA HERNANDEZ',NULL,NULL,NULL,NULL,NULL,NULL,'WMfe87b2e:18a2b3ea51e:1211','RESIDENTIAL',1,NULL,'03','[]','ACTIVE',NULL,NULL,NULL),('WACCT5ce2599f:189be8fb9f1:-7ff2','1462-SAGUSAY, LUIS','IND74c6b53:153724e988c:-6ad3','1462-SAGUSAY, LUIS','local','047220022','MANABA','MANABA,MUNICIPALITY OF GARCIA HERNANDEZ,BOHOL',NULL,'BOHOL','MUNICIPALITY OF GARCIA HERNANDEZ',NULL,NULL,NULL,NULL,NULL,NULL,'WM-51b8816b:189b8eff231:-6d9d','RESIDENTIAL',1,NULL,'03','[]','ACTIVE',NULL,NULL,NULL),('WACCT5ce2599f:189be8fb9f1:-7ff3','1463-BAHAN, GUMERSENDO','IND-32c772be:1527687be9d:-7ca5','1463-BAHAN, GUMERSENDO','local','047220022','MANABA','MANABA,MUNICIPALITY OF GARCIA HERNANDEZ,BOHOL',NULL,'BOHOL','MUNICIPALITY OF GARCIA HERNANDEZ',NULL,NULL,NULL,NULL,NULL,NULL,'WM-51b8816b:189b8eff231:-6d6e','RESIDENTIAL',1,NULL,'03','[]','ACTIVE',NULL,NULL,NULL),('WACCT5ce2599f:189be8fb9f1:-7ff4','2105-DACUNO, WILFREDO JR. A.','IND61dcfd9b:163f6d4007a:-7ae8','2105-DACUNO, WILFREDO JR. A.','local','047220022','MANABA','MANABA,MUNICIPALITY OF GARCIA HERNANDEZ,BOHOL',NULL,'BOHOL','MUNICIPALITY OF GARCIA HERNANDEZ',NULL,NULL,NULL,NULL,NULL,NULL,'WMbe12291:18a3fa9b053:-79d7','RESIDENTIAL',1,NULL,'03','[]','ACTIVE',NULL,NULL,NULL),('WACCT5ce2599f:189be8fb9f1:-7ff5','1454-EDISAN, ADELFA','IND-5296d405:152818eebaf:-7c37','1454-EDISAN, ADELFA','local','047220022','MANABA','MANABA,MUNICIPALITY OF GARCIA HERNANDEZ,BOHOL',NULL,'BOHOL','MUNICIPALITY OF GARCIA HERNANDEZ',NULL,NULL,NULL,NULL,NULL,NULL,'WM-51b8816b:189b8eff231:-715d','RESIDENTIAL',1,NULL,'03','[]','ACTIVE',NULL,NULL,NULL),('WACCT5ce2599f:189be8fb9f1:-7ff6','1986-GALIMBA, VICTOR','IND-3c4b7030:152583bac83:-5d71','1986-GALIMBA, VICTOR','local','047220022','MANABA','MANABA,MUNICIPALITY OF GARCIA HERNANDEZ,BOHOL',NULL,'BOHOL','MUNICIPALITY OF GARCIA HERNANDEZ',NULL,NULL,NULL,NULL,NULL,NULL,'WMfe87b2e:18a2b3ea51e:4b7b','RESIDENTIAL',1,NULL,'03','[]','ACTIVE',NULL,NULL,NULL),('WACCT5ce2599f:189be8fb9f1:-7ff7','2099-MADELO, VEVENCIA','IND-7efd71ce:163ecbe92e5:-7feb','2099-MADELO, VEVENCIA','local','047220022','MANABA','MANABA,MUNICIPALITY OF GARCIA HERNANDEZ,BOHOL',NULL,'BOHOL','MUNICIPALITY OF GARCIA HERNANDEZ',NULL,NULL,NULL,NULL,NULL,NULL,'WMbe12291:18a3fa9b053:-7eed','RESIDENTIAL',1,NULL,'03','[]','ACTIVE',NULL,NULL,NULL),('WACCT5ce2599f:189be8fb9f1:-7ff8','1327-MADELO, REVILYN','IND470ca2ba:150ffe593c3:-7df3','1327-MADELO, REVILYN','local','047220022','MANABA','MANABA,MUNICIPALITY OF GARCIA HERNANDEZ,BOHOL',NULL,'BOHOL','MUNICIPALITY OF GARCIA HERNANDEZ',NULL,NULL,NULL,NULL,NULL,NULL,'WM-3282a7e8:18a07f75359:-7d0f','RESIDENTIAL',1,NULL,'03','[]','ACTIVE',NULL,NULL,NULL),('WACCT5ce2599f:189be8fb9f1:-7ff9','2057-PANERIO, EDUARDO JR.','IND79e797c3:161b0a1ef10:-79f2','2057-PANERIO, EDUARDO JR.','local','047220022','MANABA','MANABA,MUNICIPALITY OF GARCIA HERNANDEZ,BOHOL',NULL,'BOHOL','MUNICIPALITY OF GARCIA HERNANDEZ',NULL,NULL,NULL,NULL,NULL,NULL,'WMfe87b2e:18a2bb5aaf6:-7406','RESIDENTIAL',1,NULL,'03','[]','ACTIVE',NULL,NULL,NULL),('WACCT5ce2599f:189be8fb9f1:-7ffa','1321-SIBLA, MARIETA','IND36adf714:156436c2f10:-7ce8','1321-SIBLA, MARIETA','local','047220022','MANABA','MANABA,MUNICIPALITY OF GARCIA HERNANDEZ,BOHOL',NULL,'BOHOL','MUNICIPALITY OF GARCIA HERNANDEZ',NULL,NULL,NULL,NULL,NULL,NULL,'WM-3282a7e8:18a07f75359:-7dd2','RESIDENTIAL',1,NULL,'03','[]','ACTIVE',NULL,NULL,NULL),('WACCT5ce2599f:189be8fb9f1:-7ffb','1774-NALDOZA, ARNOLD','IND-58d78697:153f3358547:-6d52','1774-NALDOZA, ARNOLD','local','047220022','MANABA','MANABA,MUNICIPALITY OF GARCIA HERNANDEZ,BOHOL',NULL,'BOHOL','MUNICIPALITY OF GARCIA HERNANDEZ',NULL,NULL,NULL,NULL,NULL,NULL,'WMfe87b2e:18a2b3ea51e:-68b','RESIDENTIAL',1,NULL,'03','[]','ACTIVE',NULL,NULL,NULL),('WACCT5ce2599f:189be8fb9f1:-7ffc','1825-MAESA, NORIEL','IND70e580b3:15427c0fa46:-412e','1825-MAESA, NORIEL','local','047220022','MANABA','MANABA,MUNICIPALITY OF GARCIA HERNANDEZ,BOHOL',NULL,'BOHOL','MUNICIPALITY OF GARCIA HERNANDEZ',NULL,NULL,NULL,NULL,NULL,NULL,'WMfe87b2e:18a2b3ea51e:a96','RESIDENTIAL',1,NULL,'03','[]','ACTIVE',NULL,NULL,NULL),('WACCT5ce2599f:189be8fb9f1:-7ffd','1455-LAPECEROS, ENGRACIA','IND5f617475:152ecc8219c:-7fb2','1455-LAPECEROS, ENGRACIA','local','047220022','MANABA','MANABA,MUNICIPALITY OF GARCIA HERNANDEZ,BOHOL',NULL,'BOHOL','MUNICIPALITY OF GARCIA HERNANDEZ',NULL,NULL,NULL,NULL,NULL,NULL,'WM-51b8816b:189b8eff231:-6dcb','RESIDENTIAL',1,NULL,'03','[]','ACTIVE',NULL,NULL,NULL),('WACCT5ce2599f:189be8fb9f1:-7ffe','2023-GALIMBA, LINO MORAN','IND-2799f48a:154bc0ecf54:-7ae3','2023-GALIMBA, LINO MORAN','local','047220022','MANABA','MANABA,MUNICIPALITY OF GARCIA HERNANDEZ,BOHOL',NULL,'BOHOL','MUNICIPALITY OF GARCIA HERNANDEZ',NULL,NULL,NULL,NULL,NULL,NULL,'WMfe87b2e:18a2b3ea51e:6c19','RESIDENTIAL',1,NULL,'03','[]','ACTIVE',NULL,NULL,NULL),('WACCT5ce2599f:189be8fb9f1:-7fff','1997-GALIMBA, PERPETUO','IND58e5aa:15252c45bdb:-7dea','1997-GALIMBA, PERPETUO','local','047220022','MANABA','MANABA,MUNICIPALITY OF GARCIA HERNANDEZ,BOHOL',NULL,'BOHOL','MUNICIPALITY OF GARCIA HERNANDEZ',NULL,NULL,NULL,NULL,NULL,NULL,'WMfe87b2e:18a2b3ea51e:53db','RESIDENTIAL',1,NULL,'03','[]','ACTIVE',NULL,NULL,NULL),('WACCT5ce2599f:189be8fb9f1:-8000','1600-SABAC, DOROTHY','IND9d5a4a9:151c2ee36e9:-6335','1600-SABAC, DOROTHY','local','047220022','MANABA','MANABA,MUNICIPALITY OF GARCIA HERNANDEZ,BOHOL',NULL,'BOHOL','MUNICIPALITY OF GARCIA HERNANDEZ',NULL,NULL,NULL,NULL,NULL,NULL,'WM-51b8816b:189b8eff231:-6e09','RESIDENTIAL',1,NULL,'03','[]','ACTIVE',NULL,NULL,NULL);
/*!40000 ALTER TABLE `waterworks_account_info` ENABLE KEYS */;
UNLOCK TABLES;

--
-- Table structure for table `waterworks_application`
--

DROP TABLE IF EXISTS `waterworks_application`;
/*!40101 SET @saved_cs_client     = @@character_set_client */;
/*!40101 SET character_set_client = utf8 */;
CREATE TABLE `waterworks_application` (
  `objid` varchar(50) NOT NULL,
  `state` varchar(50) DEFAULT NULL,
  `dtcreated` date DEFAULT NULL,
  `appno` varchar(50) DEFAULT NULL,
  `apptype` varchar(50) DEFAULT NULL,
  `acctid` varchar(50) DEFAULT NULL,
  `acctinfoid` varchar(50) DEFAULT NULL,
  `taskid` varchar(50) DEFAULT NULL,
  PRIMARY KEY (`objid`),
  KEY `fk_waterworks_newconnection_taskid` (`taskid`),
  KEY `fk_waterworks_newconnection_acctid` (`acctid`),
  KEY `fk_waterworks_newconnection_acctinfoid` (`acctinfoid`),
  CONSTRAINT `fk_waterworks_application_acctid` FOREIGN KEY (`acctid`) REFERENCES `waterworks_account` (`objid`),
  CONSTRAINT `fk_waterworks_application_acctinfoid` FOREIGN KEY (`acctinfoid`) REFERENCES `waterworks_account_info` (`objid`),
  CONSTRAINT `fk_waterworks_application_taskid` FOREIGN KEY (`taskid`) REFERENCES `waterworks_application_task` (`taskid`)
) ENGINE=InnoDB DEFAULT CHARSET=utf8;
/*!40101 SET character_set_client = @saved_cs_client */;

--
-- Dumping data for table `waterworks_application`
--

LOCK TABLES `waterworks_application` WRITE;
/*!40000 ALTER TABLE `waterworks_application` DISABLE KEYS */;
/*!40000 ALTER TABLE `waterworks_application` ENABLE KEYS */;
UNLOCK TABLES;

--
-- Table structure for table `waterworks_application_fee`
--

DROP TABLE IF EXISTS `waterworks_application_fee`;
/*!40101 SET @saved_cs_client     = @@character_set_client */;
/*!40101 SET character_set_client = utf8 */;
CREATE TABLE `waterworks_application_fee` (
  `objid` varchar(50) NOT NULL,
  `appid` varchar(50) DEFAULT NULL,
  `itemid` varchar(50) DEFAULT NULL,
  `particulars` varchar(255) DEFAULT NULL,
  `amount` decimal(16,2) DEFAULT NULL,
  `amtpaid` decimal(16,2) DEFAULT NULL,
  `installmentid` varchar(50) DEFAULT NULL,
  PRIMARY KEY (`objid`),
  KEY `fk_application_fee_application` (`appid`),
  KEY `fk_waterworks_application_fee_itemid` (`itemid`),
  CONSTRAINT `fk_waterworks_application_fee_itemid` FOREIGN KEY (`itemid`) REFERENCES `waterworks_itemaccount` (`objid`)
) ENGINE=InnoDB DEFAULT CHARSET=utf8;
/*!40101 SET character_set_client = @saved_cs_client */;

--
-- Dumping data for table `waterworks_application_fee`
--

LOCK TABLES `waterworks_application_fee` WRITE;
/*!40000 ALTER TABLE `waterworks_application_fee` DISABLE KEYS */;
INSERT INTO `waterworks_application_fee` VALUES ('WAF-6fdc760d:18a2b3eff66:-7ff8','WAPPfe87b2e:18a2b3ea51e:-7fd5','EXCESS_OF_15M_PE_PIPE',NULL,30.00,0.00,NULL),('WAF-6fdc760d:18a2b3eff66:-7ff9','WAPPfe87b2e:18a2b3ea51e:-7fd5','15M_HDPE_PIPE',NULL,100.00,0.00,NULL),('WAF-6fdc760d:18a2b3eff66:-7ffa','WAPPfe87b2e:18a2b3ea51e:-7fd5','GUARANTEE_DEPOSIT',NULL,50.00,0.00,NULL),('WAF-6fdc760d:18a2b3eff66:-7ffb','WAPPfe87b2e:18a2b3ea51e:-7fd5','INSPECTION_FEE',NULL,50.00,0.00,NULL),('WAF-6fdc760d:18a2b3eff66:-7ffc','WAPPfe87b2e:18a2b3ea51e:-7fd5','WATER_TAPPING_FEE',NULL,100.00,0.00,NULL),('WAF212d39ef:189a9e3417c:-7fc4','WAPP6ce93b57:189a99fd44c:-2c7e','EXCESS_OF_15M_PE_PIPE',NULL,30.00,30.00,NULL),('WAF212d39ef:189a9e3417c:-7fc5','WAPP6ce93b57:189a99fd44c:-2c7e','15M_HDPE_PIPE',NULL,100.00,100.00,NULL),('WAF212d39ef:189a9e3417c:-7fc6','WAPP6ce93b57:189a99fd44c:-2c7e','GUARANTEE_DEPOSIT',NULL,50.00,50.00,NULL),('WAF212d39ef:189a9e3417c:-7fc7','WAPP6ce93b57:189a99fd44c:-2c7e','INSPECTION_FEE',NULL,50.00,50.00,NULL),('WAF212d39ef:189a9e3417c:-7fc8','WAPP6ce93b57:189a99fd44c:-2c7e','WATER_TAPPING_FEE',NULL,100.00,100.00,NULL);
/*!40000 ALTER TABLE `waterworks_application_fee` ENABLE KEYS */;
UNLOCK TABLES;

--
-- Table structure for table `waterworks_application_task`
--

DROP TABLE IF EXISTS `waterworks_application_task`;
/*!40101 SET @saved_cs_client     = @@character_set_client */;
/*!40101 SET character_set_client = utf8 */;
CREATE TABLE `waterworks_application_task` (
  `taskid` varchar(50) NOT NULL,
  `refid` varchar(50) DEFAULT NULL,
  `parentprocessid` varchar(50) DEFAULT NULL,
  `state` varchar(50) DEFAULT NULL,
  `startdate` datetime DEFAULT NULL,
  `enddate` datetime DEFAULT NULL,
  `assignee_objid` varchar(50) DEFAULT NULL,
  `assignee_name` varchar(100) DEFAULT NULL,
  `actor_objid` varchar(50) DEFAULT NULL,
  `actor_name` varchar(100) DEFAULT NULL,
  `message` varchar(255) DEFAULT NULL,
  `prevtaskid` varchar(50) DEFAULT NULL,
  `dtcreated` datetime DEFAULT NULL,
  PRIMARY KEY (`taskid`),
  KEY `ix_refid` (`refid`)
) ENGINE=InnoDB DEFAULT CHARSET=utf8;
/*!40101 SET character_set_client = @saved_cs_client */;

--
-- Dumping data for table `waterworks_application_task`
--

LOCK TABLES `waterworks_application_task` WRITE;
/*!40000 ALTER TABLE `waterworks_application_task` DISABLE KEYS */;
/*!40000 ALTER TABLE `waterworks_application_task` ENABLE KEYS */;
UNLOCK TABLES;

--
-- Table structure for table `waterworks_area`
--

DROP TABLE IF EXISTS `waterworks_area`;
/*!40101 SET @saved_cs_client     = @@character_set_client */;
/*!40101 SET character_set_client = utf8 */;
CREATE TABLE `waterworks_area` (
  `objid` varchar(50) NOT NULL,
  `code` varchar(50) DEFAULT NULL,
  PRIMARY KEY (`objid`),
  UNIQUE KEY `uix_code` (`code`)
) ENGINE=InnoDB DEFAULT CHARSET=utf8;
/*!40101 SET character_set_client = @saved_cs_client */;

--
-- Dumping data for table `waterworks_area`
--

LOCK TABLES `waterworks_area` WRITE;
/*!40000 ALTER TABLE `waterworks_area` DISABLE KEYS */;
INSERT INTO `waterworks_area` VALUES ('01','01');
/*!40000 ALTER TABLE `waterworks_area` ENABLE KEYS */;
UNLOCK TABLES;

--
-- Table structure for table `waterworks_attribute`
--

DROP TABLE IF EXISTS `waterworks_attribute`;
/*!40101 SET @saved_cs_client     = @@character_set_client */;
/*!40101 SET character_set_client = utf8 */;
CREATE TABLE `waterworks_attribute` (
  `name` varchar(50) NOT NULL,
  `title` varchar(100) DEFAULT NULL,
  PRIMARY KEY (`name`)
) ENGINE=InnoDB DEFAULT CHARSET=utf8;
/*!40101 SET character_set_client = @saved_cs_client */;

--
-- Dumping data for table `waterworks_attribute`
--

LOCK TABLES `waterworks_attribute` WRITE;
/*!40000 ALTER TABLE `waterworks_attribute` DISABLE KEYS */;
INSERT INTO `waterworks_attribute` VALUES ('LOT_DONOR','LOT DONOR'),('SENIOR','SENIOR CITIZEN'),('SUBDIVISION','SUBDIVISION');
/*!40000 ALTER TABLE `waterworks_attribute` ENABLE KEYS */;
UNLOCK TABLES;

--
-- Table structure for table `waterworks_batch_billing`
--

DROP TABLE IF EXISTS `waterworks_batch_billing`;
/*!40101 SET @saved_cs_client     = @@character_set_client */;
/*!40101 SET character_set_client = utf8 */;
CREATE TABLE `waterworks_batch_billing` (
  `objid` varchar(50) NOT NULL,
  `state` varchar(50) DEFAULT NULL,
  `subareaid` varchar(50) DEFAULT NULL,
  `dtposted` datetime DEFAULT NULL,
  `reader_objid` varchar(50) DEFAULT NULL,
  `reader_name` varchar(255) DEFAULT NULL,
  `taskid` varchar(50) DEFAULT NULL,
  `readingdate` date DEFAULT NULL,
  `year` int(11) NOT NULL,
  `month` int(11) NOT NULL,
  `scheduleid` varchar(50) NOT NULL,
  PRIMARY KEY (`objid`),
  UNIQUE KEY `uix_subareaid_periodid` (`subareaid`,`year`,`month`),
  KEY `ix_zoneid` (`subareaid`),
  KEY `ix_dtposted` (`dtposted`),
  KEY `ix_reader_objid` (`reader_objid`),
  KEY `ix_taskid` (`taskid`),
  KEY `ix_readingdate` (`readingdate`),
  CONSTRAINT `fk_waterworks_batch_billing_subareaid` FOREIGN KEY (`subareaid`) REFERENCES `waterworks_subarea` (`objid`)
) ENGINE=InnoDB DEFAULT CHARSET=utf8;
/*!40101 SET character_set_client = @saved_cs_client */;

--
-- Dumping data for table `waterworks_batch_billing`
--

LOCK TABLES `waterworks_batch_billing` WRITE;
/*!40000 ALTER TABLE `waterworks_batch_billing` DISABLE KEYS */;
/*!40000 ALTER TABLE `waterworks_batch_billing` ENABLE KEYS */;
UNLOCK TABLES;

--
-- Table structure for table `waterworks_batch_billing_error`
--

DROP TABLE IF EXISTS `waterworks_batch_billing_error`;
/*!40101 SET @saved_cs_client     = @@character_set_client */;
/*!40101 SET character_set_client = utf8 */;
CREATE TABLE `waterworks_batch_billing_error` (
  `objid` varchar(50) NOT NULL,
  `batchid` varchar(50) DEFAULT NULL,
  `billid` varchar(50) DEFAULT NULL,
  `acctid` varchar(50) DEFAULT NULL,
  `action` varchar(50) DEFAULT NULL,
  `errmsg` varchar(255) DEFAULT NULL,
  PRIMARY KEY (`objid`),
  KEY `fk_waterworks_batch_blling_error_batchid` (`batchid`),
  KEY `fk_waterworks_batch_billing_error_acctid` (`acctid`),
  KEY `fk_waterworks_batch_billing_error_billid` (`billid`),
  CONSTRAINT `fk_waterworks_batch_billing_error_acctid` FOREIGN KEY (`acctid`) REFERENCES `waterworks_account` (`objid`),
  CONSTRAINT `fk_waterworks_batch_billing_error_billid` FOREIGN KEY (`billid`) REFERENCES `waterworks_bill` (`objid`),
  CONSTRAINT `fk_waterworks_batch_blling_error_batchid` FOREIGN KEY (`batchid`) REFERENCES `waterworks_batch_billing` (`objid`)
) ENGINE=InnoDB DEFAULT CHARSET=utf8 ROW_FORMAT=COMPACT;
/*!40101 SET character_set_client = @saved_cs_client */;

--
-- Dumping data for table `waterworks_batch_billing_error`
--

LOCK TABLES `waterworks_batch_billing_error` WRITE;
/*!40000 ALTER TABLE `waterworks_batch_billing_error` DISABLE KEYS */;
/*!40000 ALTER TABLE `waterworks_batch_billing_error` ENABLE KEYS */;
UNLOCK TABLES;

--
-- Table structure for table `waterworks_batch_billing_task`
--

DROP TABLE IF EXISTS `waterworks_batch_billing_task`;
/*!40101 SET @saved_cs_client     = @@character_set_client */;
/*!40101 SET character_set_client = utf8 */;
CREATE TABLE `waterworks_batch_billing_task` (
  `taskid` varchar(50) NOT NULL,
  `refid` varchar(50) DEFAULT NULL,
  `parentprocessid` varchar(50) DEFAULT NULL,
  `state` varchar(50) DEFAULT NULL,
  `startdate` datetime DEFAULT NULL,
  `enddate` datetime DEFAULT NULL,
  `assignee_objid` varchar(50) DEFAULT NULL,
  `assignee_name` varchar(100) DEFAULT NULL,
  `actor_objid` varchar(50) DEFAULT NULL,
  `actor_name` varchar(100) DEFAULT NULL,
  `message` varchar(255) DEFAULT NULL,
  `dtcreated` datetime DEFAULT NULL,
  `prevtaskid` varchar(50) DEFAULT NULL,
  PRIMARY KEY (`taskid`),
  KEY `ix_refid` (`refid`),
  CONSTRAINT `fk_waterworks_batch_billing_task_refid` FOREIGN KEY (`refid`) REFERENCES `waterworks_batch_billing` (`objid`)
) ENGINE=InnoDB DEFAULT CHARSET=utf8;
/*!40101 SET character_set_client = @saved_cs_client */;

--
-- Dumping data for table `waterworks_batch_billing_task`
--

LOCK TABLES `waterworks_batch_billing_task` WRITE;
/*!40000 ALTER TABLE `waterworks_batch_billing_task` DISABLE KEYS */;
/*!40000 ALTER TABLE `waterworks_batch_billing_task` ENABLE KEYS */;
UNLOCK TABLES;

--
-- Table structure for table `waterworks_bill`
--

DROP TABLE IF EXISTS `waterworks_bill`;
/*!40101 SET @saved_cs_client     = @@character_set_client */;
/*!40101 SET character_set_client = utf8 */;
CREATE TABLE `waterworks_bill` (
  `objid` varchar(50) NOT NULL,
  `billno` varchar(50) DEFAULT NULL,
  `billdate` date DEFAULT NULL,
  `acctid` varchar(50) DEFAULT NULL,
  `acctinfoid` varchar(50) DEFAULT NULL,
  `batchid` varchar(50) DEFAULT NULL,
  `txnmode` varchar(10) DEFAULT NULL,
  `expirydate` date DEFAULT NULL,
  `state` varchar(32) DEFAULT NULL,
  `balanceforward` decimal(16,2) DEFAULT NULL,
  `billed` int(11) DEFAULT NULL,
  `billrefno` varchar(50) DEFAULT NULL,
  `printed` int(11) DEFAULT NULL,
  `remarks` varchar(255) DEFAULT NULL,
  `createdby_objid` varchar(50) DEFAULT NULL,
  `createdby_name` varchar(255) DEFAULT NULL,
  `dtcreated` datetime DEFAULT NULL,
  `validitydate` date DEFAULT NULL,
  `initial` int(255) DEFAULT NULL,
  `step` int(10) DEFAULT NULL,
  `consumptionid` varchar(50) DEFAULT NULL,
  `totalcredits` decimal(16,2) DEFAULT '0.00',
  `totalprevunpaid` decimal(16,2) DEFAULT '0.00',
  `totalbillunpaid` decimal(16,2) DEFAULT '0.00',
  `billamount` decimal(16,2) DEFAULT '0.00',
  `totalsurcharge` decimal(16,2) DEFAULT '0.00',
  `totalpayment` decimal(16,2) DEFAULT '0.00',
  `totaldiscount` decimal(16,2) DEFAULT '0.00',
  `year` int(11) NOT NULL,
  `month` int(11) NOT NULL,
  `scheduleid` varchar(50) NOT NULL,
  PRIMARY KEY (`objid`),
  UNIQUE KEY `uix_waterworks_bill_acctid_year_month` (`acctid`,`year`,`month`),
  KEY `ix_batchid` (`batchid`),
  KEY `fk_waterworks_bill_acctid` (`acctid`),
  KEY `fk_waterworks_bill_acctinfoid` (`acctinfoid`),
  KEY `fk_waterworks_bill_consumptionid` (`consumptionid`),
  CONSTRAINT `fk_waterworks_bill_consumptionid` FOREIGN KEY (`consumptionid`) REFERENCES `waterworks_consumption` (`objid`)
) ENGINE=InnoDB DEFAULT CHARSET=utf8;
/*!40101 SET character_set_client = @saved_cs_client */;

--
-- Dumping data for table `waterworks_bill`
--

LOCK TABLES `waterworks_bill` WRITE;
/*!40000 ALTER TABLE `waterworks_bill` DISABLE KEYS */;
INSERT INTO `waterworks_bill` VALUES ('WBILL-2944cef5:18a8251926c:-7f16','WB-202309-00067','2023-08-15','WACCT54907434:18a0149c0b7:-7fcb','WACCT54907434:18a0149c0b7:-7fcb',NULL,'ONLINE','2023-09-11','POSTED',0.00,0,NULL,0,NULL,'USR-456239cb:18a2b0d40c9:-7e08','CHRISTINE ALABA','2023-09-11 08:45:47',NULL,NULL,NULL,'WAC-2944cef5:18a8251926c:-7f15',0.00,0.00,0.00,36.00,0.00,36.00,0.00,2023,8,'S20'),('WBILL-2944cef5:18a8251926c:-7f1d','WB-202309-00066','2023-08-15','WACCT54907434:18a0149c0b7:-7fcc','WACCT54907434:18a0149c0b7:-7fcc',NULL,'ONLINE','2023-09-11','POSTED',0.00,0,NULL,0,NULL,'USR-456239cb:18a2b0d40c9:-7e08','CHRISTINE ALABA','2023-09-11 08:00:25',NULL,NULL,NULL,'WAC-2944cef5:18a8251926c:-7f1c',0.00,0.00,0.00,30.00,0.00,30.00,0.00,2023,8,'S20'),('WBILL-2944cef5:18a8251926c:-7f21','WB-202309-00065','2023-08-15','WACCT54907434:18a0149c0b7:-7fb9','WACCT54907434:18a0149c0b7:-7fb9',NULL,'ONLINE','2023-09-11','POSTED',0.00,0,NULL,0,NULL,'USR-456239cb:18a2b0d40c9:-7e08','CHRISTINE ALABA','2023-09-11 07:10:11',NULL,NULL,NULL,'WAC-2944cef5:18a8251926c:-7f20',0.00,0.00,186.00,186.00,0.00,0.00,0.00,2023,8,'S20'),('WBILL-2944cef5:18a8251926c:-7f24','WB-202309-00064','2023-08-15','WACCT54907434:18a0149c0b7:-7fb8','WACCT54907434:18a0149c0b7:-7fb8',NULL,'ONLINE','2023-09-11','POSTED',554.40,0,NULL,0,NULL,'USR-456239cb:18a2b0d40c9:-7e08','CHRISTINE ALABA','2023-09-11 07:09:09',NULL,NULL,NULL,'WAC-2944cef5:18a8251926c:-7f23',0.00,554.40,342.00,342.00,0.00,0.00,0.00,2023,8,'S20'),('WBILL-2944cef5:18a8251926c:-7f29','WB-202309-00063','2023-07-15','WACCT54907434:18a0149c0b7:-7fb8','WACCT54907434:18a0149c0b7:-7fb8',NULL,'ONLINE','2023-08-11','CLOSED',0.00,0,NULL,0,NULL,'USR-456239cb:18a2b0d40c9:-7e08','CHRISTINE ALABA','2023-09-11 07:08:45',NULL,NULL,NULL,'WAC-2944cef5:18a8251926c:-7f28',0.00,0.00,554.40,504.00,50.40,0.00,0.00,2023,7,'S20'),('WBILL-2944cef5:18a8251926c:-7f2d','WB-202309-00062','2023-08-15','WACCT54907434:18a0149c0b7:-7fc2','WACCT54907434:18a0149c0b7:-7fc2',NULL,'ONLINE','2023-09-11','POSTED',0.00,0,NULL,0,NULL,'USR-456239cb:18a2b0d40c9:-7e08','CHRISTINE ALABA','2023-09-11 07:07:26',NULL,NULL,NULL,'WAC-2944cef5:18a8251926c:-7f2c',0.00,0.00,450.00,450.00,0.00,0.00,0.00,2023,8,'S20'),('WBILL-2944cef5:18a8251926c:-7f31','WB-202309-00061','2023-08-15','WACCT54907434:18a0149c0b7:-7fc3','WACCT54907434:18a0149c0b7:-7fc3',NULL,'ONLINE','2023-09-11','POSTED',0.00,0,NULL,0,NULL,'USR-456239cb:18a2b0d40c9:-7e08','CHRISTINE ALABA','2023-09-11 07:06:49',NULL,NULL,NULL,'WAC-2944cef5:18a8251926c:-7f30',0.00,0.00,420.00,420.00,0.00,0.00,0.00,2023,8,'S20'),('WBILL-2944cef5:18a8251926c:-7f35','WB-202309-00060','2023-08-15','WACCT54907434:18a0149c0b7:-7fc8','WACCT54907434:18a0149c0b7:-7fc8',NULL,'ONLINE','2023-09-11','POSTED',0.00,0,NULL,0,NULL,'USR-456239cb:18a2b0d40c9:-7e08','CHRISTINE ALABA','2023-09-11 07:06:14',NULL,NULL,NULL,'WAC-2944cef5:18a8251926c:-7f34',0.00,0.00,1284.00,1284.00,0.00,0.00,0.00,2023,8,'S20'),('WBILL-2944cef5:18a8251926c:-7f39','WB-202309-00059','2023-08-15','WACCT54907434:18a0149c0b7:-7fca','WACCT54907434:18a0149c0b7:-7fca',NULL,'ONLINE','2023-09-11','POSTED',0.00,0,NULL,0,NULL,'USR-456239cb:18a2b0d40c9:-7e08','CHRISTINE ALABA','2023-09-11 07:05:18',NULL,NULL,NULL,'WAC-2944cef5:18a8251926c:-7f38',0.00,0.00,2640.00,2640.00,0.00,0.00,0.00,2023,8,'S20'),('WBILL-2944cef5:18a8251926c:-7f3d','WB-202309-00058','2023-08-15','WACCT54907434:18a0149c0b7:-7fc7','WACCT54907434:18a0149c0b7:-7fc7',NULL,'ONLINE','2023-09-11','POSTED',0.00,0,NULL,0,NULL,'USR-456239cb:18a2b0d40c9:-7e08','CHRISTINE ALABA','2023-09-11 06:57:10',NULL,NULL,NULL,'WAC-2944cef5:18a8251926c:-7f3c',0.00,0.00,30.00,30.00,0.00,0.00,0.00,2023,8,'S20'),('WBILL-2944cef5:18a8251926c:-7f40','WB-202309-00057','2023-08-15','WACCT54907434:18a0149c0b7:-7f8a','WACCT54907434:18a0149c0b7:-7f8a',NULL,'ONLINE','2023-09-11','POSTED',270.60,0,NULL,0,NULL,'USR-456239cb:18a2b0d40c9:-7e08','CHRISTINE ALABA','2023-09-11 06:56:26',NULL,NULL,NULL,'WAC-2944cef5:18a8251926c:-7f3f',0.00,270.60,120.00,120.00,0.00,0.00,0.00,2023,8,'S20'),('WBILL-2944cef5:18a8251926c:-7f44','WB-202309-00056','2023-07-15','WACCT54907434:18a0149c0b7:-7f8a','WACCT54907434:18a0149c0b7:-7f8a',NULL,'ONLINE','2023-08-11','CLOSED',118.80,0,NULL,0,NULL,'USR-456239cb:18a2b0d40c9:-7e08','CHRISTINE ALABA','2023-09-11 06:56:07',NULL,NULL,NULL,'WAC-2944cef5:18a8251926c:-7f43',0.00,118.80,151.80,138.00,13.80,0.00,0.00,2023,7,'S20'),('WBILL-2944cef5:18a8251926c:-7f49','WB-202309-00055','2023-06-15','WACCT54907434:18a0149c0b7:-7f8a','WACCT54907434:18a0149c0b7:-7f8a',NULL,'ONLINE','2023-07-11','CLOSED',0.00,0,NULL,0,NULL,'USR-456239cb:18a2b0d40c9:-7e08','CHRISTINE ALABA','2023-09-11 06:55:44',NULL,NULL,NULL,'WAC-2944cef5:18a8251926c:-7f48',0.00,0.00,118.80,108.00,10.80,0.00,0.00,2023,6,'S20'),('WBILL-2944cef5:18a8251926c:-7f4d','WB-202309-00054','2023-08-15','WACCT54907434:18a0149c0b7:-7fa3','WACCT54907434:18a0149c0b7:-7fa3',NULL,'ONLINE','2023-09-11','POSTED',0.00,0,NULL,0,NULL,'USR-456239cb:18a2b0d40c9:-7e08','CHRISTINE ALABA','2023-09-11 06:55:07',NULL,NULL,NULL,'WAC-2944cef5:18a8251926c:-7f4c',0.00,0.00,90.00,90.00,0.00,0.00,0.00,2023,8,'S20'),('WBILL-2944cef5:18a8251926c:-7f51','WB-202309-00053','2023-08-15','WACCT54907434:18a0149c0b7:-7f8d','WACCT54907434:18a0149c0b7:-7f8d',NULL,'ONLINE','2023-09-11','POSTED',0.00,0,NULL,0,NULL,'USR-456239cb:18a2b0d40c9:-7e08','CHRISTINE ALABA','2023-09-11 06:54:33',NULL,NULL,NULL,'WAC-2944cef5:18a8251926c:-7f50',0.00,0.00,138.00,138.00,0.00,0.00,0.00,2023,8,'S20'),('WBILL-2944cef5:18a8251926c:-7f55','WB-202309-00052','2023-08-15','WACCT54907434:18a0149c0b7:-7f8e','WACCT54907434:18a0149c0b7:-7f8e',NULL,'ONLINE','2023-09-11','POSTED',0.00,0,NULL,0,NULL,'USR-456239cb:18a2b0d40c9:-7e08','CHRISTINE ALABA','2023-09-11 06:53:54',NULL,NULL,NULL,'WAC-2944cef5:18a8251926c:-7f54',0.00,0.00,36.00,36.00,0.00,0.00,0.00,2023,8,'S20'),('WBILL-2944cef5:18a8251926c:-7f59','WB-202309-00051','2023-08-15','WACCT54907434:18a0149c0b7:-7f9b','WACCT54907434:18a0149c0b7:-7f9b',NULL,'ONLINE','2023-09-11','POSTED',0.00,0,NULL,0,NULL,'USR-456239cb:18a2b0d40c9:-7e08','CHRISTINE ALABA','2023-09-11 06:52:50',NULL,NULL,NULL,'WAC-2944cef5:18a8251926c:-7f58',0.00,0.00,84.00,84.00,0.00,0.00,0.00,2023,8,'S20'),('WBILL-2944cef5:18a8251926c:-7f5d','WB-202309-00050','2023-08-15','WACCT54907434:18a0149c0b7:-7fa1','WACCT54907434:18a0149c0b7:-7fa1',NULL,'ONLINE','2023-09-11','POSTED',0.00,0,NULL,0,NULL,'USR-456239cb:18a2b0d40c9:-7e08','CHRISTINE ALABA','2023-09-11 06:51:55',NULL,NULL,NULL,'WAC-2944cef5:18a8251926c:-7f5c',0.00,0.00,78.00,78.00,0.00,0.00,0.00,2023,8,'S20'),('WBILL-2944cef5:18a8251926c:-7f61','WB-202309-00049','2023-08-15','WACCT54907434:18a0149c0b7:-7f8b','WACCT54907434:18a0149c0b7:-7f8b',NULL,'ONLINE','2023-09-11','POSTED',0.00,0,NULL,0,NULL,'USR-456239cb:18a2b0d40c9:-7e08','CHRISTINE ALABA','2023-09-11 06:51:18',NULL,NULL,NULL,'WAC-2944cef5:18a8251926c:-7f60',0.00,0.00,30.00,30.00,0.00,0.00,0.00,2023,8,'S20'),('WBILL-2944cef5:18a8251926c:-7f65','WB-202309-00048','2023-08-15','WACCT54907434:18a0149c0b7:-7f9e','WACCT54907434:18a0149c0b7:-7f9e',NULL,'ONLINE','2023-09-11','POSTED',0.00,0,NULL,0,NULL,'USR-456239cb:18a2b0d40c9:-7e08','CHRISTINE ALABA','2023-09-11 06:50:39',NULL,NULL,NULL,'WAC-2944cef5:18a8251926c:-7f64',0.00,0.00,366.00,366.00,0.00,0.00,0.00,2023,8,'S20'),('WBILL-2944cef5:18a8251926c:-7f69','WB-202309-00047','2023-08-15','WACCT54907434:18a0149c0b7:-7f91','WACCT54907434:18a0149c0b7:-7f91',NULL,'ONLINE','2023-09-11','POSTED',0.00,0,NULL,0,NULL,'USR-456239cb:18a2b0d40c9:-7e08','CHRISTINE ALABA','2023-09-11 06:50:00',NULL,NULL,NULL,'WAC-2944cef5:18a8251926c:-7f68',0.00,0.00,324.00,324.00,0.00,0.00,0.00,2023,8,'S20'),('WBILL-2944cef5:18a8251926c:-7f6d','WB-202309-00046','2023-08-15','WACCT54907434:18a0149c0b7:-7fb1','WACCT54907434:18a0149c0b7:-7fb1',NULL,'ONLINE','2023-09-11','POSTED',0.00,0,NULL,0,NULL,'USR-456239cb:18a2b0d40c9:-7e08','CHRISTINE ALABA','2023-09-11 06:49:27',NULL,NULL,NULL,'WAC-2944cef5:18a8251926c:-7f6c',0.00,0.00,228.00,228.00,0.00,0.00,0.00,2023,8,'S20'),('WBILL-2944cef5:18a8251926c:-7f70','WB-202309-00045','2023-08-15','WACCT54907434:18a0149c0b7:-7fcd','WACCT54907434:18a0149c0b7:-7fcd',NULL,'ONLINE','2023-09-11','POSTED',138.60,0,NULL,0,NULL,'USR-456239cb:18a2b0d40c9:-7e08','CHRISTINE ALABA','2023-09-11 06:48:51',NULL,NULL,NULL,'WAC-2944cef5:18a8251926c:-7f6f',0.00,138.60,96.00,96.00,0.00,0.00,0.00,2023,8,'S20'),('WBILL-2944cef5:18a8251926c:-7f75','WB-202309-00044','2023-07-15','WACCT54907434:18a0149c0b7:-7fcd','WACCT54907434:18a0149c0b7:-7fcd',NULL,'ONLINE','2023-08-11','CLOSED',0.00,0,NULL,0,NULL,'USR-456239cb:18a2b0d40c9:-7e08','CHRISTINE ALABA','2023-09-11 06:48:28',NULL,NULL,NULL,'WAC-2944cef5:18a8251926c:-7f74',0.00,0.00,138.60,126.00,12.60,0.00,0.00,2023,7,'S20'),('WBILL-2944cef5:18a8251926c:-7f79','WB-202309-00043','2023-08-15','WACCT54907434:18a0149c0b7:-7fd1','WACCT54907434:18a0149c0b7:-7fd1',NULL,'ONLINE','2023-09-11','POSTED',0.00,0,NULL,0,NULL,'USR-456239cb:18a2b0d40c9:-7e08','CHRISTINE ALABA','2023-09-11 06:47:25',NULL,NULL,NULL,'WAC-2944cef5:18a8251926c:-7f78',0.00,0.00,156.00,156.00,0.00,0.00,0.00,2023,8,'S20'),('WBILL-2944cef5:18a8251926c:-7f7d','WB-202309-00042','2023-08-15','WACCT54907434:18a0149c0b7:-7fd0','WACCT54907434:18a0149c0b7:-7fd0',NULL,'ONLINE','2023-09-11','POSTED',0.00,0,NULL,0,NULL,'USR-456239cb:18a2b0d40c9:-7e08','CHRISTINE ALABA','2023-09-11 06:46:44',NULL,NULL,NULL,'WAC-2944cef5:18a8251926c:-7f7c',0.00,0.00,78.00,78.00,0.00,0.00,0.00,2023,8,'S20'),('WBILL-2944cef5:18a8251926c:-7f81','WB-202309-00041','2023-08-15','WACCT54907434:18a0149c0b7:-7fcf','WACCT54907434:18a0149c0b7:-7fcf',NULL,'ONLINE','2023-09-11','POSTED',0.00,0,NULL,0,NULL,'USR-456239cb:18a2b0d40c9:-7e08','CHRISTINE ALABA','2023-09-11 06:45:33',NULL,NULL,NULL,'WAC-2944cef5:18a8251926c:-7f80',0.00,0.00,30.00,30.00,0.00,0.00,0.00,2023,8,'S20'),('WBILL-2944cef5:18a8251926c:-7f85','WB-202309-00040','2023-08-15','WACCT54907434:18a0149c0b7:-7fb5','WACCT54907434:18a0149c0b7:-7fb5',NULL,'ONLINE','2023-09-11','POSTED',0.00,0,NULL,0,NULL,'USR-456239cb:18a2b0d40c9:-7e08','CHRISTINE ALABA','2023-09-11 06:44:31',NULL,NULL,NULL,'WAC-2944cef5:18a8251926c:-7f84',0.00,0.00,486.00,486.00,0.00,0.00,0.00,2023,8,'S20'),('WBILL-2944cef5:18a8251926c:-7f89','WB-202309-00039','2023-08-15','WACCT54907434:18a0149c0b7:-7fb4','WACCT54907434:18a0149c0b7:-7fb4',NULL,'ONLINE','2023-09-11','POSTED',0.00,0,NULL,0,NULL,'USR-456239cb:18a2b0d40c9:-7e08','CHRISTINE ALABA','2023-09-11 06:43:23',NULL,NULL,NULL,'WAC-2944cef5:18a8251926c:-7f88',0.00,0.00,366.00,366.00,0.00,0.00,0.00,2023,8,'S20'),('WBILL-2944cef5:18a8251926c:-7f8d','WB-202309-00038','2023-08-15','WACCT54907434:18a0149c0b7:-7fb7','WACCT54907434:18a0149c0b7:-7fb7',NULL,'ONLINE','2023-09-11','POSTED',0.00,0,NULL,0,NULL,'USR-456239cb:18a2b0d40c9:-7e08','CHRISTINE ALABA','2023-09-11 06:42:42',NULL,NULL,NULL,'WAC-2944cef5:18a8251926c:-7f8c',0.00,0.00,390.00,390.00,0.00,0.00,0.00,2023,8,'S20'),('WBILL-2944cef5:18a8251926c:-7f90','WB-202309-00037','2023-08-15','WACCT54907434:18a0149c0b7:-7fba','WACCT54907434:18a0149c0b7:-7fba',NULL,'ONLINE','2023-09-11','POSTED',231.00,0,NULL,0,NULL,'USR-456239cb:18a2b0d40c9:-7e08','CHRISTINE ALABA','2023-09-11 06:42:02',NULL,NULL,NULL,'WAC-2944cef5:18a8251926c:-7f8f',0.00,231.00,192.00,192.00,0.00,0.00,0.00,2023,8,'S20'),('WBILL-2944cef5:18a8251926c:-7f95','WB-202309-00036','2023-07-15','WACCT54907434:18a0149c0b7:-7fba','WACCT54907434:18a0149c0b7:-7fba',NULL,'ONLINE','2023-08-11','CLOSED',0.00,0,NULL,0,NULL,'USR-456239cb:18a2b0d40c9:-7e08','CHRISTINE ALABA','2023-09-11 06:41:38',NULL,NULL,NULL,'WAC-2944cef5:18a8251926c:-7f94',0.00,0.00,231.00,210.00,21.00,0.00,0.00,2023,7,'S20'),('WBILL-2944cef5:18a8251926c:-7f99','WB-202309-00035','2023-08-15','WACCT54907434:18a0149c0b7:-7fbb','WACCT54907434:18a0149c0b7:-7fbb',NULL,'ONLINE','2023-09-11','POSTED',0.00,0,NULL,0,NULL,'USR-456239cb:18a2b0d40c9:-7e08','CHRISTINE ALABA','2023-09-11 06:40:58',NULL,NULL,NULL,'WAC-2944cef5:18a8251926c:-7f98',0.00,0.00,318.00,318.00,0.00,0.00,0.00,2023,8,'S20'),('WBILL-2944cef5:18a8251926c:-7f9c','WB-202309-00034','2023-08-15','WACCT54907434:18a0149c0b7:-7fbf','WACCT54907434:18a0149c0b7:-7fbf',NULL,'ONLINE','2023-09-11','POSTED',92.40,0,NULL,0,NULL,'USR-456239cb:18a2b0d40c9:-7e08','CHRISTINE ALABA','2023-09-11 06:40:15',NULL,NULL,NULL,'WAC-2944cef5:18a8251926c:-7f9b',0.00,92.40,60.00,60.00,0.00,0.00,0.00,2023,8,'S20'),('WBILL-2944cef5:18a8251926c:-7fa1','WB-202309-00033','2023-07-15','WACCT54907434:18a0149c0b7:-7fbf','WACCT54907434:18a0149c0b7:-7fbf',NULL,'ONLINE','2023-08-11','CLOSED',0.00,0,NULL,0,NULL,'USR-456239cb:18a2b0d40c9:-7e08','CHRISTINE ALABA','2023-09-11 06:39:53',NULL,NULL,NULL,'WAC-2944cef5:18a8251926c:-7fa0',0.00,0.00,92.40,84.00,8.40,0.00,0.00,2023,7,'S20'),('WBILL-2944cef5:18a8251926c:-7fa5','WB-202309-00032','2023-08-15','WACCT54907434:18a0149c0b7:-7fc0','WACCT54907434:18a0149c0b7:-7fc0',NULL,'ONLINE','2023-09-11','POSTED',0.00,0,NULL,0,NULL,'USR-456239cb:18a2b0d40c9:-7e08','CHRISTINE ALABA','2023-09-11 06:39:06',NULL,NULL,NULL,'WAC-2944cef5:18a8251926c:-7fa4',0.00,0.00,228.00,228.00,0.00,0.00,0.00,2023,8,'S20'),('WBILL-2944cef5:18a8251926c:-7fa9','WB-202309-00031','2023-08-15','WACCT54907434:18a0149c0b7:-7fa2','WACCT54907434:18a0149c0b7:-7fa2',NULL,'ONLINE','2023-09-11','POSTED',0.00,0,NULL,0,NULL,'USR-456239cb:18a2b0d40c9:-7e08','CHRISTINE ALABA','2023-09-11 06:37:42',NULL,NULL,NULL,'WAC-2944cef5:18a8251926c:-7fa8',0.00,0.00,120.00,120.00,0.00,0.00,0.00,2023,8,'S20'),('WBILL-2944cef5:18a8251926c:-7fad','WB-202309-00030','2023-08-15','WACCT54907434:18a0149c0b7:-7fa4','WACCT54907434:18a0149c0b7:-7fa4',NULL,'ONLINE','2023-09-11','POSTED',0.00,0,NULL,0,NULL,'USR-456239cb:18a2b0d40c9:-7e08','CHRISTINE ALABA','2023-09-11 06:37:03',NULL,NULL,NULL,'WAC-2944cef5:18a8251926c:-7fac',0.00,0.00,156.00,156.00,0.00,0.00,0.00,2023,8,'S20'),('WBILL-2944cef5:18a8251926c:-7fb1','WB-202309-00029','2023-08-15','WACCT54907434:18a0149c0b7:-7fa5','WACCT54907434:18a0149c0b7:-7fa5',NULL,'ONLINE','2023-09-11','POSTED',0.00,0,NULL,0,NULL,'USR-456239cb:18a2b0d40c9:-7e08','CHRISTINE ALABA','2023-09-11 06:06:12',NULL,NULL,NULL,'WAC-2944cef5:18a8251926c:-7fb0',0.00,0.00,126.00,126.00,0.00,0.00,0.00,2023,8,'S20'),('WBILL-2944cef5:18a8251926c:-7fb5','WB-202309-00028','2023-08-15','WACCT54907434:18a0149c0b7:-7fa7','WACCT54907434:18a0149c0b7:-7fa7',NULL,'ONLINE','2023-09-11','POSTED',0.00,0,NULL,0,NULL,'USR-456239cb:18a2b0d40c9:-7e08','CHRISTINE ALABA','2023-09-11 06:03:37',NULL,NULL,NULL,'WAC-2944cef5:18a8251926c:-7fb4',0.00,0.00,150.00,150.00,0.00,0.00,0.00,2023,8,'S20'),('WBILL-2944cef5:18a8251926c:-7fb9','WB-202309-00027','2023-08-15','WACCT54907434:18a0149c0b7:-7fa8','WACCT54907434:18a0149c0b7:-7fa8',NULL,'ONLINE','2023-09-11','POSTED',0.00,0,NULL,0,NULL,'USR-456239cb:18a2b0d40c9:-7e08','CHRISTINE ALABA','2023-09-11 06:02:57',NULL,NULL,NULL,'WAC-2944cef5:18a8251926c:-7fb8',0.00,0.00,138.00,138.00,0.00,0.00,0.00,2023,8,'S20'),('WBILL-2944cef5:18a8251926c:-7fbd','WB-202309-00026','2023-08-15','WACCT54907434:18a0149c0b7:-7fa9','WACCT54907434:18a0149c0b7:-7fa9',NULL,'ONLINE','2023-09-11','POSTED',0.00,0,NULL,0,NULL,'USR-456239cb:18a2b0d40c9:-7e08','CHRISTINE ALABA','2023-09-11 06:01:42',NULL,NULL,NULL,'WAC-2944cef5:18a8251926c:-7fbc',0.00,0.00,30.00,30.00,0.00,0.00,0.00,2023,8,'S20'),('WBILL-2944cef5:18a8251926c:-7fc1','WB-202309-00025','2023-08-15','WACCT54907434:18a0149c0b7:-7faa','WACCT54907434:18a0149c0b7:-7faa',NULL,'ONLINE','2023-09-11','POSTED',0.00,0,NULL,0,NULL,'USR-456239cb:18a2b0d40c9:-7e08','CHRISTINE ALABA','2023-09-11 06:00:52',NULL,NULL,NULL,'WAC-2944cef5:18a8251926c:-7fc0',0.00,0.00,156.00,156.00,0.00,0.00,0.00,2023,8,'S20'),('WBILL-2944cef5:18a8251926c:-7fc5','WB-202309-00024','2023-08-15','WACCT54907434:18a0149c0b7:-7fab','WACCT54907434:18a0149c0b7:-7fab',NULL,'ONLINE','2023-09-11','POSTED',0.00,0,NULL,0,NULL,'USR-456239cb:18a2b0d40c9:-7e08','CHRISTINE ALABA','2023-09-11 05:59:36',NULL,NULL,NULL,'WAC-2944cef5:18a8251926c:-7fc4',0.00,0.00,186.00,186.00,0.00,0.00,0.00,2023,8,'S20'),('WBILL-2944cef5:18a8251926c:-7fc8','WB-202309-00023','2023-08-15','WACCT54907434:18a0149c0b7:-7fae','WACCT54907434:18a0149c0b7:-7fae',NULL,'ONLINE','2023-09-11','POSTED',33.00,0,NULL,0,NULL,'USR-456239cb:18a2b0d40c9:-7e08','CHRISTINE ALABA','2023-09-11 05:58:37',NULL,NULL,NULL,'WAC-2944cef5:18a8251926c:-7fc7',0.00,33.00,30.00,30.00,0.00,0.00,0.00,2023,8,'S20'),('WBILL-2944cef5:18a8251926c:-7fcd','WB-202309-00022','2023-07-15','WACCT54907434:18a0149c0b7:-7fae','WACCT54907434:18a0149c0b7:-7fae',NULL,'ONLINE','2023-08-11','CLOSED',0.00,0,NULL,0,NULL,'USR-456239cb:18a2b0d40c9:-7e08','CHRISTINE ALABA','2023-09-11 05:57:45',NULL,NULL,NULL,'WAC-2944cef5:18a8251926c:-7fcc',0.00,0.00,33.00,30.00,3.00,0.00,0.00,2023,7,'S20'),('WBILL-2944cef5:18a8251926c:-7fd1','WB-202309-00021','2023-08-15','WACCT54907434:18a0149c0b7:-7fac','WACCT54907434:18a0149c0b7:-7fac',NULL,'ONLINE','2023-09-11','POSTED',0.00,0,NULL,0,NULL,'USR-456239cb:18a2b0d40c9:-7e08','CHRISTINE ALABA','2023-09-11 05:57:00',NULL,NULL,NULL,'WAC-2944cef5:18a8251926c:-7fd0',0.00,0.00,36.00,36.00,0.00,0.00,0.00,2023,8,'S20'),('WBILL-2944cef5:18a8251926c:-7fd5','WB-202309-00020','2023-08-15','WACCT54907434:18a0149c0b7:-7fb0','WACCT54907434:18a0149c0b7:-7fb0',NULL,'ONLINE','2023-09-11','POSTED',0.00,0,NULL,0,NULL,'USR-456239cb:18a2b0d40c9:-7e08','CHRISTINE ALABA','2023-09-11 05:55:27',NULL,NULL,NULL,'WAC-2944cef5:18a8251926c:-7fd4',0.00,0.00,180.00,180.00,0.00,0.00,0.00,2023,8,'S20'),('WBILL-2944cef5:18a8251926c:-7fd8','WB-202309-00019','2023-08-15','WACCT54907434:18a0149c0b7:-7fc5','WACCT54907434:18a0149c0b7:-7fc5',NULL,'ONLINE','2023-09-11','POSTED',92.40,0,NULL,0,NULL,'USR-456239cb:18a2b0d40c9:-7e08','CHRISTINE ALABA','2023-09-11 05:52:38',NULL,NULL,NULL,'WAC-2944cef5:18a8251926c:-7fd7',0.00,92.40,90.00,90.00,0.00,0.00,0.00,2023,8,'S20'),('WBILL-2944cef5:18a8251926c:-7fdd','WB-202309-00018','2023-07-15','WACCT54907434:18a0149c0b7:-7fc5','WACCT54907434:18a0149c0b7:-7fc5',NULL,'ONLINE','2023-08-11','CLOSED',0.00,0,NULL,0,NULL,'USR-456239cb:18a2b0d40c9:-7e08','CHRISTINE ALABA','2023-09-11 05:51:49',NULL,NULL,NULL,'WAC-2944cef5:18a8251926c:-7fdc',0.00,0.00,92.40,84.00,8.40,0.00,0.00,2023,7,'S20'),('WBILL-2944cef5:18a8251926c:-7fe1','WB-202309-00017','2023-08-15','WACCT54907434:18a0149c0b7:-7f9f','WACCT54907434:18a0149c0b7:-7f9f',NULL,'ONLINE','2023-09-11','POSTED',0.00,0,NULL,0,NULL,'USR-456239cb:18a2b0d40c9:-7e08','CHRISTINE ALABA','2023-09-11 05:50:28',NULL,NULL,NULL,'WAC-2944cef5:18a8251926c:-7fe0',0.00,0.00,30.00,30.00,0.00,0.00,0.00,2023,8,'S20'),('WBILL-2944cef5:18a8251926c:-7fe5','WB-202309-00016','2023-08-15','WACCT54907434:18a0149c0b7:-7f9d','WACCT54907434:18a0149c0b7:-7f9d',NULL,'ONLINE','2023-09-11','POSTED',0.00,0,NULL,0,NULL,'USR-456239cb:18a2b0d40c9:-7e08','CHRISTINE ALABA','2023-09-11 05:49:16',NULL,NULL,NULL,'WAC-2944cef5:18a8251926c:-7fe4',0.00,0.00,30.00,30.00,0.00,0.00,0.00,2023,8,'S20'),('WBILL-2944cef5:18a8251926c:-7fe9','WB-202309-00015','2023-08-15','WACCT54907434:18a0149c0b7:-7f98','WACCT54907434:18a0149c0b7:-7f98',NULL,'ONLINE','2023-09-11','POSTED',0.00,0,NULL,0,NULL,'USR-456239cb:18a2b0d40c9:-7e08','CHRISTINE ALABA','2023-09-11 05:47:51',NULL,NULL,NULL,'WAC-2944cef5:18a8251926c:-7fe8',0.00,0.00,30.00,30.00,0.00,0.00,0.00,2023,8,'S20'),('WBILL-2944cef5:18a8251926c:-7fec','WB-202309-00014','2023-08-15','WACCT54907434:18a0149c0b7:-7f97','WACCT54907434:18a0149c0b7:-7f97',NULL,'ONLINE','2023-09-11','POSTED',468.60,0,NULL,0,NULL,'USR-456239cb:18a2b0d40c9:-7e08','CHRISTINE ALABA','2023-09-11 05:42:23',NULL,NULL,NULL,'WAC-2944cef5:18a8251926c:-7feb',0.00,468.60,79.20,72.00,7.20,0.00,0.00,2023,8,'S20'),('WBILL-2944cef5:18a8251926c:-7ff1','WB-202309-00013','2023-07-15','WACCT54907434:18a0149c0b7:-7f97','WACCT54907434:18a0149c0b7:-7f97',NULL,'ONLINE','2023-08-11','CLOSED',0.00,0,NULL,0,NULL,'USR-456239cb:18a2b0d40c9:-7e08','CHRISTINE ALABA','2023-09-11 05:41:16',NULL,NULL,NULL,'WAC-2944cef5:18a8251926c:-7ff0',0.00,0.00,468.60,426.00,42.60,0.00,0.00,2023,7,'S20'),('WBILL-46eef0e9:18a86fcf72d:-7f6d','WB-202309-00089','2023-08-15','WACCT54907434:18a0149c0b7:-7f8c','WACCT54907434:18a0149c0b7:-7f8c',NULL,'ONLINE','2023-09-11','POSTED',0.00,0,NULL,0,NULL,'USR-456239cb:18a2b0d40c9:-7e08','CHRISTINE ALABA','2023-09-12 01:51:59',NULL,NULL,NULL,'WAC-46eef0e9:18a86fcf72d:-7f6c',0.00,0.00,0.00,384.00,0.00,384.00,0.00,2023,8,'S20'),('WBILL-46eef0e9:18a86fcf72d:-7f74','WB-202309-00088','2023-08-15','WACCT54907434:18a0149c0b7:-7f8f','WACCT54907434:18a0149c0b7:-7f8f',NULL,'ONLINE','2023-09-11','POSTED',0.00,0,NULL,0,NULL,'USR-456239cb:18a2b0d40c9:-7e08','CHRISTINE ALABA','2023-09-12 01:46:57',NULL,NULL,NULL,'WAC-46eef0e9:18a86fcf72d:-7f73',0.00,0.00,0.00,84.00,0.00,84.00,0.00,2023,8,'S20'),('WBILL-46eef0e9:18a86fcf72d:-7f7b','WB-202309-00087','2023-08-15','WACCT54907434:18a0149c0b7:-7f92','WACCT54907434:18a0149c0b7:-7f92',NULL,'ONLINE','2023-09-11','POSTED',0.00,0,NULL,0,NULL,'USR-456239cb:18a2b0d40c9:-7e08','CHRISTINE ALABA','2023-09-12 01:45:49',NULL,NULL,NULL,'WAC-46eef0e9:18a86fcf72d:-7f7a',0.00,0.00,0.00,156.00,0.00,156.00,0.00,2023,8,'S20'),('WBILL-46eef0e9:18a86fcf72d:-7f82','WB-202309-00086','2023-08-15','WACCT54907434:18a0149c0b7:-7f93','WACCT54907434:18a0149c0b7:-7f93',NULL,'ONLINE','2023-09-11','POSTED',0.00,0,NULL,0,NULL,'USR-456239cb:18a2b0d40c9:-7e08','CHRISTINE ALABA','2023-09-12 01:44:54',NULL,NULL,NULL,'WAC-46eef0e9:18a86fcf72d:-7f81',0.00,0.00,0.00,132.00,0.00,132.00,0.00,2023,8,'S20'),('WBILL-46eef0e9:18a86fcf72d:-7f89','WB-202309-00085','2023-08-15','WACCT54907434:18a0149c0b7:-7f94','WACCT54907434:18a0149c0b7:-7f94',NULL,'ONLINE','2023-09-11','POSTED',0.00,0,NULL,0,NULL,'USR-456239cb:18a2b0d40c9:-7e08','CHRISTINE ALABA','2023-09-12 01:43:58',NULL,NULL,NULL,'WAC-46eef0e9:18a86fcf72d:-7f88',0.00,0.00,0.00,48.00,0.00,48.00,0.00,2023,8,'S20'),('WBILL-46eef0e9:18a86fcf72d:-7f90','WB-202309-00084','2023-08-15','WACCT54907434:18a0149c0b7:-7f95','WACCT54907434:18a0149c0b7:-7f95',NULL,'ONLINE','2023-09-11','POSTED',0.00,0,NULL,0,NULL,'USR-456239cb:18a2b0d40c9:-7e08','CHRISTINE ALABA','2023-09-12 01:42:56',NULL,NULL,NULL,'WAC-46eef0e9:18a86fcf72d:-7f8f',0.00,0.00,0.00,390.00,0.00,390.00,0.00,2023,8,'S20'),('WBILL-46eef0e9:18a86fcf72d:-7f97','WB-202309-00083','2023-08-15','WACCT54907434:18a0149c0b7:-7f99','WACCT54907434:18a0149c0b7:-7f99',NULL,'ONLINE','2023-09-11','POSTED',0.00,0,NULL,0,NULL,'USR-456239cb:18a2b0d40c9:-7e08','CHRISTINE ALABA','2023-09-12 01:41:51',NULL,NULL,NULL,'WAC-46eef0e9:18a86fcf72d:-7f96',0.00,0.00,0.00,36.00,0.00,36.00,0.00,2023,8,'S20'),('WBILL-46eef0e9:18a86fcf72d:-7f9e','WB-202309-00082','2023-08-15','WACCT54907434:18a0149c0b7:-7f9a','WACCT54907434:18a0149c0b7:-7f9a',NULL,'ONLINE','2023-09-11','POSTED',0.00,0,NULL,0,NULL,'USR-456239cb:18a2b0d40c9:-7e08','CHRISTINE ALABA','2023-09-12 01:40:45',NULL,NULL,NULL,'WAC-46eef0e9:18a86fcf72d:-7f9d',0.00,0.00,0.00,150.00,0.00,150.00,0.00,2023,8,'S20'),('WBILL-46eef0e9:18a86fcf72d:-7fa5','WB-202309-00081','2023-08-15','WACCT54907434:18a0149c0b7:-7f9c','WACCT54907434:18a0149c0b7:-7f9c',NULL,'ONLINE','2023-09-11','POSTED',0.00,0,NULL,0,NULL,'USR-456239cb:18a2b0d40c9:-7e08','CHRISTINE ALABA','2023-09-12 01:39:47',NULL,NULL,NULL,'WAC-46eef0e9:18a86fcf72d:-7fa4',0.00,0.00,0.00,132.00,0.00,132.00,0.00,2023,8,'S20'),('WBILL-46eef0e9:18a86fcf72d:-7fac','WB-202309-00080','2023-08-15','WACCT54907434:18a0149c0b7:-7fa0','WACCT54907434:18a0149c0b7:-7fa0',NULL,'ONLINE','2023-09-11','POSTED',0.00,0,NULL,0,NULL,'USR-456239cb:18a2b0d40c9:-7e08','CHRISTINE ALABA','2023-09-12 01:38:54',NULL,NULL,NULL,'WAC-46eef0e9:18a86fcf72d:-7fab',0.00,0.00,0.00,30.00,0.00,30.00,0.00,2023,8,'S20'),('WBILL-46eef0e9:18a86fcf72d:-7fb3','WB-202309-00079','2023-08-15','WACCT54907434:18a0149c0b7:-7fa6','WACCT54907434:18a0149c0b7:-7fa6',NULL,'ONLINE','2023-09-11','POSTED',0.00,0,NULL,0,NULL,'USR-456239cb:18a2b0d40c9:-7e08','CHRISTINE ALABA','2023-09-12 01:37:41',NULL,NULL,NULL,'WAC-46eef0e9:18a86fcf72d:-7fb2',0.00,0.00,0.00,234.00,0.00,234.00,0.00,2023,8,'S20'),('WBILL-46eef0e9:18a86fcf72d:-7fba','WB-202309-00078','2023-08-15','WACCT54907434:18a0149c0b7:-7fad','WACCT54907434:18a0149c0b7:-7fad',NULL,'ONLINE','2023-09-11','POSTED',0.00,0,NULL,0,NULL,'USR-456239cb:18a2b0d40c9:-7e08','CHRISTINE ALABA','2023-09-12 01:36:35',NULL,NULL,NULL,'WAC-46eef0e9:18a86fcf72d:-7fb9',0.00,0.00,0.00,258.00,0.00,258.00,0.00,2023,8,'S20'),('WBILL-46eef0e9:18a86fcf72d:-7fc1','WB-202309-00077','2023-08-15','WACCT54907434:18a0149c0b7:-7faf','WACCT54907434:18a0149c0b7:-7faf',NULL,'ONLINE','2023-09-11','POSTED',0.00,0,NULL,0,NULL,'USR-456239cb:18a2b0d40c9:-7e08','CHRISTINE ALABA','2023-09-12 01:35:43',NULL,NULL,NULL,'WAC-46eef0e9:18a86fcf72d:-7fc0',0.00,0.00,0.00,250.00,0.00,250.00,0.00,2023,8,'S20'),('WBILL-46eef0e9:18a86fcf72d:-7fc8','WB-202309-00076','2023-08-15','WACCT54907434:18a0149c0b7:-7fb2','WACCT54907434:18a0149c0b7:-7fb2',NULL,'ONLINE','2023-09-11','POSTED',0.00,0,NULL,0,NULL,'USR-456239cb:18a2b0d40c9:-7e08','CHRISTINE ALABA','2023-09-12 01:34:32',NULL,NULL,NULL,'WAC-46eef0e9:18a86fcf72d:-7fc7',0.00,0.00,0.00,84.00,0.00,84.00,0.00,2023,8,'S20'),('WBILL-46eef0e9:18a86fcf72d:-7fcf','WB-202309-00075','2023-08-15','WACCT54907434:18a0149c0b7:-7fb3','WACCT54907434:18a0149c0b7:-7fb3',NULL,'ONLINE','2023-09-11','POSTED',0.00,0,NULL,0,NULL,'USR-456239cb:18a2b0d40c9:-7e08','CHRISTINE ALABA','2023-09-12 01:32:50',NULL,NULL,NULL,'WAC-46eef0e9:18a86fcf72d:-7fce',0.00,0.00,0.00,264.00,0.00,264.00,0.00,2023,8,'S20'),('WBILL-46eef0e9:18a86fcf72d:-7fd6','WB-202309-00074','2023-08-15','WACCT54907434:18a0149c0b7:-7fb6','WACCT54907434:18a0149c0b7:-7fb6',NULL,'ONLINE','2023-09-11','POSTED',0.00,0,NULL,0,NULL,'USR-456239cb:18a2b0d40c9:-7e08','CHRISTINE ALABA','2023-09-12 01:31:48',NULL,NULL,NULL,'WAC-46eef0e9:18a86fcf72d:-7fd5',0.00,0.00,0.00,186.00,0.00,186.00,0.00,2023,8,'S20'),('WBILL-46eef0e9:18a86fcf72d:-7fdd','WB-202309-00073','2023-08-15','WACCT54907434:18a0149c0b7:-7fbc','WACCT54907434:18a0149c0b7:-7fbc',NULL,'ONLINE','2023-09-11','POSTED',0.00,0,NULL,0,NULL,'USR-456239cb:18a2b0d40c9:-7e08','CHRISTINE ALABA','2023-09-12 01:29:25',NULL,NULL,NULL,'WAC-46eef0e9:18a86fcf72d:-7fdc',0.00,0.00,0.00,144.00,0.00,144.00,0.00,2023,8,'S20'),('WBILL-46eef0e9:18a86fcf72d:-7fe4','WB-202309-00072','2023-08-15','WACCT54907434:18a0149c0b7:-7fbd','WACCT54907434:18a0149c0b7:-7fbd',NULL,'ONLINE','2023-09-11','POSTED',0.00,0,NULL,0,NULL,'USR-456239cb:18a2b0d40c9:-7e08','CHRISTINE ALABA','2023-09-12 01:28:28',NULL,NULL,NULL,'WAC-46eef0e9:18a86fcf72d:-7fe3',0.00,0.00,0.00,30.00,0.00,30.00,0.00,2023,8,'S20'),('WBILL-46eef0e9:18a86fcf72d:-7feb','WB-202309-00071','2023-08-15','WACCT54907434:18a0149c0b7:-7fbe','WACCT54907434:18a0149c0b7:-7fbe',NULL,'ONLINE','2023-09-11','POSTED',0.00,0,NULL,0,NULL,'USR-456239cb:18a2b0d40c9:-7e08','CHRISTINE ALABA','2023-09-12 01:27:35',NULL,NULL,NULL,'WAC-46eef0e9:18a86fcf72d:-7fea',0.00,0.00,0.00,30.00,0.00,30.00,0.00,2023,8,'S20'),('WBILL-46eef0e9:18a86fcf72d:-7ff2','WB-202309-00070','2023-08-15','WACCT54907434:18a0149c0b7:-7fc1','WACCT54907434:18a0149c0b7:-7fc1',NULL,'ONLINE','2023-09-11','POSTED',0.00,0,NULL,0,NULL,'USR-456239cb:18a2b0d40c9:-7e08','CHRISTINE ALABA','2023-09-12 01:26:33',NULL,NULL,NULL,'WAC-46eef0e9:18a86fcf72d:-7ff1',0.00,0.00,0.00,618.00,0.00,618.00,0.00,2023,8,'S20'),('WBILL-46eef0e9:18a86fcf72d:-7ff9','WB-202309-00069','2023-08-15','WACCT54907434:18a0149c0b7:-7fc6','WACCT54907434:18a0149c0b7:-7fc6',NULL,'ONLINE','2023-09-11','POSTED',0.00,0,NULL,0,NULL,'USR-456239cb:18a2b0d40c9:-7e08','CHRISTINE ALABA','2023-09-12 01:25:25',NULL,NULL,NULL,'WAC-46eef0e9:18a86fcf72d:-7ff8',0.00,0.00,0.00,30.00,0.00,30.00,0.00,2023,8,'S20'),('WBILL-46eef0e9:18a86fcf72d:-8000','WB-202309-00068','2023-08-15','WACCT54907434:18a0149c0b7:-7fc9','WACCT54907434:18a0149c0b7:-7fc9',NULL,'ONLINE','2023-09-11','POSTED',0.00,0,NULL,0,NULL,'USR-456239cb:18a2b0d40c9:-7e08','CHRISTINE ALABA','2023-09-12 01:23:59',NULL,NULL,NULL,'WAC-46eef0e9:18a86fcf72d:-7fff',0.00,0.00,0.00,222.00,0.00,222.00,0.00,2023,8,'S20');
/*!40000 ALTER TABLE `waterworks_bill` ENABLE KEYS */;
UNLOCK TABLES;

--
-- Table structure for table `waterworks_billing_period`
--

DROP TABLE IF EXISTS `waterworks_billing_period`;
/*!40101 SET @saved_cs_client     = @@character_set_client */;
/*!40101 SET character_set_client = utf8 */;
CREATE TABLE `waterworks_billing_period` (
  `objid` varchar(50) NOT NULL,
  `scheduleid` varchar(50) DEFAULT NULL,
  `year` int(11) DEFAULT NULL,
  `month` int(11) DEFAULT NULL,
  `fromdate` date DEFAULT NULL,
  `todate` date DEFAULT NULL,
  `readingdate` date DEFAULT NULL,
  `readingenddate` date DEFAULT NULL,
  `billdate` date DEFAULT NULL,
  `billingenddate` date DEFAULT NULL,
  `discdate` date DEFAULT NULL,
  `duedate` date DEFAULT NULL,
  `billexpirydate` date DEFAULT NULL,
  PRIMARY KEY (`objid`),
  UNIQUE KEY `uix_scheduleid_year_month` (`scheduleid`,`year`,`month`),
  KEY `ix_schedule_objid` (`scheduleid`),
  KEY `ix_year` (`year`),
  KEY `ix_month` (`month`),
  KEY `ix_readingdate` (`readingdate`),
  KEY `objid` (`objid`,`scheduleid`),
  CONSTRAINT `fk_waterworks_billing_period_scheduleid` FOREIGN KEY (`scheduleid`) REFERENCES `waterworks_schedule_group` (`objid`)
) ENGINE=InnoDB DEFAULT CHARSET=utf8;
/*!40101 SET character_set_client = @saved_cs_client */;

--
-- Dumping data for table `waterworks_billing_period`
--

LOCK TABLES `waterworks_billing_period` WRITE;
/*!40000 ALTER TABLE `waterworks_billing_period` DISABLE KEYS */;
INSERT INTO `waterworks_billing_period` VALUES ('S20-2023-03','S20',2023,3,'2023-02-20','2023-03-20','2023-03-01','2023-03-10','2023-03-15',NULL,NULL,'2023-04-20','2023-04-11'),('S20-2023-04','S20',2023,4,'2023-03-20','2023-04-20','2023-04-01','2023-04-10','2023-04-15',NULL,NULL,'2023-05-20','2023-05-11'),('S20-2023-05','S20',2023,5,'2023-04-20','2023-05-20','2023-05-01','2023-05-10','2023-05-15',NULL,NULL,'2023-06-20','2023-06-11'),('S20-2023-06','S20',2023,6,'2023-05-20','2023-06-20','2023-06-01','2023-06-10','2023-06-15',NULL,NULL,'2023-07-20','2023-07-11'),('S20-2023-07','S20',2023,7,'2023-06-20','2023-07-20','2023-07-01','2023-07-10','2023-07-15',NULL,NULL,'2023-08-20','2023-08-11'),('S20-2023-08','S20',2023,8,'2023-07-20','2023-08-20','2023-08-01','2023-08-10','2023-08-15',NULL,NULL,'2023-09-20','2023-09-11'),('S20-2023-09','S20',2023,9,'2023-08-20','2023-09-20','2023-09-01','2023-09-10','2023-09-15',NULL,NULL,'2023-10-20','2023-10-11');
/*!40000 ALTER TABLE `waterworks_billing_period` ENABLE KEYS */;
UNLOCK TABLES;

--
-- Table structure for table `waterworks_billitem`
--

DROP TABLE IF EXISTS `waterworks_billitem`;
/*!40101 SET @saved_cs_client     = @@character_set_client */;
/*!40101 SET character_set_client = utf8 */;
CREATE TABLE `waterworks_billitem` (
  `objid` varchar(50) NOT NULL,
  `acctid` varchar(50) NOT NULL,
  `year` int(4) NOT NULL,
  `month` int(2) NOT NULL,
  `itemid` varchar(50) NOT NULL,
  `billid` varchar(50) DEFAULT NULL,
  `particulars` varchar(255) DEFAULT NULL,
  `amount` decimal(16,2) DEFAULT NULL,
  `amtpaid` decimal(16,2) DEFAULT NULL,
  `discount` decimal(16,2) DEFAULT NULL,
  `system` int(255) DEFAULT NULL,
  `consumptionid` varchar(50) DEFAULT NULL,
  `billed` int(255) DEFAULT NULL,
  `txndate` date DEFAULT NULL,
  `recurringfeeid` varchar(50) DEFAULT NULL,
  `refbillid` varchar(50) DEFAULT NULL,
  PRIMARY KEY (`objid`),
  UNIQUE KEY `uix_waterworks_billitem_mindex` (`billid`,`itemid`,`year`,`month`),
  KEY `fk_waterworks_billitem_consumptionid` (`consumptionid`),
  KEY `fk_waterworks_billitem_itemid` (`itemid`),
  KEY `idx_waterworks_billitem_year` (`year`),
  KEY `idx_waterworks_billitem_month` (`month`),
  KEY `fk_waterworks_billitem_acctid` (`acctid`),
  KEY `fk_waterworks_billitem_recurringfeeid` (`recurringfeeid`),
  KEY `fk_waterworks_billitem_refbillid` (`refbillid`),
  CONSTRAINT `fk_waterworks_billitem_consumptionid` FOREIGN KEY (`consumptionid`) REFERENCES `waterworks_consumption` (`objid`),
  CONSTRAINT `fk_waterworks_billitem_itemid` FOREIGN KEY (`itemid`) REFERENCES `waterworks_itemaccount` (`objid`),
  CONSTRAINT `fk_waterworks_billitem_recurringfeeid` FOREIGN KEY (`recurringfeeid`) REFERENCES `waterworks_recurringfee` (`objid`),
  CONSTRAINT `fk_waterworks_billitem_refbillid` FOREIGN KEY (`refbillid`) REFERENCES `waterworks_bill` (`objid`)
) ENGINE=InnoDB DEFAULT CHARSET=utf8;
/*!40101 SET character_set_client = @saved_cs_client */;

--
-- Dumping data for table `waterworks_billitem`
--

LOCK TABLES `waterworks_billitem` WRITE;
/*!40000 ALTER TABLE `waterworks_billitem` DISABLE KEYS */;
INSERT INTO `waterworks_billitem` VALUES ('WWLGR-2944cef5:18a8251926c:-7f13','WACCT54907434:18a0149c0b7:-7fcb',2023,8,'WATER_FEE','WBILL-2944cef5:18a8251926c:-7f16',NULL,36.00,36.00,0.00,0,NULL,0,'2023-09-11',NULL,NULL),('WWLGR-2944cef5:18a8251926c:-7f1a','WACCT54907434:18a0149c0b7:-7fcc',2023,8,'WATER_FEE','WBILL-2944cef5:18a8251926c:-7f1d',NULL,30.00,30.00,0.00,0,NULL,0,'2023-09-11',NULL,NULL),('WWLGR-2944cef5:18a8251926c:-7f1e','WACCT54907434:18a0149c0b7:-7fb9',2023,8,'WATER_FEE','WBILL-2944cef5:18a8251926c:-7f21',NULL,186.00,0.00,0.00,0,NULL,0,'2023-09-11',NULL,NULL),('WWLGR-2944cef5:18a8251926c:-7f22','WACCT54907434:18a0149c0b7:-7fb8',2023,8,'WATER_FEE','WBILL-2944cef5:18a8251926c:-7f24',NULL,342.00,0.00,0.00,0,NULL,0,'2023-09-11',NULL,NULL),('WWLGR-2944cef5:18a8251926c:-7f25','WACCT54907434:18a0149c0b7:-7fb8',2023,7,'WATER_FEE_SURCHARGE','WBILL-2944cef5:18a8251926c:-7f29',NULL,50.40,0.00,0.00,0,NULL,0,'2023-09-11',NULL,NULL),('WWLGR-2944cef5:18a8251926c:-7f26','WACCT54907434:18a0149c0b7:-7fb8',2023,7,'WATER_FEE','WBILL-2944cef5:18a8251926c:-7f29',NULL,504.00,0.00,0.00,0,NULL,0,'2023-09-11',NULL,NULL),('WWLGR-2944cef5:18a8251926c:-7f2a','WACCT54907434:18a0149c0b7:-7fc2',2023,8,'WATER_FEE','WBILL-2944cef5:18a8251926c:-7f2d',NULL,450.00,0.00,0.00,0,NULL,0,'2023-09-11',NULL,NULL),('WWLGR-2944cef5:18a8251926c:-7f2e','WACCT54907434:18a0149c0b7:-7fc3',2023,8,'WATER_FEE','WBILL-2944cef5:18a8251926c:-7f31',NULL,420.00,0.00,0.00,0,NULL,0,'2023-09-11',NULL,NULL),('WWLGR-2944cef5:18a8251926c:-7f32','WACCT54907434:18a0149c0b7:-7fc8',2023,8,'WATER_FEE','WBILL-2944cef5:18a8251926c:-7f35',NULL,1284.00,0.00,0.00,0,NULL,0,'2023-09-11',NULL,NULL),('WWLGR-2944cef5:18a8251926c:-7f36','WACCT54907434:18a0149c0b7:-7fca',2023,8,'WATER_FEE','WBILL-2944cef5:18a8251926c:-7f39',NULL,2640.00,0.00,0.00,0,NULL,0,'2023-09-11',NULL,NULL),('WWLGR-2944cef5:18a8251926c:-7f3a','WACCT54907434:18a0149c0b7:-7fc7',2023,8,'WATER_FEE','WBILL-2944cef5:18a8251926c:-7f3d',NULL,30.00,0.00,0.00,0,NULL,0,'2023-09-11',NULL,NULL),('WWLGR-2944cef5:18a8251926c:-7f3e','WACCT54907434:18a0149c0b7:-7f8a',2023,8,'WATER_FEE','WBILL-2944cef5:18a8251926c:-7f40',NULL,120.00,0.00,0.00,0,NULL,0,'2023-09-11',NULL,NULL),('WWLGR-2944cef5:18a8251926c:-7f41','WACCT54907434:18a0149c0b7:-7f8a',2023,7,'WATER_FEE_SURCHARGE','WBILL-2944cef5:18a8251926c:-7f44',NULL,13.80,0.00,0.00,0,NULL,0,'2023-09-11',NULL,NULL),('WWLGR-2944cef5:18a8251926c:-7f42','WACCT54907434:18a0149c0b7:-7f8a',2023,7,'WATER_FEE','WBILL-2944cef5:18a8251926c:-7f44',NULL,138.00,0.00,0.00,0,NULL,0,'2023-09-11',NULL,NULL),('WWLGR-2944cef5:18a8251926c:-7f45','WACCT54907434:18a0149c0b7:-7f8a',2023,6,'WATER_FEE_SURCHARGE','WBILL-2944cef5:18a8251926c:-7f49',NULL,10.80,0.00,0.00,0,NULL,0,'2023-09-11',NULL,NULL),('WWLGR-2944cef5:18a8251926c:-7f46','WACCT54907434:18a0149c0b7:-7f8a',2023,6,'WATER_FEE','WBILL-2944cef5:18a8251926c:-7f49',NULL,108.00,0.00,0.00,0,NULL,0,'2023-09-11',NULL,NULL),('WWLGR-2944cef5:18a8251926c:-7f4a','WACCT54907434:18a0149c0b7:-7fa3',2023,8,'WATER_FEE','WBILL-2944cef5:18a8251926c:-7f4d',NULL,90.00,0.00,0.00,0,NULL,0,'2023-09-11',NULL,NULL),('WWLGR-2944cef5:18a8251926c:-7f4e','WACCT54907434:18a0149c0b7:-7f8d',2023,8,'WATER_FEE','WBILL-2944cef5:18a8251926c:-7f51',NULL,138.00,0.00,0.00,0,NULL,0,'2023-09-11',NULL,NULL),('WWLGR-2944cef5:18a8251926c:-7f52','WACCT54907434:18a0149c0b7:-7f8e',2023,8,'WATER_FEE','WBILL-2944cef5:18a8251926c:-7f55',NULL,36.00,0.00,0.00,0,NULL,0,'2023-09-11',NULL,NULL),('WWLGR-2944cef5:18a8251926c:-7f56','WACCT54907434:18a0149c0b7:-7f9b',2023,8,'WATER_FEE','WBILL-2944cef5:18a8251926c:-7f59',NULL,84.00,0.00,0.00,0,NULL,0,'2023-09-11',NULL,NULL),('WWLGR-2944cef5:18a8251926c:-7f5a','WACCT54907434:18a0149c0b7:-7fa1',2023,8,'WATER_FEE','WBILL-2944cef5:18a8251926c:-7f5d',NULL,78.00,0.00,0.00,0,NULL,0,'2023-09-11',NULL,NULL),('WWLGR-2944cef5:18a8251926c:-7f5e','WACCT54907434:18a0149c0b7:-7f8b',2023,8,'WATER_FEE','WBILL-2944cef5:18a8251926c:-7f61',NULL,30.00,0.00,0.00,0,NULL,0,'2023-09-11',NULL,NULL),('WWLGR-2944cef5:18a8251926c:-7f62','WACCT54907434:18a0149c0b7:-7f9e',2023,8,'WATER_FEE','WBILL-2944cef5:18a8251926c:-7f65',NULL,366.00,0.00,0.00,0,NULL,0,'2023-09-11',NULL,NULL),('WWLGR-2944cef5:18a8251926c:-7f66','WACCT54907434:18a0149c0b7:-7f91',2023,8,'WATER_FEE','WBILL-2944cef5:18a8251926c:-7f69',NULL,324.00,0.00,0.00,0,NULL,0,'2023-09-11',NULL,NULL),('WWLGR-2944cef5:18a8251926c:-7f6a','WACCT54907434:18a0149c0b7:-7fb1',2023,8,'WATER_FEE','WBILL-2944cef5:18a8251926c:-7f6d',NULL,228.00,0.00,0.00,0,NULL,0,'2023-09-11',NULL,NULL),('WWLGR-2944cef5:18a8251926c:-7f6e','WACCT54907434:18a0149c0b7:-7fcd',2023,8,'WATER_FEE','WBILL-2944cef5:18a8251926c:-7f70',NULL,96.00,0.00,0.00,0,NULL,0,'2023-09-11',NULL,NULL),('WWLGR-2944cef5:18a8251926c:-7f71','WACCT54907434:18a0149c0b7:-7fcd',2023,7,'WATER_FEE_SURCHARGE','WBILL-2944cef5:18a8251926c:-7f75',NULL,12.60,0.00,0.00,0,NULL,0,'2023-09-11',NULL,NULL),('WWLGR-2944cef5:18a8251926c:-7f72','WACCT54907434:18a0149c0b7:-7fcd',2023,7,'WATER_FEE','WBILL-2944cef5:18a8251926c:-7f75',NULL,126.00,0.00,0.00,0,NULL,0,'2023-09-11',NULL,NULL),('WWLGR-2944cef5:18a8251926c:-7f76','WACCT54907434:18a0149c0b7:-7fd1',2023,8,'WATER_FEE','WBILL-2944cef5:18a8251926c:-7f79',NULL,156.00,0.00,0.00,0,NULL,0,'2023-09-11',NULL,NULL),('WWLGR-2944cef5:18a8251926c:-7f7a','WACCT54907434:18a0149c0b7:-7fd0',2023,8,'WATER_FEE','WBILL-2944cef5:18a8251926c:-7f7d',NULL,78.00,0.00,0.00,0,NULL,0,'2023-09-11',NULL,NULL),('WWLGR-2944cef5:18a8251926c:-7f7e','WACCT54907434:18a0149c0b7:-7fcf',2023,8,'WATER_FEE','WBILL-2944cef5:18a8251926c:-7f81',NULL,30.00,0.00,0.00,0,NULL,0,'2023-09-11',NULL,NULL),('WWLGR-2944cef5:18a8251926c:-7f82','WACCT54907434:18a0149c0b7:-7fb5',2023,8,'WATER_FEE','WBILL-2944cef5:18a8251926c:-7f85',NULL,486.00,0.00,0.00,0,NULL,0,'2023-09-11',NULL,NULL),('WWLGR-2944cef5:18a8251926c:-7f86','WACCT54907434:18a0149c0b7:-7fb4',2023,8,'WATER_FEE','WBILL-2944cef5:18a8251926c:-7f89',NULL,366.00,0.00,0.00,0,NULL,0,'2023-09-11',NULL,NULL),('WWLGR-2944cef5:18a8251926c:-7f8a','WACCT54907434:18a0149c0b7:-7fb7',2023,8,'WATER_FEE','WBILL-2944cef5:18a8251926c:-7f8d',NULL,390.00,0.00,0.00,0,NULL,0,'2023-09-11',NULL,NULL),('WWLGR-2944cef5:18a8251926c:-7f8e','WACCT54907434:18a0149c0b7:-7fba',2023,8,'WATER_FEE','WBILL-2944cef5:18a8251926c:-7f90',NULL,192.00,0.00,0.00,0,NULL,0,'2023-09-11',NULL,NULL),('WWLGR-2944cef5:18a8251926c:-7f91','WACCT54907434:18a0149c0b7:-7fba',2023,7,'WATER_FEE_SURCHARGE','WBILL-2944cef5:18a8251926c:-7f95',NULL,21.00,0.00,0.00,0,NULL,0,'2023-09-11',NULL,NULL),('WWLGR-2944cef5:18a8251926c:-7f92','WACCT54907434:18a0149c0b7:-7fba',2023,7,'WATER_FEE','WBILL-2944cef5:18a8251926c:-7f95',NULL,210.00,0.00,0.00,0,NULL,0,'2023-09-11',NULL,NULL),('WWLGR-2944cef5:18a8251926c:-7f96','WACCT54907434:18a0149c0b7:-7fbb',2023,8,'WATER_FEE','WBILL-2944cef5:18a8251926c:-7f99',NULL,318.00,0.00,0.00,0,NULL,0,'2023-09-11',NULL,NULL),('WWLGR-2944cef5:18a8251926c:-7f9a','WACCT54907434:18a0149c0b7:-7fbf',2023,8,'WATER_FEE','WBILL-2944cef5:18a8251926c:-7f9c',NULL,60.00,0.00,0.00,0,NULL,0,'2023-09-11',NULL,NULL),('WWLGR-2944cef5:18a8251926c:-7f9d','WACCT54907434:18a0149c0b7:-7fbf',2023,7,'WATER_FEE_SURCHARGE','WBILL-2944cef5:18a8251926c:-7fa1',NULL,8.40,0.00,0.00,0,NULL,0,'2023-09-11',NULL,NULL),('WWLGR-2944cef5:18a8251926c:-7f9e','WACCT54907434:18a0149c0b7:-7fbf',2023,7,'WATER_FEE','WBILL-2944cef5:18a8251926c:-7fa1',NULL,84.00,0.00,0.00,0,NULL,0,'2023-09-11',NULL,NULL),('WWLGR-2944cef5:18a8251926c:-7fa2','WACCT54907434:18a0149c0b7:-7fc0',2023,8,'WATER_FEE','WBILL-2944cef5:18a8251926c:-7fa5',NULL,228.00,0.00,0.00,0,NULL,0,'2023-09-11',NULL,NULL),('WWLGR-2944cef5:18a8251926c:-7fa6','WACCT54907434:18a0149c0b7:-7fa2',2023,8,'WATER_FEE','WBILL-2944cef5:18a8251926c:-7fa9',NULL,120.00,0.00,0.00,0,NULL,0,'2023-09-11',NULL,NULL),('WWLGR-2944cef5:18a8251926c:-7faa','WACCT54907434:18a0149c0b7:-7fa4',2023,8,'WATER_FEE','WBILL-2944cef5:18a8251926c:-7fad',NULL,156.00,0.00,0.00,0,NULL,0,'2023-09-11',NULL,NULL),('WWLGR-2944cef5:18a8251926c:-7fae','WACCT54907434:18a0149c0b7:-7fa5',2023,8,'WATER_FEE','WBILL-2944cef5:18a8251926c:-7fb1',NULL,126.00,0.00,0.00,0,NULL,0,'2023-09-11',NULL,NULL),('WWLGR-2944cef5:18a8251926c:-7fb2','WACCT54907434:18a0149c0b7:-7fa7',2023,8,'WATER_FEE','WBILL-2944cef5:18a8251926c:-7fb5',NULL,150.00,0.00,0.00,0,NULL,0,'2023-09-11',NULL,NULL),('WWLGR-2944cef5:18a8251926c:-7fb6','WACCT54907434:18a0149c0b7:-7fa8',2023,8,'WATER_FEE','WBILL-2944cef5:18a8251926c:-7fb9',NULL,138.00,0.00,0.00,0,NULL,0,'2023-09-11',NULL,NULL),('WWLGR-2944cef5:18a8251926c:-7fba','WACCT54907434:18a0149c0b7:-7fa9',2023,8,'WATER_FEE','WBILL-2944cef5:18a8251926c:-7fbd',NULL,30.00,0.00,0.00,0,NULL,0,'2023-09-11',NULL,NULL),('WWLGR-2944cef5:18a8251926c:-7fbe','WACCT54907434:18a0149c0b7:-7faa',2023,8,'WATER_FEE','WBILL-2944cef5:18a8251926c:-7fc1',NULL,156.00,0.00,0.00,0,NULL,0,'2023-09-11',NULL,NULL),('WWLGR-2944cef5:18a8251926c:-7fc2','WACCT54907434:18a0149c0b7:-7fab',2023,8,'WATER_FEE','WBILL-2944cef5:18a8251926c:-7fc5',NULL,186.00,0.00,0.00,0,NULL,0,'2023-09-11',NULL,NULL),('WWLGR-2944cef5:18a8251926c:-7fc6','WACCT54907434:18a0149c0b7:-7fae',2023,8,'WATER_FEE','WBILL-2944cef5:18a8251926c:-7fc8',NULL,30.00,0.00,0.00,0,NULL,0,'2023-09-11',NULL,NULL),('WWLGR-2944cef5:18a8251926c:-7fc9','WACCT54907434:18a0149c0b7:-7fae',2023,7,'WATER_FEE_SURCHARGE','WBILL-2944cef5:18a8251926c:-7fcd',NULL,3.00,0.00,0.00,0,NULL,0,'2023-09-11',NULL,NULL),('WWLGR-2944cef5:18a8251926c:-7fca','WACCT54907434:18a0149c0b7:-7fae',2023,7,'WATER_FEE','WBILL-2944cef5:18a8251926c:-7fcd',NULL,30.00,0.00,0.00,0,NULL,0,'2023-09-11',NULL,NULL),('WWLGR-2944cef5:18a8251926c:-7fce','WACCT54907434:18a0149c0b7:-7fac',2023,8,'WATER_FEE','WBILL-2944cef5:18a8251926c:-7fd1',NULL,36.00,0.00,0.00,0,NULL,0,'2023-09-11',NULL,NULL),('WWLGR-2944cef5:18a8251926c:-7fd2','WACCT54907434:18a0149c0b7:-7fb0',2023,8,'WATER_FEE','WBILL-2944cef5:18a8251926c:-7fd5',NULL,180.00,0.00,0.00,0,NULL,0,'2023-09-11',NULL,NULL),('WWLGR-2944cef5:18a8251926c:-7fd6','WACCT54907434:18a0149c0b7:-7fc5',2023,8,'WATER_FEE','WBILL-2944cef5:18a8251926c:-7fd8',NULL,90.00,0.00,0.00,0,NULL,0,'2023-09-11',NULL,NULL),('WWLGR-2944cef5:18a8251926c:-7fd9','WACCT54907434:18a0149c0b7:-7fc5',2023,7,'WATER_FEE_SURCHARGE','WBILL-2944cef5:18a8251926c:-7fdd',NULL,8.40,0.00,0.00,0,NULL,0,'2023-09-11',NULL,NULL),('WWLGR-2944cef5:18a8251926c:-7fda','WACCT54907434:18a0149c0b7:-7fc5',2023,7,'WATER_FEE','WBILL-2944cef5:18a8251926c:-7fdd',NULL,84.00,0.00,0.00,0,NULL,0,'2023-09-11',NULL,NULL),('WWLGR-2944cef5:18a8251926c:-7fde','WACCT54907434:18a0149c0b7:-7f9f',2023,8,'WATER_FEE','WBILL-2944cef5:18a8251926c:-7fe1',NULL,30.00,0.00,0.00,0,NULL,0,'2023-09-11',NULL,NULL),('WWLGR-2944cef5:18a8251926c:-7fe2','WACCT54907434:18a0149c0b7:-7f9d',2023,8,'WATER_FEE','WBILL-2944cef5:18a8251926c:-7fe5',NULL,30.00,0.00,0.00,0,NULL,0,'2023-09-11',NULL,NULL),('WWLGR-2944cef5:18a8251926c:-7fe6','WACCT54907434:18a0149c0b7:-7f98',2023,8,'WATER_FEE','WBILL-2944cef5:18a8251926c:-7fe9',NULL,30.00,0.00,0.00,0,NULL,0,'2023-09-11',NULL,NULL),('WWLGR-2944cef5:18a8251926c:-7fea','WACCT54907434:18a0149c0b7:-7f97',2023,8,'WATER_FEE','WBILL-2944cef5:18a8251926c:-7fec',NULL,72.00,0.00,0.00,0,NULL,0,'2023-09-11',NULL,NULL),('WWLGR-2944cef5:18a8251926c:-7fed','WACCT54907434:18a0149c0b7:-7f97',2023,7,'WATER_FEE_SURCHARGE','WBILL-2944cef5:18a8251926c:-7ff1',NULL,42.60,0.00,0.00,0,NULL,0,'2023-09-11',NULL,NULL),('WWLGR-2944cef5:18a8251926c:-7fee','WACCT54907434:18a0149c0b7:-7f97',2023,7,'WATER_FEE','WBILL-2944cef5:18a8251926c:-7ff1',NULL,426.00,0.00,0.00,0,NULL,0,'2023-09-11',NULL,NULL),('WWLGR-46eef0e9:18a86fcf72d:-7f6a','WACCT54907434:18a0149c0b7:-7f8c',2023,8,'WATER_FEE','WBILL-46eef0e9:18a86fcf72d:-7f6d',NULL,384.00,384.00,0.00,0,NULL,0,'2023-09-12',NULL,NULL),('WWLGR-46eef0e9:18a86fcf72d:-7f71','WACCT54907434:18a0149c0b7:-7f8f',2023,8,'WATER_FEE','WBILL-46eef0e9:18a86fcf72d:-7f74',NULL,84.00,84.00,0.00,0,NULL,0,'2023-09-12',NULL,NULL),('WWLGR-46eef0e9:18a86fcf72d:-7f78','WACCT54907434:18a0149c0b7:-7f92',2023,8,'WATER_FEE','WBILL-46eef0e9:18a86fcf72d:-7f7b',NULL,156.00,156.00,0.00,0,NULL,0,'2023-09-12',NULL,NULL),('WWLGR-46eef0e9:18a86fcf72d:-7f7f','WACCT54907434:18a0149c0b7:-7f93',2023,8,'WATER_FEE','WBILL-46eef0e9:18a86fcf72d:-7f82',NULL,132.00,132.00,0.00,0,NULL,0,'2023-09-12',NULL,NULL),('WWLGR-46eef0e9:18a86fcf72d:-7f86','WACCT54907434:18a0149c0b7:-7f94',2023,8,'WATER_FEE','WBILL-46eef0e9:18a86fcf72d:-7f89',NULL,48.00,48.00,0.00,0,NULL,0,'2023-09-12',NULL,NULL),('WWLGR-46eef0e9:18a86fcf72d:-7f8d','WACCT54907434:18a0149c0b7:-7f95',2023,8,'WATER_FEE','WBILL-46eef0e9:18a86fcf72d:-7f90',NULL,390.00,390.00,0.00,0,NULL,0,'2023-09-12',NULL,NULL),('WWLGR-46eef0e9:18a86fcf72d:-7f94','WACCT54907434:18a0149c0b7:-7f99',2023,8,'WATER_FEE','WBILL-46eef0e9:18a86fcf72d:-7f97',NULL,36.00,36.00,0.00,0,NULL,0,'2023-09-12',NULL,NULL),('WWLGR-46eef0e9:18a86fcf72d:-7f9b','WACCT54907434:18a0149c0b7:-7f9a',2023,8,'WATER_FEE','WBILL-46eef0e9:18a86fcf72d:-7f9e',NULL,150.00,150.00,0.00,0,NULL,0,'2023-09-12',NULL,NULL),('WWLGR-46eef0e9:18a86fcf72d:-7fa2','WACCT54907434:18a0149c0b7:-7f9c',2023,8,'WATER_FEE','WBILL-46eef0e9:18a86fcf72d:-7fa5',NULL,132.00,132.00,0.00,0,NULL,0,'2023-09-12',NULL,NULL),('WWLGR-46eef0e9:18a86fcf72d:-7fa9','WACCT54907434:18a0149c0b7:-7fa0',2023,8,'WATER_FEE','WBILL-46eef0e9:18a86fcf72d:-7fac',NULL,30.00,30.00,0.00,0,NULL,0,'2023-09-12',NULL,NULL),('WWLGR-46eef0e9:18a86fcf72d:-7fb0','WACCT54907434:18a0149c0b7:-7fa6',2023,8,'WATER_FEE','WBILL-46eef0e9:18a86fcf72d:-7fb3',NULL,234.00,234.00,0.00,0,NULL,0,'2023-09-12',NULL,NULL),('WWLGR-46eef0e9:18a86fcf72d:-7fb7','WACCT54907434:18a0149c0b7:-7fad',2023,8,'WATER_FEE','WBILL-46eef0e9:18a86fcf72d:-7fba',NULL,258.00,258.00,0.00,0,NULL,0,'2023-09-12',NULL,NULL),('WWLGR-46eef0e9:18a86fcf72d:-7fbe','WACCT54907434:18a0149c0b7:-7faf',2023,8,'WATER_FEE','WBILL-46eef0e9:18a86fcf72d:-7fc1',NULL,250.00,250.00,0.00,0,NULL,0,'2023-09-12',NULL,NULL),('WWLGR-46eef0e9:18a86fcf72d:-7fc5','WACCT54907434:18a0149c0b7:-7fb2',2023,8,'WATER_FEE','WBILL-46eef0e9:18a86fcf72d:-7fc8',NULL,84.00,84.00,0.00,0,NULL,0,'2023-09-12',NULL,NULL),('WWLGR-46eef0e9:18a86fcf72d:-7fcc','WACCT54907434:18a0149c0b7:-7fb3',2023,8,'WATER_FEE','WBILL-46eef0e9:18a86fcf72d:-7fcf',NULL,264.00,264.00,0.00,0,NULL,0,'2023-09-12',NULL,NULL),('WWLGR-46eef0e9:18a86fcf72d:-7fd3','WACCT54907434:18a0149c0b7:-7fb6',2023,8,'WATER_FEE','WBILL-46eef0e9:18a86fcf72d:-7fd6',NULL,186.00,186.00,0.00,0,NULL,0,'2023-09-12',NULL,NULL),('WWLGR-46eef0e9:18a86fcf72d:-7fda','WACCT54907434:18a0149c0b7:-7fbc',2023,8,'WATER_FEE','WBILL-46eef0e9:18a86fcf72d:-7fdd',NULL,144.00,144.00,0.00,0,NULL,0,'2023-09-12',NULL,NULL),('WWLGR-46eef0e9:18a86fcf72d:-7fe1','WACCT54907434:18a0149c0b7:-7fbd',2023,8,'WATER_FEE','WBILL-46eef0e9:18a86fcf72d:-7fe4',NULL,30.00,30.00,0.00,0,NULL,0,'2023-09-12',NULL,NULL),('WWLGR-46eef0e9:18a86fcf72d:-7fe8','WACCT54907434:18a0149c0b7:-7fbe',2023,8,'WATER_FEE','WBILL-46eef0e9:18a86fcf72d:-7feb',NULL,30.00,30.00,0.00,0,NULL,0,'2023-09-12',NULL,NULL),('WWLGR-46eef0e9:18a86fcf72d:-7fef','WACCT54907434:18a0149c0b7:-7fc1',2023,8,'WATER_FEE','WBILL-46eef0e9:18a86fcf72d:-7ff2',NULL,618.00,618.00,0.00,0,NULL,0,'2023-09-12',NULL,NULL),('WWLGR-46eef0e9:18a86fcf72d:-7ff6','WACCT54907434:18a0149c0b7:-7fc6',2023,8,'WATER_FEE','WBILL-46eef0e9:18a86fcf72d:-7ff9',NULL,30.00,30.00,0.00,0,NULL,0,'2023-09-12',NULL,NULL),('WWLGR-46eef0e9:18a86fcf72d:-7ffd','WACCT54907434:18a0149c0b7:-7fc9',2023,8,'WATER_FEE','WBILL-46eef0e9:18a86fcf72d:-8000',NULL,222.00,222.00,0.00,0,NULL,0,'2023-09-12',NULL,NULL),('WWLGR450bc698:18ab6e30866:-8000','WACCT54907434:18a0149c0b7:-7f97',2023,8,'WATER_FEE_SURCHARGE','WBILL-2944cef5:18a8251926c:-7fec',NULL,7.20,0.00,0.00,0,NULL,0,'2023-09-21',NULL,NULL);
/*!40000 ALTER TABLE `waterworks_billitem` ENABLE KEYS */;
UNLOCK TABLES;

--
-- Table structure for table `waterworks_change_request`
--

DROP TABLE IF EXISTS `waterworks_change_request`;
/*!40101 SET @saved_cs_client     = @@character_set_client */;
/*!40101 SET character_set_client = utf8 */;
CREATE TABLE `waterworks_change_request` (
  `objid` varchar(50) NOT NULL,
  `controlno` varchar(50) DEFAULT NULL,
  `apptype` varchar(50) DEFAULT NULL,
  `dtcreated` date DEFAULT NULL,
  `acctid` varchar(50) DEFAULT NULL,
  `acctinfoid` varchar(50) DEFAULT NULL,
  `newacctinfoid` varchar(50) DEFAULT NULL,
  `reason` varchar(50) DEFAULT NULL,
  `taskid` varchar(50) DEFAULT NULL,
  UNIQUE KEY `uix_waterworks_change_request_controlno` (`controlno`),
  KEY `objid` (`objid`),
  KEY `fk_waterworks_change_request_newacctinfoid` (`newacctinfoid`),
  KEY `fk_waterworks_change_request_acctid` (`acctid`),
  KEY `fk_waterworks_change_request_taskid` (`taskid`),
  KEY `fk_waterworks_change_request_oldacctinfoid` (`acctinfoid`),
  CONSTRAINT `fk_waterworks_change_request_acctid` FOREIGN KEY (`acctid`) REFERENCES `waterworks_account` (`objid`),
  CONSTRAINT `fk_waterworks_change_request_newacctinfoid` FOREIGN KEY (`newacctinfoid`) REFERENCES `waterworks_account_info` (`objid`),
  CONSTRAINT `fk_waterworks_change_request_oldacctinfoid` FOREIGN KEY (`acctinfoid`) REFERENCES `waterworks_account_info` (`objid`),
  CONSTRAINT `fk_waterworks_change_request_taskid` FOREIGN KEY (`taskid`) REFERENCES `waterworks_change_request_task` (`taskid`)
) ENGINE=InnoDB DEFAULT CHARSET=utf8 ROW_FORMAT=COMPACT;
/*!40101 SET character_set_client = @saved_cs_client */;

--
-- Dumping data for table `waterworks_change_request`
--

LOCK TABLES `waterworks_change_request` WRITE;
/*!40000 ALTER TABLE `waterworks_change_request` DISABLE KEYS */;
/*!40000 ALTER TABLE `waterworks_change_request` ENABLE KEYS */;
UNLOCK TABLES;

--
-- Table structure for table `waterworks_change_request_task`
--

DROP TABLE IF EXISTS `waterworks_change_request_task`;
/*!40101 SET @saved_cs_client     = @@character_set_client */;
/*!40101 SET character_set_client = utf8 */;
CREATE TABLE `waterworks_change_request_task` (
  `taskid` varchar(50) NOT NULL,
  `refid` varchar(50) DEFAULT NULL,
  `parentprocessid` varchar(50) DEFAULT NULL,
  `state` varchar(50) DEFAULT NULL,
  `startdate` datetime DEFAULT NULL,
  `enddate` datetime DEFAULT NULL,
  `assignee_objid` varchar(50) DEFAULT NULL,
  `assignee_name` varchar(100) DEFAULT NULL,
  `actor_objid` varchar(50) DEFAULT NULL,
  `actor_name` varchar(100) DEFAULT NULL,
  `message` varchar(255) DEFAULT NULL,
  `dtcreated` datetime DEFAULT NULL,
  `prevtaskid` varchar(50) DEFAULT NULL,
  PRIMARY KEY (`taskid`),
  KEY `ix_refid` (`refid`)
) ENGINE=InnoDB DEFAULT CHARSET=utf8 ROW_FORMAT=COMPACT;
/*!40101 SET character_set_client = @saved_cs_client */;

--
-- Dumping data for table `waterworks_change_request_task`
--

LOCK TABLES `waterworks_change_request_task` WRITE;
/*!40000 ALTER TABLE `waterworks_change_request_task` DISABLE KEYS */;
/*!40000 ALTER TABLE `waterworks_change_request_task` ENABLE KEYS */;
UNLOCK TABLES;

--
-- Table structure for table `waterworks_classification`
--

DROP TABLE IF EXISTS `waterworks_classification`;
/*!40101 SET @saved_cs_client     = @@character_set_client */;
/*!40101 SET character_set_client = utf8 */;
CREATE TABLE `waterworks_classification` (
  `objid` varchar(50) NOT NULL,
  `description` varchar(255) DEFAULT NULL,
  PRIMARY KEY (`objid`)
) ENGINE=InnoDB DEFAULT CHARSET=utf8;
/*!40101 SET character_set_client = @saved_cs_client */;

--
-- Dumping data for table `waterworks_classification`
--

LOCK TABLES `waterworks_classification` WRITE;
/*!40000 ALTER TABLE `waterworks_classification` DISABLE KEYS */;
INSERT INTO `waterworks_classification` VALUES ('BULK','BULK'),('COMMERCIAL','COMMERCIAL'),('GOVERNMENT','GOVERNMENT'),('INDUSTRIAL','INDUSTRIAL'),('INSTITUTIONAL','INSTITUTIONAL'),('RESIDENTIAL','RESIDENTIAL');
/*!40000 ALTER TABLE `waterworks_classification` ENABLE KEYS */;
UNLOCK TABLES;

--
-- Table structure for table `waterworks_compromise`
--

DROP TABLE IF EXISTS `waterworks_compromise`;
/*!40101 SET @saved_cs_client     = @@character_set_client */;
/*!40101 SET character_set_client = utf8 */;
CREATE TABLE `waterworks_compromise` (
  `objid` varchar(50) NOT NULL,
  `controlno` varchar(50) DEFAULT NULL,
  `state` varchar(50) DEFAULT NULL,
  `dtcreated` date DEFAULT NULL,
  `acctid` varchar(50) DEFAULT NULL,
  `acctinfoid` varchar(50) DEFAULT NULL,
  `particulars` varchar(255) DEFAULT NULL,
  `taskid` varchar(50) DEFAULT NULL,
  `amount` decimal(16,2) DEFAULT NULL,
  `downpaymentrate` decimal(16,2) DEFAULT NULL,
  `downpayment` decimal(16,2) DEFAULT NULL,
  `term` int(255) DEFAULT NULL,
  `startduedate` date DEFAULT NULL,
  PRIMARY KEY (`objid`),
  UNIQUE KEY `uix_waterworks_change_request_controlno` (`controlno`),
  KEY `objid` (`objid`),
  KEY `fk_waterworks_change_request_acctid` (`acctid`),
  KEY `fk_waterworks_change_request_taskid` (`taskid`),
  KEY `fk_waterworks_change_request_oldacctinfoid` (`acctinfoid`),
  CONSTRAINT `waterworks_compromise_acctid` FOREIGN KEY (`acctid`) REFERENCES `waterworks_account` (`objid`),
  CONSTRAINT `waterworks_compromise_acctinfoid` FOREIGN KEY (`acctinfoid`) REFERENCES `waterworks_account_info` (`objid`),
  CONSTRAINT `waterworks_compromise_taskid` FOREIGN KEY (`taskid`) REFERENCES `waterworks_compromise_task` (`taskid`)
) ENGINE=InnoDB DEFAULT CHARSET=utf8;
/*!40101 SET character_set_client = @saved_cs_client */;

--
-- Dumping data for table `waterworks_compromise`
--

LOCK TABLES `waterworks_compromise` WRITE;
/*!40000 ALTER TABLE `waterworks_compromise` DISABLE KEYS */;
/*!40000 ALTER TABLE `waterworks_compromise` ENABLE KEYS */;
UNLOCK TABLES;

--
-- Table structure for table `waterworks_compromise_billitem`
--

DROP TABLE IF EXISTS `waterworks_compromise_billitem`;
/*!40101 SET @saved_cs_client     = @@character_set_client */;
/*!40101 SET character_set_client = utf8 */;
CREATE TABLE `waterworks_compromise_billitem` (
  `objid` varchar(50) NOT NULL,
  `parentid` varchar(50) DEFAULT NULL,
  `billitemid` varchar(50) DEFAULT NULL,
  `amount` decimal(16,2) DEFAULT NULL,
  `amtpaid` decimal(16,2) DEFAULT NULL,
  PRIMARY KEY (`objid`),
  KEY `fk_waterworks_compromise_billitem_billitemid` (`billitemid`),
  KEY `fk_waterworks_compromise_billitem_parentid` (`parentid`),
  CONSTRAINT `fk_waterworks_compromise_billitem_billitemid` FOREIGN KEY (`billitemid`) REFERENCES `waterworks_billitem` (`objid`)
) ENGINE=InnoDB DEFAULT CHARSET=utf8;
/*!40101 SET character_set_client = @saved_cs_client */;

--
-- Dumping data for table `waterworks_compromise_billitem`
--

LOCK TABLES `waterworks_compromise_billitem` WRITE;
/*!40000 ALTER TABLE `waterworks_compromise_billitem` DISABLE KEYS */;
INSERT INTO `waterworks_compromise_billitem` VALUES ('WCOMPBITM-46eef0e9:18a86fcf72d:-7f66','WCOMP46fba85a:18a8700eda3:-7268','WWLGR-2944cef5:18a8251926c:-7f96',318.00,0.00);
/*!40000 ALTER TABLE `waterworks_compromise_billitem` ENABLE KEYS */;
UNLOCK TABLES;

--
-- Table structure for table `waterworks_compromise_fee`
--

DROP TABLE IF EXISTS `waterworks_compromise_fee`;
/*!40101 SET @saved_cs_client     = @@character_set_client */;
/*!40101 SET character_set_client = utf8 */;
CREATE TABLE `waterworks_compromise_fee` (
  `objid` varchar(50) NOT NULL,
  `parentid` varchar(50) DEFAULT NULL,
  `itemid` varchar(50) DEFAULT NULL,
  `particulars` varchar(255) DEFAULT NULL,
  `amount` decimal(16,2) DEFAULT NULL,
  `amtpaid` decimal(16,2) DEFAULT NULL,
  `duedate` date DEFAULT NULL,
  `itemtype` varchar(50) DEFAULT NULL,
  PRIMARY KEY (`objid`),
  KEY `fk_application_fee_application` (`parentid`),
  KEY `waterworks_compromise_fee_itemid` (`itemid`)
) ENGINE=InnoDB DEFAULT CHARSET=utf8;
/*!40101 SET character_set_client = @saved_cs_client */;

--
-- Dumping data for table `waterworks_compromise_fee`
--

LOCK TABLES `waterworks_compromise_fee` WRITE;
/*!40000 ALTER TABLE `waterworks_compromise_fee` DISABLE KEYS */;
INSERT INTO `waterworks_compromise_fee` VALUES ('WAF-46eef0e9:18a86fcf72d:-7f62','WCOMP46fba85a:18a8700eda3:-7268','WATER_COMPROMISE_DOWNPAYMENT',NULL,0.00,0.00,NULL,'downpayment'),('WAF9853898:189cf13da56:-7ff2','WCOMP-6bfa125c:189cf1d970c:-7ef4','WATER_COMPROMISE_DOWNPAYMENT',NULL,8250.00,0.00,NULL,'downpayment'),('WAF9853898:189cf13da56:-7ff7','WCOMP575adf59:189cf12264e:-7b4f','WATER_COMPROMISE_DOWNPAYMENT',NULL,3300.00,0.00,NULL,'downpayment');
/*!40000 ALTER TABLE `waterworks_compromise_fee` ENABLE KEYS */;
UNLOCK TABLES;

--
-- Table structure for table `waterworks_compromise_task`
--

DROP TABLE IF EXISTS `waterworks_compromise_task`;
/*!40101 SET @saved_cs_client     = @@character_set_client */;
/*!40101 SET character_set_client = utf8 */;
CREATE TABLE `waterworks_compromise_task` (
  `taskid` varchar(50) NOT NULL,
  `refid` varchar(50) DEFAULT NULL,
  `parentprocessid` varchar(50) DEFAULT NULL,
  `state` varchar(50) DEFAULT NULL,
  `startdate` datetime DEFAULT NULL,
  `enddate` datetime DEFAULT NULL,
  `assignee_objid` varchar(50) DEFAULT NULL,
  `assignee_name` varchar(100) DEFAULT NULL,
  `actor_objid` varchar(50) DEFAULT NULL,
  `actor_name` varchar(100) DEFAULT NULL,
  `message` varchar(255) DEFAULT NULL,
  `dtcreated` datetime DEFAULT NULL,
  `prevtaskid` varchar(50) DEFAULT NULL,
  PRIMARY KEY (`taskid`),
  KEY `ix_refid` (`refid`)
) ENGINE=InnoDB DEFAULT CHARSET=utf8;
/*!40101 SET character_set_client = @saved_cs_client */;

--
-- Dumping data for table `waterworks_compromise_task`
--

LOCK TABLES `waterworks_compromise_task` WRITE;
/*!40000 ALTER TABLE `waterworks_compromise_task` DISABLE KEYS */;
INSERT INTO `waterworks_compromise_task` VALUES ('WCOMPTASK-46eef0e9:18a86fcf72d:-7f61','WCOMP46fba85a:18a8700eda3:-7268',NULL,'initial-payment',NULL,NULL,NULL,NULL,NULL,NULL,NULL,'2023-09-12 03:15:59','WCOMPTASK-46eef0e9:18a86fcf72d:-7f63'),('WCOMPTASK-46eef0e9:18a86fcf72d:-7f63','WCOMP46fba85a:18a8700eda3:-7268',NULL,'for-review',NULL,'2023-09-12 03:15:59',NULL,NULL,'USR7e15465b:14a51353b1a:-7fb7','ADMIN . ADMIN',NULL,'2023-09-12 03:15:56','WCOMPTASK-46eef0e9:18a86fcf72d:-7f64'),('WCOMPTASK-46eef0e9:18a86fcf72d:-7f64','WCOMP46fba85a:18a8700eda3:-7268',NULL,'draft','2023-09-12 03:15:52','2023-09-12 03:15:56',NULL,NULL,'USR7e15465b:14a51353b1a:-7fb7','ADMIN . ADMIN',NULL,'2023-09-12 03:15:52','WCOMPTASK-46eef0e9:18a86fcf72d:-7f65'),('WCOMPTASK-46eef0e9:18a86fcf72d:-7f65','WCOMP46fba85a:18a8700eda3:-7268',NULL,'start','2023-09-12 03:15:52','2023-09-12 03:15:52',NULL,NULL,'USR7e15465b:14a51353b1a:-7fb7','ADMIN . ADMIN',NULL,'2023-09-12 03:15:52',NULL);
/*!40000 ALTER TABLE `waterworks_compromise_task` ENABLE KEYS */;
UNLOCK TABLES;

--
-- Table structure for table `waterworks_consumption`
--

DROP TABLE IF EXISTS `waterworks_consumption`;
/*!40101 SET @saved_cs_client     = @@character_set_client */;
/*!40101 SET character_set_client = utf8 */;
CREATE TABLE `waterworks_consumption` (
  `objid` varchar(50) NOT NULL,
  `acctid` varchar(50) NOT NULL,
  `meterid` varchar(50) DEFAULT NULL,
  `year` int(255) NOT NULL,
  `month` int(255) NOT NULL,
  `billid` varchar(50) DEFAULT NULL,
  `txnmode` varchar(50) DEFAULT NULL,
  `reading` int(11) DEFAULT NULL,
  `volume` int(11) DEFAULT NULL,
  `amount` decimal(16,2) DEFAULT NULL,
  `state` varchar(32) DEFAULT NULL,
  `hold` int(11) NOT NULL DEFAULT '0',
  `reason` varchar(255) DEFAULT NULL,
  `reader_objid` varchar(50) DEFAULT NULL,
  `reader_name` varchar(255) DEFAULT NULL,
  `readingdate` date DEFAULT NULL,
  PRIMARY KEY (`objid`),
  UNIQUE KEY `uix_acctid_year_month` (`acctid`,`year`,`month`,`meterid`),
  KEY `fk_waterworks_consumption_meterid` (`meterid`),
  KEY `fk_waterworks_consumption_billid` (`billid`)
) ENGINE=InnoDB DEFAULT CHARSET=utf8;
/*!40101 SET character_set_client = @saved_cs_client */;

--
-- Dumping data for table `waterworks_consumption`
--

LOCK TABLES `waterworks_consumption` WRITE;
/*!40000 ALTER TABLE `waterworks_consumption` DISABLE KEYS */;
INSERT INTO `waterworks_consumption` VALUES ('WAC-2944cef5:18a8251926c:-7f14','WACCT54907434:18a0149c0b7:-7fcb','WM6e761b08:18a490769bb:-5902',2023,7,NULL,'CAPTURE',10153,0,0.00,NULL,0,NULL,NULL,NULL,NULL),('WAC-2944cef5:18a8251926c:-7f15','WACCT54907434:18a0149c0b7:-7fcb','WM6e761b08:18a490769bb:-5902',2023,8,'WBILL-2944cef5:18a8251926c:-7f16','ONLINE',10164,11,36.00,NULL,0,NULL,'USR-6b8fdb27:18a2b0f8b41:-7d9d','ELMER VICENTE',NULL),('WAC-2944cef5:18a8251926c:-7f1b','WACCT54907434:18a0149c0b7:-7fcc','WM6e761b08:18a490769bb:-5745',2023,7,NULL,'CAPTURE',4755,0,0.00,NULL,0,NULL,NULL,NULL,NULL),('WAC-2944cef5:18a8251926c:-7f1c','WACCT54907434:18a0149c0b7:-7fcc','WM6e761b08:18a490769bb:-5745',2023,8,'WBILL-2944cef5:18a8251926c:-7f1d','ONLINE',4755,0,30.00,NULL,0,NULL,'USR-6b8fdb27:18a2b0f8b41:-7d9d','ELMER VICENTE',NULL),('WAC-2944cef5:18a8251926c:-7f1f','WACCT54907434:18a0149c0b7:-7fb9','WMbe12291:18a3fa9b053:30a6',2023,7,NULL,'CAPTURE',9906,0,0.00,NULL,0,NULL,NULL,NULL,NULL),('WAC-2944cef5:18a8251926c:-7f20','WACCT54907434:18a0149c0b7:-7fb9','WMbe12291:18a3fa9b053:30a6',2023,8,'WBILL-2944cef5:18a8251926c:-7f21','ONLINE',9942,36,186.00,NULL,0,NULL,'USR-6b8fdb27:18a2b0f8b41:-7d9d','ELMER VICENTE',NULL),('WAC-2944cef5:18a8251926c:-7f23','WACCT54907434:18a0149c0b7:-7fb8','WMbe12291:18a3fa9b053:2280',2023,8,'WBILL-2944cef5:18a8251926c:-7f24','ONLINE',2194,62,342.00,NULL,0,NULL,'USR-6b8fdb27:18a2b0f8b41:-7d9d','ELMER VICENTE',NULL),('WAC-2944cef5:18a8251926c:-7f27','WACCT54907434:18a0149c0b7:-7fb8','WMbe12291:18a3fa9b053:2280',2023,6,NULL,'CAPTURE',2043,0,0.00,NULL,0,NULL,NULL,NULL,NULL),('WAC-2944cef5:18a8251926c:-7f28','WACCT54907434:18a0149c0b7:-7fb8','WMbe12291:18a3fa9b053:2280',2023,7,'WBILL-2944cef5:18a8251926c:-7f29','ONLINE',2132,89,504.00,NULL,0,NULL,'USR-6b8fdb27:18a2b0f8b41:-7d9d','ELMER VICENTE',NULL),('WAC-2944cef5:18a8251926c:-7f2b','WACCT54907434:18a0149c0b7:-7fc2','WMbe12291:18a3fa9b053:-1149',2023,7,NULL,'CAPTURE',1691,0,0.00,NULL,0,NULL,NULL,NULL,NULL),('WAC-2944cef5:18a8251926c:-7f2c','WACCT54907434:18a0149c0b7:-7fc2','WMbe12291:18a3fa9b053:-1149',2023,8,'WBILL-2944cef5:18a8251926c:-7f2d','ONLINE',1771,80,450.00,NULL,0,NULL,'USR-6b8fdb27:18a2b0f8b41:-7d9d','ELMER VICENTE',NULL),('WAC-2944cef5:18a8251926c:-7f2f','WACCT54907434:18a0149c0b7:-7fc3','WMbe12291:18a3fa9b053:-12ad',2023,7,NULL,'CAPTURE',1242,0,0.00,NULL,0,NULL,NULL,NULL,NULL),('WAC-2944cef5:18a8251926c:-7f30','WACCT54907434:18a0149c0b7:-7fc3','WMbe12291:18a3fa9b053:-12ad',2023,8,'WBILL-2944cef5:18a8251926c:-7f31','ONLINE',1317,75,420.00,NULL,0,NULL,'USR-6b8fdb27:18a2b0f8b41:-7d9d','ELMER VICENTE',NULL),('WAC-2944cef5:18a8251926c:-7f33','WACCT54907434:18a0149c0b7:-7fc8','WMbe12291:18a3fa9b053:-3915',2023,7,NULL,'CAPTURE',6748,0,0.00,NULL,0,NULL,NULL,NULL,NULL),('WAC-2944cef5:18a8251926c:-7f34','WACCT54907434:18a0149c0b7:-7fc8','WMbe12291:18a3fa9b053:-3915',2023,8,'WBILL-2944cef5:18a8251926c:-7f35','ONLINE',6967,219,1284.00,NULL,0,NULL,'USR-6b8fdb27:18a2b0f8b41:-7d9d','ELMER VICENTE',NULL),('WAC-2944cef5:18a8251926c:-7f37','WACCT54907434:18a0149c0b7:-7fca','WMbe12291:18a3fa9b053:-3c5c',2023,7,NULL,'CAPTURE',9950,0,0.00,NULL,0,NULL,NULL,NULL,NULL),('WAC-2944cef5:18a8251926c:-7f38','WACCT54907434:18a0149c0b7:-7fca','WMbe12291:18a3fa9b053:-3c5c',2023,8,'WBILL-2944cef5:18a8251926c:-7f39','ONLINE',10395,445,2640.00,NULL,0,NULL,'USR-6b8fdb27:18a2b0f8b41:-7d9d','ELMER VICENTE',NULL),('WAC-2944cef5:18a8251926c:-7f3b','WACCT54907434:18a0149c0b7:-7fc7','WMbe12291:18a3fa9b053:-3e9d',2023,7,NULL,'CAPTURE',2858,0,0.00,NULL,0,NULL,NULL,NULL,NULL),('WAC-2944cef5:18a8251926c:-7f3c','WACCT54907434:18a0149c0b7:-7fc7','WMbe12291:18a3fa9b053:-3e9d',2023,8,'WBILL-2944cef5:18a8251926c:-7f3d','ONLINE',2859,1,30.00,NULL,0,NULL,'USR-6b8fdb27:18a2b0f8b41:-7d9d','ELMER VICENTE',NULL),('WAC-2944cef5:18a8251926c:-7f3f','WACCT54907434:18a0149c0b7:-7f8a','WMbe12291:18a3fa9b053:-7cb2',2023,8,'WBILL-2944cef5:18a8251926c:-7f40','ONLINE',4109,25,120.00,NULL,0,NULL,'USR-6b8fdb27:18a2b0f8b41:-7d9d','ELMER VICENTE',NULL),('WAC-2944cef5:18a8251926c:-7f43','WACCT54907434:18a0149c0b7:-7f8a','WMbe12291:18a3fa9b053:-7cb2',2023,7,'WBILL-2944cef5:18a8251926c:-7f44','ONLINE',4084,28,138.00,NULL,0,NULL,'USR-6b8fdb27:18a2b0f8b41:-7d9d','ELMER VICENTE',NULL),('WAC-2944cef5:18a8251926c:-7f47','WACCT54907434:18a0149c0b7:-7f8a','WMbe12291:18a3fa9b053:-7cb2',2023,5,NULL,'CAPTURE',4033,0,0.00,NULL,0,NULL,NULL,NULL,NULL),('WAC-2944cef5:18a8251926c:-7f48','WACCT54907434:18a0149c0b7:-7f8a','WMbe12291:18a3fa9b053:-7cb2',2023,6,'WBILL-2944cef5:18a8251926c:-7f49','ONLINE',4056,23,108.00,NULL,0,NULL,'USR-6b8fdb27:18a2b0f8b41:-7d9d','ELMER VICENTE',NULL),('WAC-2944cef5:18a8251926c:-7f4b','WACCT54907434:18a0149c0b7:-7fa3','WMfe87b2e:18a2b3ea51e:75ac',2023,7,NULL,'CAPTURE',3304,0,0.00,NULL,0,NULL,NULL,NULL,NULL),('WAC-2944cef5:18a8251926c:-7f4c','WACCT54907434:18a0149c0b7:-7fa3','WMfe87b2e:18a2b3ea51e:75ac',2023,8,'WBILL-2944cef5:18a8251926c:-7f4d','ONLINE',3324,20,90.00,NULL,0,NULL,'USR-6b8fdb27:18a2b0f8b41:-7d9d','ELMER VICENTE',NULL),('WAC-2944cef5:18a8251926c:-7f4f','WACCT54907434:18a0149c0b7:-7f8d','WMfe87b2e:18a2b3ea51e:5c01',2023,7,NULL,'CAPTURE',3728,0,0.00,NULL,0,NULL,NULL,NULL,NULL),('WAC-2944cef5:18a8251926c:-7f50','WACCT54907434:18a0149c0b7:-7f8d','WMfe87b2e:18a2b3ea51e:5c01',2023,8,'WBILL-2944cef5:18a8251926c:-7f51','ONLINE',3756,28,138.00,NULL,0,NULL,'USR-6b8fdb27:18a2b0f8b41:-7d9d','ELMER VICENTE',NULL),('WAC-2944cef5:18a8251926c:-7f53','WACCT54907434:18a0149c0b7:-7f8e','WMfe87b2e:18a2b3ea51e:5892',2023,7,NULL,'CAPTURE',1344,0,0.00,NULL,0,NULL,NULL,NULL,NULL),('WAC-2944cef5:18a8251926c:-7f54','WACCT54907434:18a0149c0b7:-7f8e','WMfe87b2e:18a2b3ea51e:5892',2023,8,'WBILL-2944cef5:18a8251926c:-7f55','ONLINE',1355,11,36.00,NULL,0,NULL,'USR-6b8fdb27:18a2b0f8b41:-7d9d','ELMER VICENTE',NULL),('WAC-2944cef5:18a8251926c:-7f57','WACCT54907434:18a0149c0b7:-7f9b','WMfe87b2e:18a2b3ea51e:46fb',2023,7,NULL,'CAPTURE',2498,0,0.00,NULL,0,NULL,NULL,NULL,NULL),('WAC-2944cef5:18a8251926c:-7f58','WACCT54907434:18a0149c0b7:-7f9b','WMfe87b2e:18a2b3ea51e:46fb',2023,8,'WBILL-2944cef5:18a8251926c:-7f59','ONLINE',2517,19,84.00,NULL,0,NULL,'USR-6b8fdb27:18a2b0f8b41:-7d9d','ELMER VICENTE',NULL),('WAC-2944cef5:18a8251926c:-7f5b','WACCT54907434:18a0149c0b7:-7fa1','WMfe87b2e:18a2b3ea51e:3882',2023,7,NULL,'CAPTURE',1324,0,0.00,NULL,0,NULL,NULL,NULL,NULL),('WAC-2944cef5:18a8251926c:-7f5c','WACCT54907434:18a0149c0b7:-7fa1','WMfe87b2e:18a2b3ea51e:3882',2023,8,'WBILL-2944cef5:18a8251926c:-7f5d','ONLINE',1342,18,78.00,NULL,0,NULL,'USR-6b8fdb27:18a2b0f8b41:-7d9d','ELMER VICENTE',NULL),('WAC-2944cef5:18a8251926c:-7f5f','WACCT54907434:18a0149c0b7:-7f8b','WMfe87b2e:18a2b3ea51e:20d2',2023,7,NULL,'CAPTURE',456,0,0.00,NULL,0,NULL,NULL,NULL,NULL),('WAC-2944cef5:18a8251926c:-7f60','WACCT54907434:18a0149c0b7:-7f8b','WMfe87b2e:18a2b3ea51e:20d2',2023,8,'WBILL-2944cef5:18a8251926c:-7f61','ONLINE',456,0,30.00,NULL,0,NULL,'USR-6b8fdb27:18a2b0f8b41:-7d9d','ELMER VICENTE',NULL),('WAC-2944cef5:18a8251926c:-7f63','WACCT54907434:18a0149c0b7:-7f9e','WMfe87b2e:18a2b3ea51e:109f',2023,7,NULL,'CAPTURE',2694,0,0.00,NULL,0,NULL,NULL,NULL,NULL),('WAC-2944cef5:18a8251926c:-7f64','WACCT54907434:18a0149c0b7:-7f9e','WMfe87b2e:18a2b3ea51e:109f',2023,8,'WBILL-2944cef5:18a8251926c:-7f65','ONLINE',2760,66,366.00,NULL,0,NULL,'USR-6b8fdb27:18a2b0f8b41:-7d9d','ELMER VICENTE',NULL),('WAC-2944cef5:18a8251926c:-7f67','WACCT54907434:18a0149c0b7:-7f91','WMfe87b2e:18a2b3ea51e:-250c',2023,7,NULL,'CAPTURE',2173,0,0.00,NULL,0,NULL,NULL,NULL,NULL),('WAC-2944cef5:18a8251926c:-7f68','WACCT54907434:18a0149c0b7:-7f91','WMfe87b2e:18a2b3ea51e:-250c',2023,8,'WBILL-2944cef5:18a8251926c:-7f69','ONLINE',2232,59,324.00,NULL,0,NULL,'USR-6b8fdb27:18a2b0f8b41:-7d9d','ELMER VICENTE',NULL),('WAC-2944cef5:18a8251926c:-7f6b','WACCT54907434:18a0149c0b7:-7fb1','WMfe87b2e:18a2b3ea51e:-4254',2023,7,NULL,'CAPTURE',6923,0,0.00,NULL,0,NULL,NULL,NULL,NULL),('WAC-2944cef5:18a8251926c:-7f6c','WACCT54907434:18a0149c0b7:-7fb1','WMfe87b2e:18a2b3ea51e:-4254',2023,8,'WBILL-2944cef5:18a8251926c:-7f6d','ONLINE',6966,43,228.00,NULL,0,NULL,'USR-6b8fdb27:18a2b0f8b41:-7d9d','ELMER VICENTE',NULL),('WAC-2944cef5:18a8251926c:-7f6f','WACCT54907434:18a0149c0b7:-7fcd','WMfe87b2e:18a2b3ea51e:-4409',2023,8,'WBILL-2944cef5:18a8251926c:-7f70','ONLINE',4656,21,96.00,NULL,0,NULL,'USR-6b8fdb27:18a2b0f8b41:-7d9d','ELMER VICENTE',NULL),('WAC-2944cef5:18a8251926c:-7f73','WACCT54907434:18a0149c0b7:-7fcd','WMfe87b2e:18a2b3ea51e:-4409',2023,6,NULL,'CAPTURE',4609,0,0.00,NULL,0,NULL,NULL,NULL,NULL),('WAC-2944cef5:18a8251926c:-7f74','WACCT54907434:18a0149c0b7:-7fcd','WMfe87b2e:18a2b3ea51e:-4409',2023,7,'WBILL-2944cef5:18a8251926c:-7f75','ONLINE',4635,26,126.00,NULL,0,NULL,'USR-6b8fdb27:18a2b0f8b41:-7d9d','ELMER VICENTE',NULL),('WAC-2944cef5:18a8251926c:-7f77','WACCT54907434:18a0149c0b7:-7fd1','WM6e761b08:18a490769bb:-51b5',2023,7,NULL,'CAPTURE',5162,0,0.00,NULL,0,NULL,NULL,NULL,NULL),('WAC-2944cef5:18a8251926c:-7f78','WACCT54907434:18a0149c0b7:-7fd1','WM6e761b08:18a490769bb:-51b5',2023,8,'WBILL-2944cef5:18a8251926c:-7f79','ONLINE',5193,31,156.00,NULL,0,NULL,'USR-6b8fdb27:18a2b0f8b41:-7d9d','ELMER VICENTE',NULL),('WAC-2944cef5:18a8251926c:-7f7b','WACCT54907434:18a0149c0b7:-7fd0','WM6e761b08:18a490769bb:-5319',2023,7,NULL,'CAPTURE',7730,0,0.00,NULL,0,NULL,NULL,NULL,NULL),('WAC-2944cef5:18a8251926c:-7f7c','WACCT54907434:18a0149c0b7:-7fd0','WM6e761b08:18a490769bb:-5319',2023,8,'WBILL-2944cef5:18a8251926c:-7f7d','ONLINE',7748,18,78.00,NULL,0,NULL,'USR-6b8fdb27:18a2b0f8b41:-7d9d','ELMER VICENTE',NULL),('WAC-2944cef5:18a8251926c:-7f7f','WACCT54907434:18a0149c0b7:-7fcf','WM6e761b08:18a490769bb:-547d',2023,7,NULL,'CAPTURE',8338,0,0.00,NULL,0,NULL,NULL,NULL,NULL),('WAC-2944cef5:18a8251926c:-7f80','WACCT54907434:18a0149c0b7:-7fcf','WM6e761b08:18a490769bb:-547d',2023,8,'WBILL-2944cef5:18a8251926c:-7f81','ONLINE',8343,5,30.00,NULL,0,NULL,'USR-6b8fdb27:18a2b0f8b41:-7d9d','ELMER VICENTE',NULL),('WAC-2944cef5:18a8251926c:-7f83','WACCT54907434:18a0149c0b7:-7fb5','WM6e761b08:18a490769bb:-5d8d',2023,7,NULL,'CAPTURE',7617,0,0.00,NULL,0,NULL,NULL,NULL,NULL),('WAC-2944cef5:18a8251926c:-7f84','WACCT54907434:18a0149c0b7:-7fb5','WM6e761b08:18a490769bb:-5d8d',2023,8,'WBILL-2944cef5:18a8251926c:-7f85','ONLINE',7703,86,486.00,NULL,0,NULL,'USR-6b8fdb27:18a2b0f8b41:-7d9d','ELMER VICENTE',NULL),('WAC-2944cef5:18a8251926c:-7f87','WACCT54907434:18a0149c0b7:-7fb4','WM6e761b08:18a490769bb:-5ef1',2023,7,NULL,'CAPTURE',2906,0,0.00,NULL,0,NULL,NULL,NULL,NULL),('WAC-2944cef5:18a8251926c:-7f88','WACCT54907434:18a0149c0b7:-7fb4','WM6e761b08:18a490769bb:-5ef1',2023,8,'WBILL-2944cef5:18a8251926c:-7f89','ONLINE',2972,66,366.00,NULL,0,NULL,'USR-6b8fdb27:18a2b0f8b41:-7d9d','ELMER VICENTE',NULL),('WAC-2944cef5:18a8251926c:-7f8b','WACCT54907434:18a0149c0b7:-7fb7','WM6e761b08:18a490769bb:-6073',2023,7,NULL,'CAPTURE',11711,0,0.00,NULL,0,NULL,NULL,NULL,NULL),('WAC-2944cef5:18a8251926c:-7f8c','WACCT54907434:18a0149c0b7:-7fb7','WM6e761b08:18a490769bb:-6073',2023,8,'WBILL-2944cef5:18a8251926c:-7f8d','ONLINE',11781,70,390.00,NULL,0,NULL,'USR-6b8fdb27:18a2b0f8b41:-7d9d','ELMER VICENTE',NULL),('WAC-2944cef5:18a8251926c:-7f8f','WACCT54907434:18a0149c0b7:-7fba','WM6e761b08:18a490769bb:-61d7',2023,8,'WBILL-2944cef5:18a8251926c:-7f90','ONLINE',5362,37,192.00,NULL,0,NULL,'USR-6b8fdb27:18a2b0f8b41:-7d9d','ELMER VICENTE',NULL),('WAC-2944cef5:18a8251926c:-7f93','WACCT54907434:18a0149c0b7:-7fba','WM6e761b08:18a490769bb:-61d7',2023,6,NULL,'CAPTURE',5285,0,0.00,NULL,0,NULL,NULL,NULL,NULL),('WAC-2944cef5:18a8251926c:-7f94','WACCT54907434:18a0149c0b7:-7fba','WM6e761b08:18a490769bb:-61d7',2023,7,'WBILL-2944cef5:18a8251926c:-7f95','ONLINE',5325,40,210.00,NULL,0,NULL,'USR-6b8fdb27:18a2b0f8b41:-7d9d','ELMER VICENTE',NULL),('WAC-2944cef5:18a8251926c:-7f97','WACCT54907434:18a0149c0b7:-7fbb','WM6e761b08:18a490769bb:-63b5',2023,7,NULL,'CAPTURE',12182,0,0.00,NULL,0,NULL,NULL,NULL,NULL),('WAC-2944cef5:18a8251926c:-7f98','WACCT54907434:18a0149c0b7:-7fbb','WM6e761b08:18a490769bb:-63b5',2023,8,'WBILL-2944cef5:18a8251926c:-7f99','ONLINE',12240,58,318.00,NULL,0,NULL,'USR-6b8fdb27:18a2b0f8b41:-7d9d','ELMER VICENTE',NULL),('WAC-2944cef5:18a8251926c:-7f9b','WACCT54907434:18a0149c0b7:-7fbf','WM6e761b08:18a490769bb:-6a71',2023,8,'WBILL-2944cef5:18a8251926c:-7f9c','ONLINE',6512,15,60.00,NULL,0,NULL,'USR-6b8fdb27:18a2b0f8b41:-7d9d','ELMER VICENTE',NULL),('WAC-2944cef5:18a8251926c:-7f9f','WACCT54907434:18a0149c0b7:-7fbf','WM6e761b08:18a490769bb:-6a71',2023,6,NULL,'CAPTURE',6478,0,0.00,NULL,0,NULL,NULL,NULL,NULL),('WAC-2944cef5:18a8251926c:-7fa0','WACCT54907434:18a0149c0b7:-7fbf','WM6e761b08:18a490769bb:-6a71',2023,7,'WBILL-2944cef5:18a8251926c:-7fa1','ONLINE',6497,19,84.00,NULL,0,NULL,'USR-6b8fdb27:18a2b0f8b41:-7d9d','ELMER VICENTE',NULL),('WAC-2944cef5:18a8251926c:-7fa3','WACCT54907434:18a0149c0b7:-7fc0','WM6e761b08:18a490769bb:-6c5e',2023,7,NULL,'CAPTURE',15555,0,0.00,NULL,0,NULL,NULL,NULL,NULL),('WAC-2944cef5:18a8251926c:-7fa4','WACCT54907434:18a0149c0b7:-7fc0','WM6e761b08:18a490769bb:-6c5e',2023,8,'WBILL-2944cef5:18a8251926c:-7fa5','ONLINE',15598,43,228.00,NULL,0,NULL,'USR-6b8fdb27:18a2b0f8b41:-7d9d','ELMER VICENTE',NULL),('WAC-2944cef5:18a8251926c:-7fa7','WACCT54907434:18a0149c0b7:-7fa2','WM6e761b08:18a490769bb:-6e00',2023,7,NULL,'CAPTURE',3559,0,0.00,NULL,0,NULL,NULL,NULL,NULL),('WAC-2944cef5:18a8251926c:-7fa8','WACCT54907434:18a0149c0b7:-7fa2','WM6e761b08:18a490769bb:-6e00',2023,8,'WBILL-2944cef5:18a8251926c:-7fa9','ONLINE',3584,25,120.00,NULL,0,NULL,'USR-6b8fdb27:18a2b0f8b41:-7d9d','ELMER VICENTE',NULL),('WAC-2944cef5:18a8251926c:-7fab','WACCT54907434:18a0149c0b7:-7fa4','WM6e761b08:18a490769bb:-6f95',2023,7,NULL,'CAPTURE',8785,0,0.00,NULL,0,NULL,NULL,NULL,NULL),('WAC-2944cef5:18a8251926c:-7fac','WACCT54907434:18a0149c0b7:-7fa4','WM6e761b08:18a490769bb:-6f95',2023,8,'WBILL-2944cef5:18a8251926c:-7fad','ONLINE',8816,31,156.00,NULL,0,NULL,'USR-6b8fdb27:18a2b0f8b41:-7d9d','ELMER VICENTE',NULL),('WAC-2944cef5:18a8251926c:-7faf','WACCT54907434:18a0149c0b7:-7fa5','WM6e761b08:18a490769bb:-7138',2023,7,NULL,'CAPTURE',5769,0,0.00,NULL,0,NULL,NULL,NULL,NULL),('WAC-2944cef5:18a8251926c:-7fb0','WACCT54907434:18a0149c0b7:-7fa5','WM6e761b08:18a490769bb:-7138',2023,8,'WBILL-2944cef5:18a8251926c:-7fb1','ONLINE',5795,26,126.00,NULL,0,NULL,'USR-6b8fdb27:18a2b0f8b41:-7d9d','ELMER VICENTE',NULL),('WAC-2944cef5:18a8251926c:-7fb3','WACCT54907434:18a0149c0b7:-7fa7','WM6e761b08:18a490769bb:-74f3',2023,7,NULL,'CAPTURE',2767,0,0.00,NULL,0,NULL,NULL,NULL,NULL),('WAC-2944cef5:18a8251926c:-7fb4','WACCT54907434:18a0149c0b7:-7fa7','WM6e761b08:18a490769bb:-74f3',2023,8,'WBILL-2944cef5:18a8251926c:-7fb5','ONLINE',2797,30,150.00,NULL,0,NULL,'USR-6b8fdb27:18a2b0f8b41:-7d9d','ELMER VICENTE',NULL),('WAC-2944cef5:18a8251926c:-7fb7','WACCT54907434:18a0149c0b7:-7fa8','WM6e761b08:18a490769bb:-76aa',2023,7,NULL,'CAPTURE',7518,0,0.00,NULL,0,NULL,NULL,NULL,NULL),('WAC-2944cef5:18a8251926c:-7fb8','WACCT54907434:18a0149c0b7:-7fa8','WM6e761b08:18a490769bb:-76aa',2023,8,'WBILL-2944cef5:18a8251926c:-7fb9','ONLINE',7546,28,138.00,NULL,0,NULL,'USR-6b8fdb27:18a2b0f8b41:-7d9d','ELMER VICENTE',NULL),('WAC-2944cef5:18a8251926c:-7fbb','WACCT54907434:18a0149c0b7:-7fa9','WM6e761b08:18a490769bb:-782a',2023,7,NULL,'CAPTURE',3416,0,0.00,NULL,0,NULL,NULL,NULL,NULL),('WAC-2944cef5:18a8251926c:-7fbc','WACCT54907434:18a0149c0b7:-7fa9','WM6e761b08:18a490769bb:-782a',2023,8,'WBILL-2944cef5:18a8251926c:-7fbd','ONLINE',3417,1,30.00,NULL,0,NULL,'USR-6b8fdb27:18a2b0f8b41:-7d9d','ELMER VICENTE',NULL),('WAC-2944cef5:18a8251926c:-7fbf','WACCT54907434:18a0149c0b7:-7faa','WM6e761b08:18a490769bb:-79a3',2023,7,NULL,'CAPTURE',1041,0,0.00,NULL,0,NULL,NULL,NULL,NULL),('WAC-2944cef5:18a8251926c:-7fc0','WACCT54907434:18a0149c0b7:-7faa','WM6e761b08:18a490769bb:-79a3',2023,8,'WBILL-2944cef5:18a8251926c:-7fc1','ONLINE',1072,31,156.00,NULL,0,NULL,'USR-6b8fdb27:18a2b0f8b41:-7d9d','ELMER VICENTE',NULL),('WAC-2944cef5:18a8251926c:-7fc3','WACCT54907434:18a0149c0b7:-7fab','WM6e761b08:18a490769bb:-7b31',2023,7,NULL,'CAPTURE',6924,0,0.00,NULL,0,NULL,NULL,NULL,NULL),('WAC-2944cef5:18a8251926c:-7fc4','WACCT54907434:18a0149c0b7:-7fab','WM6e761b08:18a490769bb:-7b31',2023,8,'WBILL-2944cef5:18a8251926c:-7fc5','ONLINE',6960,36,186.00,NULL,0,NULL,'USR-6b8fdb27:18a2b0f8b41:-7d9d','ELMER VICENTE',NULL),('WAC-2944cef5:18a8251926c:-7fc7','WACCT54907434:18a0149c0b7:-7fae','WM6e761b08:18a490769bb:-7e81',2023,8,'WBILL-2944cef5:18a8251926c:-7fc8','ONLINE',15361,0,30.00,NULL,0,NULL,'USR-6b8fdb27:18a2b0f8b41:-7d9d','ELMER VICENTE',NULL),('WAC-2944cef5:18a8251926c:-7fcb','WACCT54907434:18a0149c0b7:-7fae','WM6e761b08:18a490769bb:-7e81',2023,6,NULL,'CAPTURE',15361,0,0.00,NULL,0,NULL,NULL,NULL,NULL),('WAC-2944cef5:18a8251926c:-7fcc','WACCT54907434:18a0149c0b7:-7fae','WM6e761b08:18a490769bb:-7e81',2023,7,'WBILL-2944cef5:18a8251926c:-7fcd','ONLINE',15361,0,30.00,NULL,0,NULL,'USR-6b8fdb27:18a2b0f8b41:-7d9d','ELMER VICENTE',NULL),('WAC-2944cef5:18a8251926c:-7fcf','WACCT54907434:18a0149c0b7:-7fac','WMef5b2be:18a4568879e:-90c',2023,7,NULL,'CAPTURE',3020,0,0.00,NULL,0,NULL,NULL,NULL,NULL),('WAC-2944cef5:18a8251926c:-7fd0','WACCT54907434:18a0149c0b7:-7fac','WMef5b2be:18a4568879e:-90c',2023,8,'WBILL-2944cef5:18a8251926c:-7fd1','ONLINE',3031,11,36.00,NULL,0,NULL,'USR-6b8fdb27:18a2b0f8b41:-7d9d','ELMER VICENTE',NULL),('WAC-2944cef5:18a8251926c:-7fd3','WACCT54907434:18a0149c0b7:-7fb0','WMef5b2be:18a4568879e:-a70',2023,7,NULL,'CAPTURE',6451,0,0.00,NULL,0,NULL,NULL,NULL,NULL),('WAC-2944cef5:18a8251926c:-7fd4','WACCT54907434:18a0149c0b7:-7fb0','WMef5b2be:18a4568879e:-a70',2023,8,'WBILL-2944cef5:18a8251926c:-7fd5','ONLINE',6486,35,180.00,NULL,0,NULL,'USR-6b8fdb27:18a2b0f8b41:-7d9d','ELMER VICENTE',NULL),('WAC-2944cef5:18a8251926c:-7fd7','WACCT54907434:18a0149c0b7:-7fc5','WMef5b2be:18a4568879e:-da8',2023,8,'WBILL-2944cef5:18a8251926c:-7fd8','ONLINE',6874,20,90.00,NULL,0,NULL,'USR-6b8fdb27:18a2b0f8b41:-7d9d','ELMER VICENTE',NULL),('WAC-2944cef5:18a8251926c:-7fdb','WACCT54907434:18a0149c0b7:-7fc5','WMef5b2be:18a4568879e:-da8',2023,6,NULL,'CAPTURE',6835,0,0.00,NULL,0,NULL,NULL,NULL,NULL),('WAC-2944cef5:18a8251926c:-7fdc','WACCT54907434:18a0149c0b7:-7fc5','WMef5b2be:18a4568879e:-da8',2023,7,'WBILL-2944cef5:18a8251926c:-7fdd','ONLINE',6854,19,84.00,NULL,0,NULL,'USR-6b8fdb27:18a2b0f8b41:-7d9d','ELMER VICENTE',NULL),('WAC-2944cef5:18a8251926c:-7fdf','WACCT54907434:18a0149c0b7:-7f9f','WMef5b2be:18a4568879e:-ff3',2023,7,NULL,'CAPTURE',5432,0,0.00,NULL,0,NULL,NULL,NULL,NULL),('WAC-2944cef5:18a8251926c:-7fe0','WACCT54907434:18a0149c0b7:-7f9f','WMef5b2be:18a4568879e:-ff3',2023,8,'WBILL-2944cef5:18a8251926c:-7fe1','ONLINE',5432,0,30.00,NULL,0,NULL,'USR-6b8fdb27:18a2b0f8b41:-7d9d','ELMER VICENTE',NULL),('WAC-2944cef5:18a8251926c:-7fe3','WACCT54907434:18a0149c0b7:-7f9d','WMef5b2be:18a4568879e:-12f3',2023,7,NULL,'CAPTURE',4611,0,0.00,NULL,0,NULL,NULL,NULL,NULL),('WAC-2944cef5:18a8251926c:-7fe4','WACCT54907434:18a0149c0b7:-7f9d','WMef5b2be:18a4568879e:-12f3',2023,8,'WBILL-2944cef5:18a8251926c:-7fe5','ONLINE',4621,10,30.00,NULL,0,NULL,'USR-6b8fdb27:18a2b0f8b41:-7d9d','ELMER VICENTE',NULL),('WAC-2944cef5:18a8251926c:-7fe7','WACCT54907434:18a0149c0b7:-7f98','WMef5b2be:18a4568879e:-175c',2023,7,NULL,'CAPTURE',4182,0,0.00,NULL,0,NULL,NULL,NULL,NULL),('WAC-2944cef5:18a8251926c:-7fe8','WACCT54907434:18a0149c0b7:-7f98','WMef5b2be:18a4568879e:-175c',2023,8,'WBILL-2944cef5:18a8251926c:-7fe9','ONLINE',4190,8,30.00,NULL,0,NULL,'USR-6b8fdb27:18a2b0f8b41:-7d9d','ELMER VICENTE',NULL),('WAC-2944cef5:18a8251926c:-7feb','WACCT54907434:18a0149c0b7:-7f97','WMef5b2be:18a4568879e:-1aac',2023,8,'WBILL-2944cef5:18a8251926c:-7fec','ONLINE',9988,17,72.00,NULL,0,NULL,'USR-6b8fdb27:18a2b0f8b41:-7d9d','ELMER VICENTE',NULL),('WAC-2944cef5:18a8251926c:-7fef','WACCT54907434:18a0149c0b7:-7f97','WMef5b2be:18a4568879e:-1aac',2023,6,NULL,'CAPTURE',9895,0,0.00,NULL,0,NULL,NULL,NULL,NULL),('WAC-2944cef5:18a8251926c:-7ff0','WACCT54907434:18a0149c0b7:-7f97','WMef5b2be:18a4568879e:-1aac',2023,7,'WBILL-2944cef5:18a8251926c:-7ff1','ONLINE',9971,76,426.00,NULL,0,NULL,'USR-6b8fdb27:18a2b0f8b41:-7d9d','ELMER VICENTE',NULL),('WAC-46eef0e9:18a86fcf72d:-7f6b','WACCT54907434:18a0149c0b7:-7f8c','WMbe12291:18a3fa9b053:1b4e',2023,7,NULL,'CAPTURE',2132,0,0.00,NULL,0,NULL,NULL,NULL,NULL),('WAC-46eef0e9:18a86fcf72d:-7f6c','WACCT54907434:18a0149c0b7:-7f8c','WMbe12291:18a3fa9b053:1b4e',2023,8,'WBILL-46eef0e9:18a86fcf72d:-7f6d','ONLINE',2201,69,384.00,NULL,0,NULL,'USR-6b8fdb27:18a2b0f8b41:-7d9d','ELMER VICENTE',NULL),('WAC-46eef0e9:18a86fcf72d:-7f72','WACCT54907434:18a0149c0b7:-7f8f','WM645a3c69:189d2e31a68:-79a9',2023,7,NULL,'CAPTURE',5315,0,0.00,NULL,0,NULL,NULL,NULL,NULL),('WAC-46eef0e9:18a86fcf72d:-7f73','WACCT54907434:18a0149c0b7:-7f8f','WM645a3c69:189d2e31a68:-79a9',2023,8,'WBILL-46eef0e9:18a86fcf72d:-7f74','ONLINE',5334,19,84.00,NULL,0,NULL,'USR-6b8fdb27:18a2b0f8b41:-7d9d','ELMER VICENTE',NULL),('WAC-46eef0e9:18a86fcf72d:-7f79','WACCT54907434:18a0149c0b7:-7f92','WMef5b2be:18a4568879e:-1dcf',2023,7,NULL,'CAPTURE',2249,0,0.00,NULL,0,NULL,NULL,NULL,NULL),('WAC-46eef0e9:18a86fcf72d:-7f7a','WACCT54907434:18a0149c0b7:-7f92','WMef5b2be:18a4568879e:-1dcf',2023,8,'WBILL-46eef0e9:18a86fcf72d:-7f7b','ONLINE',2280,31,156.00,NULL,0,NULL,'USR-6b8fdb27:18a2b0f8b41:-7d9d','ELMER VICENTE',NULL),('WAC-46eef0e9:18a86fcf72d:-7f80','WACCT54907434:18a0149c0b7:-7f93','WMef5b2be:18a4568879e:-1f33',2023,7,NULL,'CAPTURE',5408,0,0.00,NULL,0,NULL,NULL,NULL,NULL),('WAC-46eef0e9:18a86fcf72d:-7f81','WACCT54907434:18a0149c0b7:-7f93','WMef5b2be:18a4568879e:-1f33',2023,8,'WBILL-46eef0e9:18a86fcf72d:-7f82','ONLINE',5435,27,132.00,NULL,0,NULL,'USR-6b8fdb27:18a2b0f8b41:-7d9d','ELMER VICENTE',NULL),('WAC-46eef0e9:18a86fcf72d:-7f87','WACCT54907434:18a0149c0b7:-7f94','WMef5b2be:18a4568879e:-2097',2023,7,NULL,'CAPTURE',6459,0,0.00,NULL,0,NULL,NULL,NULL,NULL),('WAC-46eef0e9:18a86fcf72d:-7f88','WACCT54907434:18a0149c0b7:-7f94','WMef5b2be:18a4568879e:-2097',2023,8,'WBILL-46eef0e9:18a86fcf72d:-7f89','ONLINE',6472,13,48.00,NULL,0,NULL,'USR-6b8fdb27:18a2b0f8b41:-7d9d','ELMER VICENTE',NULL),('WAC-46eef0e9:18a86fcf72d:-7f8e','WACCT54907434:18a0149c0b7:-7f95','WMef5b2be:18a4568879e:-1c10',2023,7,NULL,'CAPTURE',6824,0,0.00,NULL,0,NULL,NULL,NULL,NULL),('WAC-46eef0e9:18a86fcf72d:-7f8f','WACCT54907434:18a0149c0b7:-7f95','WMef5b2be:18a4568879e:-1c10',2023,8,'WBILL-46eef0e9:18a86fcf72d:-7f90','ONLINE',6894,70,390.00,NULL,0,NULL,'USR-6b8fdb27:18a2b0f8b41:-7d9d','ELMER VICENTE',NULL),('WAC-46eef0e9:18a86fcf72d:-7f95','WACCT54907434:18a0149c0b7:-7f99','WMef5b2be:18a4568879e:-15dc',2023,7,NULL,'CAPTURE',7958,0,0.00,NULL,0,NULL,NULL,NULL,NULL),('WAC-46eef0e9:18a86fcf72d:-7f96','WACCT54907434:18a0149c0b7:-7f99','WMef5b2be:18a4568879e:-15dc',2023,8,'WBILL-46eef0e9:18a86fcf72d:-7f97','ONLINE',7969,11,36.00,NULL,0,NULL,'USR-6b8fdb27:18a2b0f8b41:-7d9d','ELMER VICENTE',NULL),('WAC-46eef0e9:18a86fcf72d:-7f9c','WACCT54907434:18a0149c0b7:-7f9a','WMef5b2be:18a4568879e:-1465',2023,7,NULL,'CAPTURE',5592,0,0.00,NULL,0,NULL,NULL,NULL,NULL),('WAC-46eef0e9:18a86fcf72d:-7f9d','WACCT54907434:18a0149c0b7:-7f9a','WMef5b2be:18a4568879e:-1465',2023,8,'WBILL-46eef0e9:18a86fcf72d:-7f9e','ONLINE',5622,30,150.00,NULL,0,NULL,'USR-6b8fdb27:18a2b0f8b41:-7d9d','ELMER VICENTE',NULL),('WAC-46eef0e9:18a86fcf72d:-7fa3','WACCT54907434:18a0149c0b7:-7f9c','WMef5b2be:18a4568879e:-118f',2023,7,NULL,'CAPTURE',4711,0,0.00,NULL,0,NULL,NULL,NULL,NULL),('WAC-46eef0e9:18a86fcf72d:-7fa4','WACCT54907434:18a0149c0b7:-7f9c','WMef5b2be:18a4568879e:-118f',2023,8,'WBILL-46eef0e9:18a86fcf72d:-7fa5','ONLINE',4738,27,132.00,NULL,0,NULL,'USR-6b8fdb27:18a2b0f8b41:-7d9d','ELMER VICENTE',NULL),('WAC-46eef0e9:18a86fcf72d:-7faa','WACCT54907434:18a0149c0b7:-7fa0','WM6e761b08:18a490769bb:-736d',2023,7,NULL,'CAPTURE',3141,0,0.00,NULL,0,NULL,NULL,NULL,NULL),('WAC-46eef0e9:18a86fcf72d:-7fab','WACCT54907434:18a0149c0b7:-7fa0','WM6e761b08:18a490769bb:-736d',2023,8,'WBILL-46eef0e9:18a86fcf72d:-7fac','ONLINE',3145,4,30.00,NULL,0,NULL,'USR-6b8fdb27:18a2b0f8b41:-7d9d','ELMER VICENTE',NULL),('WAC-46eef0e9:18a86fcf72d:-7fb1','WACCT54907434:18a0149c0b7:-7fa6','WMfe87b2e:18a2b3ea51e:-389e',2023,7,NULL,'CAPTURE',2145,0,0.00,NULL,0,NULL,NULL,NULL,NULL),('WAC-46eef0e9:18a86fcf72d:-7fb2','WACCT54907434:18a0149c0b7:-7fa6','WMfe87b2e:18a2b3ea51e:-389e',2023,8,'WBILL-46eef0e9:18a86fcf72d:-7fb3','ONLINE',2189,44,234.00,NULL,0,NULL,'USR-6b8fdb27:18a2b0f8b41:-7d9d','ELMER VICENTE',NULL),('WAC-46eef0e9:18a86fcf72d:-7fb8','WACCT54907434:18a0149c0b7:-7fad','WM6e761b08:18a490769bb:-7ca8',2023,7,NULL,'CAPTURE',7762,0,0.00,NULL,0,NULL,NULL,NULL,NULL),('WAC-46eef0e9:18a86fcf72d:-7fb9','WACCT54907434:18a0149c0b7:-7fad','WM6e761b08:18a490769bb:-7ca8',2023,8,'WBILL-46eef0e9:18a86fcf72d:-7fba','ONLINE',7810,48,258.00,NULL,0,NULL,'USR-6b8fdb27:18a2b0f8b41:-7d9d','ELMER VICENTE',NULL),('WAC-46eef0e9:18a86fcf72d:-7fbf','WACCT54907434:18a0149c0b7:-7faf','WM6e761b08:18a490769bb:-5051',2023,7,NULL,'CAPTURE',5394,0,0.00,NULL,0,NULL,NULL,NULL,NULL),('WAC-46eef0e9:18a86fcf72d:-7fc0','WACCT54907434:18a0149c0b7:-7faf','WM6e761b08:18a490769bb:-5051',2023,8,'WBILL-46eef0e9:18a86fcf72d:-7fc1','ONLINE',5424,30,250.00,NULL,0,NULL,'USR-6b8fdb27:18a2b0f8b41:-7d9d','ELMER VICENTE',NULL),('WAC-46eef0e9:18a86fcf72d:-7fc6','WACCT54907434:18a0149c0b7:-7fb2','WM6e761b08:18a490769bb:-5a66',2023,7,NULL,'CAPTURE',7560,0,0.00,NULL,0,NULL,NULL,NULL,NULL),('WAC-46eef0e9:18a86fcf72d:-7fc7','WACCT54907434:18a0149c0b7:-7fb2','WM6e761b08:18a490769bb:-5a66',2023,8,'WBILL-46eef0e9:18a86fcf72d:-7fc8','ONLINE',7579,19,84.00,NULL,0,NULL,'USR-6b8fdb27:18a2b0f8b41:-7d9d','ELMER VICENTE',NULL),('WAC-46eef0e9:18a86fcf72d:-7fcd','WACCT54907434:18a0149c0b7:-7fb3','WM6e761b08:18a490769bb:-5c22',2023,7,NULL,'CAPTURE',5088,0,0.00,NULL,0,NULL,NULL,NULL,NULL),('WAC-46eef0e9:18a86fcf72d:-7fce','WACCT54907434:18a0149c0b7:-7fb3','WM6e761b08:18a490769bb:-5c22',2023,8,'WBILL-46eef0e9:18a86fcf72d:-7fcf','ONLINE',5137,49,264.00,NULL,0,NULL,'USR-6b8fdb27:18a2b0f8b41:-7d9d','ELMER VICENTE',NULL),('WAC-46eef0e9:18a86fcf72d:-7fd4','WACCT54907434:18a0149c0b7:-7fb6','WMbe12291:18a3fa9b053:110e',2023,7,NULL,'CAPTURE',523,0,0.00,NULL,0,NULL,NULL,NULL,NULL),('WAC-46eef0e9:18a86fcf72d:-7fd5','WACCT54907434:18a0149c0b7:-7fb6','WMbe12291:18a3fa9b053:110e',2023,8,'WBILL-46eef0e9:18a86fcf72d:-7fd6','ONLINE',559,36,186.00,NULL,0,NULL,'USR-6b8fdb27:18a2b0f8b41:-7d9d','ELMER VICENTE',NULL),('WAC-46eef0e9:18a86fcf72d:-7fdb','WACCT54907434:18a0149c0b7:-7fbc','WM6e761b08:18a490769bb:-6519',2023,7,NULL,'CAPTURE',13571,0,0.00,NULL,0,NULL,NULL,NULL,NULL),('WAC-46eef0e9:18a86fcf72d:-7fdc','WACCT54907434:18a0149c0b7:-7fbc','WM6e761b08:18a490769bb:-6519',2023,8,'WBILL-46eef0e9:18a86fcf72d:-7fdd','ONLINE',13600,29,144.00,NULL,0,NULL,'USR-6b8fdb27:18a2b0f8b41:-7d9d','ELMER VICENTE',NULL),('WAC-46eef0e9:18a86fcf72d:-7fe2','WACCT54907434:18a0149c0b7:-7fbd','WM6e761b08:18a490769bb:-671c',2023,7,NULL,'CAPTURE',4158,0,0.00,NULL,0,NULL,NULL,NULL,NULL),('WAC-46eef0e9:18a86fcf72d:-7fe3','WACCT54907434:18a0149c0b7:-7fbd','WM6e761b08:18a490769bb:-671c',2023,8,'WBILL-46eef0e9:18a86fcf72d:-7fe4','ONLINE',4158,0,30.00,NULL,0,NULL,'USR-6b8fdb27:18a2b0f8b41:-7d9d','ELMER VICENTE',NULL),('WAC-46eef0e9:18a86fcf72d:-7fe9','WACCT54907434:18a0149c0b7:-7fbe','WM6e761b08:18a490769bb:-690d',2023,7,NULL,'CAPTURE',9105,0,0.00,NULL,0,NULL,NULL,NULL,NULL),('WAC-46eef0e9:18a86fcf72d:-7fea','WACCT54907434:18a0149c0b7:-7fbe','WM6e761b08:18a490769bb:-690d',2023,8,'WBILL-46eef0e9:18a86fcf72d:-7feb','ONLINE',9111,6,30.00,NULL,0,NULL,'USR-6b8fdb27:18a2b0f8b41:-7d9d','ELMER VICENTE',NULL),('WAC-46eef0e9:18a86fcf72d:-7ff0','WACCT54907434:18a0149c0b7:-7fc1','WMef5b2be:18a4568879e:-c44',2023,7,NULL,'CAPTURE',8379,0,0.00,NULL,0,NULL,NULL,NULL,NULL),('WAC-46eef0e9:18a86fcf72d:-7ff1','WACCT54907434:18a0149c0b7:-7fc1','WMef5b2be:18a4568879e:-c44',2023,8,'WBILL-46eef0e9:18a86fcf72d:-7ff2','ONLINE',8487,108,618.00,NULL,0,NULL,'USR-6b8fdb27:18a2b0f8b41:-7d9d','ELMER VICENTE',NULL),('WAC-46eef0e9:18a86fcf72d:-7ff7','WACCT54907434:18a0149c0b7:-7fc6','WMfe87b2e:18a2b3ea51e:-4dd',2023,7,NULL,'CAPTURE',4794,0,0.00,NULL,0,NULL,NULL,NULL,NULL),('WAC-46eef0e9:18a86fcf72d:-7ff8','WACCT54907434:18a0149c0b7:-7fc6','WMfe87b2e:18a2b3ea51e:-4dd',2023,8,'WBILL-46eef0e9:18a86fcf72d:-7ff9','ONLINE',4795,1,30.00,NULL,0,NULL,'USR-6b8fdb27:18a2b0f8b41:-7d9d','ELMER VICENTE',NULL),('WAC-46eef0e9:18a86fcf72d:-7ffe','WACCT54907434:18a0149c0b7:-7fc9','WMbe12291:18a3fa9b053:-3af8',2023,7,NULL,'CAPTURE',2142,0,0.00,NULL,0,NULL,NULL,NULL,NULL),('WAC-46eef0e9:18a86fcf72d:-7fff','WACCT54907434:18a0149c0b7:-7fc9','WMbe12291:18a3fa9b053:-3af8',2023,8,'WBILL-46eef0e9:18a86fcf72d:-8000','ONLINE',2184,42,222.00,NULL,0,NULL,'USR-6b8fdb27:18a2b0f8b41:-7d9d','ELMER VICENTE',NULL);
/*!40000 ALTER TABLE `waterworks_consumption` ENABLE KEYS */;
UNLOCK TABLES;

--
-- Table structure for table `waterworks_credit`
--

DROP TABLE IF EXISTS `waterworks_credit`;
/*!40101 SET @saved_cs_client     = @@character_set_client */;
/*!40101 SET character_set_client = utf8 */;
CREATE TABLE `waterworks_credit` (
  `objid` varchar(50) NOT NULL,
  `acctid` varchar(50) DEFAULT NULL,
  `paymentrefid` varchar(50) DEFAULT NULL,
  `dr` decimal(16,2) DEFAULT NULL,
  `cr` decimal(16,2) DEFAULT NULL,
  `remarks` varchar(255) DEFAULT NULL,
  PRIMARY KEY (`objid`),
  KEY `ix_acctid` (`acctid`),
  KEY `fk_waterworks_credit_paymentrefid` (`paymentrefid`),
  CONSTRAINT `fk_waterworks_credit_acctid` FOREIGN KEY (`acctid`) REFERENCES `waterworks_account` (`objid`),
  CONSTRAINT `fk_waterworks_credit_paymentrefid` FOREIGN KEY (`paymentrefid`) REFERENCES `waterworks_payment` (`objid`)
) ENGINE=InnoDB DEFAULT CHARSET=utf8;
/*!40101 SET character_set_client = @saved_cs_client */;

--
-- Dumping data for table `waterworks_credit`
--

LOCK TABLES `waterworks_credit` WRITE;
/*!40000 ALTER TABLE `waterworks_credit` DISABLE KEYS */;
/*!40000 ALTER TABLE `waterworks_credit` ENABLE KEYS */;
UNLOCK TABLES;

--
-- Table structure for table `waterworks_disconnection`
--

DROP TABLE IF EXISTS `waterworks_disconnection`;
/*!40101 SET @saved_cs_client     = @@character_set_client */;
/*!40101 SET character_set_client = utf8 */;
CREATE TABLE `waterworks_disconnection` (
  `objid` varchar(50) NOT NULL,
  `controlno` varchar(50) DEFAULT NULL,
  `dtcreated` date DEFAULT NULL,
  `acctid` varchar(50) DEFAULT NULL,
  `acctinfoid` varchar(50) DEFAULT NULL,
  `reason` varchar(50) DEFAULT NULL,
  `taskid` varchar(50) DEFAULT NULL,
  `amountdue` decimal(16,2) DEFAULT NULL,
  PRIMARY KEY (`objid`),
  UNIQUE KEY `uix_waterworks_change_request_controlno` (`controlno`),
  KEY `fk_waterworks_disconnection_acctid` (`acctid`),
  KEY `fk_waterworks_disconnection_taskid` (`taskid`),
  KEY `fk_waterworks_disconnection_acctinfoid` (`acctinfoid`),
  CONSTRAINT `fk_waterworks_disconnection_acctid` FOREIGN KEY (`acctid`) REFERENCES `waterworks_account` (`objid`),
  CONSTRAINT `fk_waterworks_disconnection_acctinfoid` FOREIGN KEY (`acctinfoid`) REFERENCES `waterworks_account_info` (`objid`),
  CONSTRAINT `fk_waterworks_disconnection_taskid` FOREIGN KEY (`taskid`) REFERENCES `waterworks_disconnection_task` (`taskid`)
) ENGINE=InnoDB DEFAULT CHARSET=utf8 ROW_FORMAT=COMPACT;
/*!40101 SET character_set_client = @saved_cs_client */;

--
-- Dumping data for table `waterworks_disconnection`
--

LOCK TABLES `waterworks_disconnection` WRITE;
/*!40000 ALTER TABLE `waterworks_disconnection` DISABLE KEYS */;
INSERT INTO `waterworks_disconnection` VALUES ('WDISCON-43b1e736:189877bfd37:-622f','WDC-202307-00002','2023-07-25','WACCT4d1d6941:189766c300e:-7fd1','WACCINFO713766da:1898ac119d7:-8000',NULL,'WDISCONTASK713766da:1898ac119d7:-7fe8',0.00);
/*!40000 ALTER TABLE `waterworks_disconnection` ENABLE KEYS */;
UNLOCK TABLES;

--
-- Table structure for table `waterworks_disconnection_notice`
--

DROP TABLE IF EXISTS `waterworks_disconnection_notice`;
/*!40101 SET @saved_cs_client     = @@character_set_client */;
/*!40101 SET character_set_client = utf8 */;
CREATE TABLE `waterworks_disconnection_notice` (
  `objid` varchar(50) NOT NULL,
  `state` varchar(50) DEFAULT NULL,
  `groupname` varchar(255) DEFAULT NULL,
  `acctid` varchar(50) DEFAULT NULL,
  `acctinfoid` varchar(50) DEFAULT NULL,
  `dtcreated` date DEFAULT NULL,
  `createdby_objid` varchar(50) DEFAULT NULL,
  `createdby_name` varchar(255) DEFAULT NULL,
  `dtfiled` date DEFAULT NULL,
  `startyear` int(255) DEFAULT NULL,
  `startmonth` int(255) DEFAULT NULL,
  `endyear` int(255) DEFAULT NULL,
  `endmonth` int(255) DEFAULT NULL,
  `amtdue` decimal(16,2) DEFAULT NULL,
  `duedate` date DEFAULT NULL,
  PRIMARY KEY (`objid`)
) ENGINE=InnoDB DEFAULT CHARSET=utf8 ROW_FORMAT=COMPACT;
/*!40101 SET character_set_client = @saved_cs_client */;

--
-- Dumping data for table `waterworks_disconnection_notice`
--

LOCK TABLES `waterworks_disconnection_notice` WRITE;
/*!40000 ALTER TABLE `waterworks_disconnection_notice` DISABLE KEYS */;
/*!40000 ALTER TABLE `waterworks_disconnection_notice` ENABLE KEYS */;
UNLOCK TABLES;

--
-- Table structure for table `waterworks_disconnection_task`
--

DROP TABLE IF EXISTS `waterworks_disconnection_task`;
/*!40101 SET @saved_cs_client     = @@character_set_client */;
/*!40101 SET character_set_client = utf8 */;
CREATE TABLE `waterworks_disconnection_task` (
  `taskid` varchar(50) NOT NULL,
  `refid` varchar(50) DEFAULT NULL,
  `parentprocessid` varchar(50) DEFAULT NULL,
  `state` varchar(50) DEFAULT NULL,
  `startdate` datetime DEFAULT NULL,
  `enddate` datetime DEFAULT NULL,
  `assignee_objid` varchar(50) DEFAULT NULL,
  `assignee_name` varchar(100) DEFAULT NULL,
  `actor_objid` varchar(50) DEFAULT NULL,
  `actor_name` varchar(100) DEFAULT NULL,
  `message` varchar(255) DEFAULT NULL,
  `dtcreated` datetime DEFAULT NULL,
  `prevtaskid` varchar(50) DEFAULT NULL,
  PRIMARY KEY (`taskid`),
  KEY `ix_refid` (`refid`),
  CONSTRAINT `waterworks_disconnection_task_refid` FOREIGN KEY (`refid`) REFERENCES `waterworks_disconnection` (`objid`)
) ENGINE=InnoDB DEFAULT CHARSET=utf8 ROW_FORMAT=COMPACT;
/*!40101 SET character_set_client = @saved_cs_client */;

--
-- Dumping data for table `waterworks_disconnection_task`
--

LOCK TABLES `waterworks_disconnection_task` WRITE;
/*!40000 ALTER TABLE `waterworks_disconnection_task` DISABLE KEYS */;
INSERT INTO `waterworks_disconnection_task` VALUES ('WDISCONTASK713766da:1898ac119d7:-7fe8','WDISCON-43b1e736:189877bfd37:-622f',NULL,'end',NULL,NULL,NULL,NULL,NULL,NULL,NULL,'2023-07-25 03:21:14','WDISCONTASK713766da:1898ac119d7:-7fe9'),('WDISCONTASK713766da:1898ac119d7:-7fe9','WDISCON-43b1e736:189877bfd37:-622f',NULL,'for-approval',NULL,'2023-07-25 03:21:14',NULL,NULL,'USR7e15465b:14a51353b1a:-7fb7','ADMIN . ADMIN',NULL,'2023-07-25 03:21:10','WDISCONTASK713766da:1898ac119d7:-7fea'),('WDISCONTASK713766da:1898ac119d7:-7fea','WDISCON-43b1e736:189877bfd37:-622f',NULL,'draft','2023-07-25 03:20:56','2023-07-25 03:21:10',NULL,NULL,'USR7e15465b:14a51353b1a:-7fb7','ADMIN . ADMIN',NULL,'2023-07-25 03:20:56','WDISCONTASK713766da:1898ac119d7:-7feb'),('WDISCONTASK713766da:1898ac119d7:-7feb','WDISCON-43b1e736:189877bfd37:-622f',NULL,'start','2023-07-25 03:20:56','2023-07-25 03:20:56',NULL,NULL,'USR7e15465b:14a51353b1a:-7fb7','ADMIN . ADMIN',NULL,'2023-07-25 03:20:56',NULL);
/*!40000 ALTER TABLE `waterworks_disconnection_task` ENABLE KEYS */;
UNLOCK TABLES;

--
-- Table structure for table `waterworks_itemaccount`
--

DROP TABLE IF EXISTS `waterworks_itemaccount`;
/*!40101 SET @saved_cs_client     = @@character_set_client */;
/*!40101 SET character_set_client = utf8 */;
CREATE TABLE `waterworks_itemaccount` (
  `objid` varchar(50) NOT NULL,
  `title` varchar(255) DEFAULT NULL,
  `sortorder` int(10) DEFAULT NULL,
  `itemtype` varchar(50) DEFAULT NULL,
  `system` int(255) DEFAULT NULL,
  PRIMARY KEY (`objid`)
) ENGINE=InnoDB DEFAULT CHARSET=utf8;
/*!40101 SET character_set_client = @saved_cs_client */;

--
-- Dumping data for table `waterworks_itemaccount`
--

LOCK TABLES `waterworks_itemaccount` WRITE;
/*!40000 ALTER TABLE `waterworks_itemaccount` DISABLE KEYS */;
INSERT INTO `waterworks_itemaccount` VALUES ('15M_HDPE_PIPE','15M HDPE PIPE',12,NULL,NULL),('EXCESS_OF_15M_PE_PIPE','EXCESS OF 15M PE PIPE',9,NULL,NULL),('GUARANTEE_DEPOSIT','GUARANTEE DEPOSIT',3,NULL,NULL),('INSPECTION_FEE','INSPECTION FEE',4,NULL,NULL),('WATERFEE_ADV','WATER FEE ADVANCE PAYMENT',100,NULL,NULL),('WATERFEE_RECONNECTION','WATER RECONNECTION FEE',1,NULL,NULL),('WATER_CHANGE_NAME','WATER CHANGE NAME',13,NULL,NULL),('WATER_FEE','WATER FEE',100,'WATER_FEE',1),('WATER_FEE_SURCHARGE','WATER SURCHARGE',300,'SURCHARGE',1),('WATER_METER','WATER METER',2,NULL,NULL),('WATER_PENALTY','WATER PENALTY',400,NULL,NULL),('WATER_TAPPING_FEE','WATER TAPPING FEE',8,NULL,NULL);
/*!40000 ALTER TABLE `waterworks_itemaccount` ENABLE KEYS */;
UNLOCK TABLES;

--
-- Table structure for table `waterworks_itemaccount_mapping`
--

DROP TABLE IF EXISTS `waterworks_itemaccount_mapping`;
/*!40101 SET @saved_cs_client     = @@character_set_client */;
/*!40101 SET character_set_client = utf8 */;
CREATE TABLE `waterworks_itemaccount_mapping` (
  `objid` varchar(50) NOT NULL,
  `parentid` varchar(255) DEFAULT NULL,
  `code` varchar(50) DEFAULT NULL,
  `title` varchar(255) DEFAULT NULL,
  `fund_objid` varchar(50) DEFAULT NULL,
  `fund_title` varchar(100) DEFAULT NULL,
  PRIMARY KEY (`objid`),
  KEY `fk_waterworks_itemaccount_mapping_parentid` (`parentid`)
) ENGINE=InnoDB DEFAULT CHARSET=utf8;
/*!40101 SET character_set_client = @saved_cs_client */;

--
-- Dumping data for table `waterworks_itemaccount_mapping`
--

LOCK TABLES `waterworks_itemaccount_mapping` WRITE;
/*!40000 ALTER TABLE `waterworks_itemaccount_mapping` DISABLE KEYS */;
INSERT INTO `waterworks_itemaccount_mapping` VALUES ('IA5b9ef97a:132f564c005:-7fe8','WATERFEE_RECONNECTION','639','WATER RECONNECTION FEE','FUND532d6893:15d05b0ec66:-618b','GENERAL PROPER'),('ITMACCT23f8bcf4:189878cd40a:-753f','15M_HDPE_PIPE','693-17','FIRST 15M HDPE PIPE','GENERAL','GENERAL PROPER'),('ITMACCT23f8bcf4:189878cd40a:-7665','WATER_TAPPING_FEE','639-14','WATER TAPPING FEE','GENERAL','GENERAL PROPER'),('ITMACCT23f8bcf4:189878cd40a:-7896','INSPECTION_FEE','639-13','INSPECTION FEE','GENERAL','GENERAL PROPER'),('ITMACCT23f8bcf4:189878cd40a:-7bde','GUARANTEE_DEPOSIT','639-12','GUARANTEE DEPOSIT','GENERAL','GENERAL PROPER'),('ITMACCT3bb3a531:1898b9f12ae:-7dc6','EXCESS_OF_15M_PE_PIPE','639-20','EXCESS OF 15M PE PIPE','GENERAL','GENERAL PROPER'),('ITMACCT51703283:189aab5e0ce:-7d8c','WATER_CHANGE_NAME','639-15','WATER CHANGE NAME','GENERAL','GENERAL PROPER'),('ITMACCT5fabf4a4:18961f59a58:-7400','WATER_FEE','639-10','WATER FEE CURRENT','FUND532d6893:15d05b0ec66:-618b','GENERAL PROPER'),('ITMACCT5fabf4a4:18961f59a58:-744e','WATER_FEE','639-09','WATER FEE PREVIOUS','GENERAL','GENERAL PROPER'),('ITMACCT67c6ebd5:18962485bbb:-7c8b','WATER_FEE_SURCHARGE','639-12','WATER PENALTY CURRENT','GENERAL','GENERAL PROPER'),('ITMACCT67c6ebd5:18962485bbb:-7cdd','WATER_FEE_SURCHARGE','639-11','WATER PENALTY PREVIOUS','GENERAL','GENERAL PROPER'),('REVITEM-1632208a:17506d00a29:-797e','WATER_METER','639-05','WATER METER','FUND532d6893:15d05b0ec66:-618b','GENERAL PROPER');
/*!40000 ALTER TABLE `waterworks_itemaccount_mapping` ENABLE KEYS */;
UNLOCK TABLES;

--
-- Table structure for table `waterworks_material`
--

DROP TABLE IF EXISTS `waterworks_material`;
/*!40101 SET @saved_cs_client     = @@character_set_client */;
/*!40101 SET character_set_client = utf8 */;
CREATE TABLE `waterworks_material` (
  `objid` varchar(50) NOT NULL,
  `code` varchar(10) DEFAULT NULL,
  `title` varchar(255) DEFAULT NULL,
  `price` decimal(16,2) DEFAULT NULL,
  `unitprice` decimal(16,2) DEFAULT NULL,
  `unit` varchar(10) DEFAULT NULL,
  `installmentprice` decimal(16,2) DEFAULT NULL,
  `unitcost` decimal(16,2) DEFAULT NULL,
  PRIMARY KEY (`objid`) USING BTREE,
  UNIQUE KEY `uix_waterworks_code` (`code`) USING BTREE
) ENGINE=InnoDB DEFAULT CHARSET=utf8;
/*!40101 SET character_set_client = @saved_cs_client */;

--
-- Dumping data for table `waterworks_material`
--

LOCK TABLES `waterworks_material` WRITE;
/*!40000 ALTER TABLE `waterworks_material` DISABLE KEYS */;
/*!40000 ALTER TABLE `waterworks_material` ENABLE KEYS */;
UNLOCK TABLES;

--
-- Table structure for table `waterworks_meter`
--

DROP TABLE IF EXISTS `waterworks_meter`;
/*!40101 SET @saved_cs_client     = @@character_set_client */;
/*!40101 SET character_set_client = utf8 */;
CREATE TABLE `waterworks_meter` (
  `objid` varchar(50) NOT NULL,
  `serialno` varchar(50) DEFAULT NULL,
  `brand` varchar(50) DEFAULT NULL,
  `sizeid` varchar(50) DEFAULT NULL,
  `capacity` int(11) DEFAULT NULL,
  `stocktype` varchar(50) DEFAULT NULL,
  `state` varchar(32) NOT NULL,
  `currentacctid` varchar(50) DEFAULT NULL,
  `ukey` varchar(50) NOT NULL DEFAULT '',
  `reading` int(255) DEFAULT NULL,
  PRIMARY KEY (`objid`),
  UNIQUE KEY `uix_serialno` (`serialno`,`ukey`),
  KEY `ix_brand` (`brand`),
  KEY `ix_sizeid` (`sizeid`),
  KEY `ix_state` (`state`),
  KEY `ix_currentacctid` (`currentacctid`),
  CONSTRAINT `fk_waterworks_meter_sizeid` FOREIGN KEY (`sizeid`) REFERENCES `waterworks_metersize` (`objid`)
) ENGINE=InnoDB DEFAULT CHARSET=utf8;
/*!40101 SET character_set_client = @saved_cs_client */;

--
-- Dumping data for table `waterworks_meter`
--

LOCK TABLES `waterworks_meter` WRITE;
/*!40000 ALTER TABLE `waterworks_meter` DISABLE KEYS */;
INSERT INTO `waterworks_meter` VALUES ('WM-21a3385:18a62b69c4e:-454e','00119','EVER','1/2',100000,'STOCK','ACTIVE','WACCT442a2c4b:18a62c2ead0:-7feb','',NULL),('WM-21a3385:18a62b69c4e:-497d','00118','EVER','1/2',100000,'STOCK','ACTIVE','WACCT442a2c4b:18a62c2ead0:-7fec','',NULL),('WM-21a3385:18a62b69c4e:-4b4b','00117','EVER','1/2',100000,'STOCK','ACTIVE','WACCT442a2c4b:18a62c2ead0:-7fed','',NULL),('WM-21a3385:18a62b69c4e:-5003','00116','EVER','1/2',100000,'STOCK','ACTIVE','WACCT442a2c4b:18a62c2ead0:-7fee','',NULL),('WM-21a3385:18a62b69c4e:-53eb','0024','EVER','1/2',100000,'STOCK','ACTIVE','WACCT442a2c4b:18a62c2ead0:-7ff0','',NULL),('WM-21a3385:18a62b69c4e:-55b9','0023','EVER','1/2',100000,'STOCK','ACTIVE','WACCT442a2c4b:18a62c2ead0:-7ff1','',NULL),('WM-21a3385:18a62b69c4e:-57e9','0022','EVER','1/2',100000,'STOCK','ACTIVE','WACCT442a2c4b:18a62c2ead0:-7ff2','',NULL),('WM-21a3385:18a62b69c4e:-5a26','0021','EVER','1/2',100000,'STOCK','ACTIVE','WACCT442a2c4b:18a62c2ead0:-7ff3','',NULL),('WM-21a3385:18a62b69c4e:-5bf7','0020','EVER','1/2',100000,'STOCK','ACTIVE','WACCT442a2c4b:18a62c2ead0:-7ff5','',NULL),('WM-21a3385:18a62b69c4e:-603d','0019','EVER','1/2',100000,'STOCK','ACTIVE','WACCT442a2c4b:18a62c2ead0:-7ff6','',NULL),('WM-21a3385:18a62b69c4e:-6338','0018','EVER','1/2',100000,'STOCK','ACTIVE','WACCT442a2c4b:18a62c2ead0:-7ff7','',NULL),('WM-21a3385:18a62b69c4e:-655e','000017','EVER','1/2',100000,'STOCK','ACTIVE','WACCT442a2c4b:18a62c2ead0:-7ff8','',NULL),('WM-21a3385:18a62b69c4e:-688f','0016','EVER','1/2',100000,'STOCK','ACTIVE','WACCT442a2c4b:18a62c2ead0:-7ff9','',NULL),('WM-21a3385:18a62b69c4e:-6a58','0015','EVER','1/2',100000,'STOCK','ACTIVE','WACCT442a2c4b:18a62c2ead0:-7ffa','',NULL),('WM-21a3385:18a62b69c4e:-6c47','0014','EVER','1/2',100000,'STOCK','ACTIVE','WACCT442a2c4b:18a62c2ead0:-7ffb','',NULL),('WM-21a3385:18a62b69c4e:-6e5d','0013','EVER','1/2',100000,'STOCK','ACTIVE','WACCT442a2c4b:18a62c2ead0:-7ffc','',NULL),('WM-21a3385:18a62b69c4e:-71e4','0012','EVER','1/2',100000,'STOCK','ACTIVE','WACCT442a2c4b:18a62c2ead0:-7ffd','',NULL),('WM-21a3385:18a62b69c4e:-760c','00729','EVER','1/2',100000,'STOCK','ACTIVE','WACCT442a2c4b:18a62c2ead0:-7ffe','',NULL),('WM-21a3385:18a62b69c4e:-77b5','0010','EVER','1/2',100000,'STOCK','ACTIVE','WACCT442a2c4b:18a62c2ead0:-7fff','',NULL),('WM-21a3385:18a62b69c4e:-7b76','000727','EVER','1/2',100000,'STOCK','ACTIVE','WACCT442a2c4b:18a62c2ead0:-8000','',NULL),('WM-2e837221:18a5debb50a:-6d28','000114','EVER','1/2',100000,'STOCK','ACTIVE','WACCT-1e93ebd:18a5e033ca5:-7fff','',NULL),('WM-2e837221:18a5debb50a:-7aec','001000','EVER','1/2',100000,'STOCK','ACTIVE','WACCT-1e93ebd:18a5e033ca5:-8000','',NULL),('WM-3282a7e8:18a07f75359:-67d3','00360','EVER','1/2',100000,'STOCK','ACTIVE','WACCT-71354bce:189f6f8c594:-7f7c','',NULL),('WM-3282a7e8:18a07f75359:-67fa','00359','EVER','1/2',100000,'STOCK','ACTIVE','WACCT-71354bce:189f6f8c594:-7f7b','',NULL),('WM-3282a7e8:18a07f75359:-6821','00358','EVER','1/2',100000,'STOCK','ACTIVE','WACCT-71354bce:189f6f8c594:-7f7e','',NULL),('WM-3282a7e8:18a07f75359:-6848','00357','EVER','1/2',100000,'STOCK','ACTIVE','WACCT-71354bce:189f6f8c594:-7f81','',NULL),('WM-3282a7e8:18a07f75359:-686f','00356','EVER','1/2',100000,'STOCK','ACTIVE','WACCT-71354bce:189f6f8c594:-7f92','',NULL),('WM-3282a7e8:18a07f75359:-6896','00355','EVER','1/2',100000,'STOCK','ACTIVE','WACCT-71354bce:189f6f8c594:-7f84','',NULL),('WM-3282a7e8:18a07f75359:-68bd','00354','EVER','1/2',100000,'STOCK','ACTIVE','WACCT-71354bce:189f6f8c594:-7fd0','',NULL),('WM-3282a7e8:18a07f75359:-68e4','00353','EVER','1/2',100000,'STOCK','ACTIVE','WACCT-71354bce:189f6f8c594:-7f85','',NULL),('WM-3282a7e8:18a07f75359:-690b','00352','EVER','1/2',100000,'STOCK','ACTIVE','WACCT-71354bce:189f6f8c594:-7f88','',NULL),('WM-3282a7e8:18a07f75359:-6932','00351','EVER','1/2',100000,'STOCK','ACTIVE','WACCT-71354bce:189f6f8c594:-7f89','',NULL),('WM-3282a7e8:18a07f75359:-696c','00350','EVER','1/2',100000,'STOCK','ACTIVE','WACCT-71354bce:189f6f8c594:-7f8f','',NULL),('WM-3282a7e8:18a07f75359:-6993','00349','EVER','1/2',100000,'STOCK','ACTIVE','WACCT-71354bce:189f6f8c594:-7f90','',NULL),('WM-3282a7e8:18a07f75359:-69ba','00348','EVER','1/2',100000,'STOCK','ACTIVE','WACCT-71354bce:189f6f8c594:-7f91','',NULL),('WM-3282a7e8:18a07f75359:-69e1','00347','EVER','1/2',100000,'STOCK','ACTIVE','WACCT-71354bce:189f6f8c594:-7f96','',NULL),('WM-3282a7e8:18a07f75359:-6a08','00346','EVER','1/2',100000,'STOCK','ACTIVE','WACCT-71354bce:189f6f8c594:-7f97','',NULL),('WM-3282a7e8:18a07f75359:-6a2f','00345','EVER','1/2',100000,'STOCK','ACTIVE','WACCT-71354bce:189f6f8c594:-7f98','',NULL),('WM-3282a7e8:18a07f75359:-6a56','00344','EVER','1/2',100000,'STOCK','ACTIVE','WACCT-71354bce:189f6f8c594:-7f9a','',NULL),('WM-3282a7e8:18a07f75359:-6a7d','00343','EVER','1/2',100000,'STOCK','ACTIVE','WACCT-71354bce:189f6f8c594:-7f9b','',NULL),('WM-3282a7e8:18a07f75359:-6aa4','00342','EVER','1/2',100000,'STOCK','ACTIVE','WACCT-71354bce:189f6f8c594:-7fa0','',NULL),('WM-3282a7e8:18a07f75359:-6acb','00341','EVER','1/2',100000,'STOCK','ACTIVE','WACCT-71354bce:189f6f8c594:-7fa1','',NULL),('WM-3282a7e8:18a07f75359:-6af2','00340','EVER','1/2',100000,'STOCK','ACTIVE','WACCT-71354bce:189f6f8c594:-7fa2','',NULL),('WM-3282a7e8:18a07f75359:-6b19','00339','EVERW','1/2',100000,'STOCK','ACTIVE','WACCT-71354bce:189f6f8c594:-7f8a','',NULL),('WM-3282a7e8:18a07f75359:-6b68','00338','EVER','1/2',100000,'STOCK','ACTIVE','WACCT-71354bce:189f6f8c594:-7f8c','',NULL),('WM-3282a7e8:18a07f75359:-6bbf','00337','EVER','1/2',100000,'STOCK','ACTIVE','WACCT-71354bce:189f6f8c594:-7f8b','',NULL),('WM-3282a7e8:18a07f75359:-6bfe','00336','EVER','1/2',100000,'STOCK','ACTIVE','WACCT-71354bce:189f6f8c594:-7f8e','',NULL),('WM-3282a7e8:18a07f75359:-6c78','00335','EVER','1/2',100000,'STOCK','ACTIVE','WACCT-71354bce:189f6f8c594:-7fb0','',NULL),('WM-3282a7e8:18a07f75359:-6c9f','00333','EVER','1/2',100000,'STOCK','ACTIVE','WACCT-71354bce:189f6f8c594:-7faa','',NULL),('WM-3282a7e8:18a07f75359:-6cc8','00332','EVER','1/2',100000,'STOCK','ACTIVE','WACCT-71354bce:189f6f8c594:-7fac','',NULL),('WM-3282a7e8:18a07f75359:-6e12','00331','EVER','1/2',100000,'STOCK','ACTIVE','WACCT-71354bce:189f6f8c594:-7fad','',NULL),('WM-3282a7e8:18a07f75359:-6e39','00330','EVER','1/2',100000,'STOCK','ACTIVE','WACCT-71354bce:189f6f8c594:-7fa8','',NULL),('WM-3282a7e8:18a07f75359:-6e64','00329','EVER','1/2',100000,'STOCK','ACTIVE','WACCT-71354bce:189f6f8c594:-7fab','',NULL),('WM-3282a7e8:18a07f75359:-6f83','00328','EVER','1/2',100000,'STOCK','ACTIVE','WACCT-71354bce:189f6f8c594:-7fa5','',NULL),('WM-3282a7e8:18a07f75359:-6faa','00327','EVER','1/2',100000,'STOCK','ACTIVE','WACCT-71354bce:189f6f8c594:-7fa4','',NULL),('WM-3282a7e8:18a07f75359:-6fd1','00326','EVER','1/2',100000,'STOCK','ACTIVE','WACCT-71354bce:189f6f8c594:-7fa3','',NULL),('WM-3282a7e8:18a07f75359:-6ff8','00325','EVER','1/2',100000,'STOCK','ACTIVE','WACCT-71354bce:189f6f8c594:-7fbc','',NULL),('WM-3282a7e8:18a07f75359:-701f','00324','EVER','1/2',100000,'STOCK','ACTIVE','WACCT-71354bce:189f6f8c594:-7fbd','',NULL),('WM-3282a7e8:18a07f75359:-7046','00323','EVER','1/2',100000,'STOCK','ACTIVE','WACCT-71354bce:189f6f8c594:-7fbe','',NULL),('WM-3282a7e8:18a07f75359:-706d','00322','EVER','1/2',100000,'STOCK','ACTIVE','WACCT-71354bce:189f6f8c594:-7fbf','',NULL),('WM-3282a7e8:18a07f75359:-7094','00321','EVER','1/2',100000,'STOCK','ACTIVE','WACCT-71354bce:189f6f8c594:-7fc0','',NULL),('WM-3282a7e8:18a07f75359:-70bb','00320','EVER','1/2',100000,'STOCK','ACTIVE','WACCT-71354bce:189f6f8c594:-7fbb','',NULL),('WM-3282a7e8:18a07f75359:-70e2','00319','EVER','1/2',100000,'STOCK','ACTIVE','WACCT-71354bce:189f6f8c594:-7fba','',NULL),('WM-3282a7e8:18a07f75359:-7109','00318','EVER','1/2',100000,'STOCK','ACTIVE','WACCT-71354bce:189f6f8c594:-7fc8','',NULL),('WM-3282a7e8:18a07f75359:-7130','00317','EVER','1/2',100000,'STOCK','ACTIVE','WACCT-71354bce:189f6f8c594:-7fc4','',NULL),('WM-3282a7e8:18a07f75359:-7159','00316','EVER','1/2',100000,'STOCK','ACTIVE','WACCT-71354bce:189f6f8c594:-7fc9','',NULL),('WM-3282a7e8:18a07f75359:-72f0','00315','EVER','1/2',100000,'STOCK','ACTIVE','WACCT-71354bce:189f6f8c594:-7fc6','',NULL),('WM-3282a7e8:18a07f75359:-7317','00314','EVER','1/2',100000,'STOCK','ACTIVE','WACCT-71354bce:189f6f8c594:-7fc2','',NULL),('WM-3282a7e8:18a07f75359:-7341','00313','EVER','1/2',100000,'STOCK','ACTIVE','WACCT-71354bce:189f6f8c594:-7fc1','',NULL),('WM-3282a7e8:18a07f75359:-7443','00312','EVER','1/2',100000,'STOCK','ACTIVE','WACCT-71354bce:189f6f8c594:-7fca','',NULL),('WM-3282a7e8:18a07f75359:-746d','00311','EVER','1/2',100000,'STOCK','ACTIVE','WACCT-71354bce:189f6f8c594:-7fd6','',NULL),('WM-3282a7e8:18a07f75359:-74d7','00310','EVER','1/2',100000,'STOCK','ACTIVE','WACCT-71354bce:189f6f8c594:-7fd5','',NULL),('WM-3282a7e8:18a07f75359:-7510','00309','EVER','1/2',100000,'STOCK','ACTIVE','WACCT-71354bce:189f6f8c594:-7fd4','',NULL),('WM-3282a7e8:18a07f75359:-7539','00308','EVER','1/2',100000,'STOCK','ACTIVE','WACCT-71354bce:189f6f8c594:-7fd1','',NULL),('WM-3282a7e8:18a07f75359:-757c','00307','EVER','1/2',100000,'STOCK','ACTIVE','WACCT-71354bce:189f6f8c594:-7fcf','',NULL),('WM-3282a7e8:18a07f75359:-7696','00306','EVER','1/2',100000,'STOCK','ACTIVE','WACCT-71354bce:189f6f8c594:-7fce','',NULL),('WM-3282a7e8:18a07f75359:-76d0','00305','EVER','1/2',100000,'STOCK','ACTIVE','WACCT-71354bce:189f6f8c594:-7fd7','',NULL),('WM-3282a7e8:18a07f75359:-76f7','00304','EVER','1/2',100000,'STOCK','ACTIVE','WACCT-71354bce:189f6f8c594:-7fda','',NULL),('WM-3282a7e8:18a07f75359:-771e','00303','EVER','1/2',100000,'STOCK','ACTIVE','WACCT-71354bce:189f6f8c594:-7fdb','',NULL),('WM-3282a7e8:18a07f75359:-7745','00302','EVER','1/2',100000,'STOCK','ACTIVE','WACCT-71354bce:189f6f8c594:-7fe1','',NULL),('WM-3282a7e8:18a07f75359:-776c','00301','EVER','1/2',100000,'STOCK','ACTIVE','WACCT-71354bce:189f6f8c594:-7fe0','',NULL),('WM-3282a7e8:18a07f75359:-7793','00300','EVER','1/2',100000,'STOCK','ACTIVE','WACCT-71354bce:189f6f8c594:-7fe5','',NULL),('WM-3282a7e8:18a07f75359:-77ba','00299','EVER','1/2',100000,'STOCK','ACTIVE','WACCT-71354bce:189f6f8c594:-7fe4','',NULL),('WM-3282a7e8:18a07f75359:-77e1','00298','EVER','1/2',100000,'STOCK','ACTIVE','WACCT-71354bce:189f6f8c594:-7fe3','',NULL),('WM-3282a7e8:18a07f75359:-7808','00297','EVER','1/2',100000,'STOCK','ACTIVE','WACCT-71354bce:189f6f8c594:-7fb6','',NULL),('WM-3282a7e8:18a07f75359:-782f','00296','EVER','1/2',100000,'STOCK','ACTIVE','WACCT-71354bce:189f6f8c594:-7fb7','',NULL),('WM-3282a7e8:18a07f75359:-7856','00295','EVER','1/2',100000,'STOCK','ACTIVE','WACCT-71354bce:189f6f8c594:-7fb5','',NULL),('WM-3282a7e8:18a07f75359:-787d','00294','EVER','1/2',100000,'STOCK','ACTIVE','WACCT-71354bce:189f6f8c594:-7fb4','',NULL),('WM-3282a7e8:18a07f75359:-78a4','00293','EVER','1/2',100000,'STOCK','ACTIVE','WACCT-71354bce:189f6f8c594:-7fb2','',NULL),('WM-3282a7e8:18a07f75359:-78cb','00292','EVER','1/2',100000,'STOCK','ACTIVE','WACCT-71354bce:189f6f8c594:-7ff5','',NULL),('WM-3282a7e8:18a07f75359:-78f2','00291','EVER','1/2',100000,'STOCK','ACTIVE','WACCT-71354bce:189f6f8c594:-7fea','',NULL),('WM-3282a7e8:18a07f75359:-7919','00290','EVER','1/2',100000,'STOCK','ACTIVE','WACCT-71354bce:189f6f8c594:-7feb','',NULL),('WM-3282a7e8:18a07f75359:-7940','00289','EVER','1/2',100000,'STOCK','ACTIVE','WACCT-71354bce:189f6f8c594:-7fee','',NULL),('WM-3282a7e8:18a07f75359:-7967','00288','EVER','1/2',100000,'STOCK','ACTIVE','WACCT-71354bce:189f6f8c594:-7fed','',NULL),('WM-3282a7e8:18a07f75359:-798e','00287','EVER','1/2',100000,'STOCK','ACTIVE','WACCT-5d78541:189dd34aeb5:-7fc0','',NULL),('WM-3282a7e8:18a07f75359:-79b5','00286','EVER','1/2',100000,'STOCK','ACTIVE','WACCT-71354bce:189f6f8c594:-7ff1','',NULL),('WM-3282a7e8:18a07f75359:-79dc','00285','EVER','1/2',100000,'STOCK','ACTIVE','WACCT-71354bce:189f6f8c594:-7ff0','',NULL),('WM-3282a7e8:18a07f75359:-7a03','00284','EVER','1/2',100000,'STOCK','ACTIVE','WACCT-71354bce:189f6f8c594:-7ff2','',NULL),('WM-3282a7e8:18a07f75359:-7a2a','00283','EVER','1/2',100000,'STOCK','ACTIVE','WACCT-71354bce:189f6f8c594:-7ff3','',NULL),('WM-3282a7e8:18a07f75359:-7a51','00282','EVER','1/2',100000,'STOCK','ACTIVE','WACCT-71354bce:189f6f8c594:-7fae','',NULL),('WM-3282a7e8:18a07f75359:-7a78','00281','EVER','1/2',100000,'STOCK','ACTIVE','WACCT-5d78541:189dd34aeb5:-7fe4','',NULL),('WM-3282a7e8:18a07f75359:-7a9f','00280','EVER','1/2',100000,'STOCK','ACTIVE','WACCT-71354bce:189f6f8c594:-7ff6','',NULL),('WM-3282a7e8:18a07f75359:-7ac6','00279','EVER','1/2',100000,'STOCK','ACTIVE','WACCT-71354bce:189f6f8c594:-7ffa','',NULL),('WM-3282a7e8:18a07f75359:-7aed','00278','EVER','1/2',100000,'STOCK','ACTIVE','WACCT-71354bce:189f6f8c594:-7ffb','',NULL),('WM-3282a7e8:18a07f75359:-7b14','00277','EVER','1/2',100000,'STOCK','ACTIVE','WACCT-71354bce:189f6f8c594:-7ffe','',NULL),('WM-3282a7e8:18a07f75359:-7b3b','00276','EVER','1/2',100000,'STOCK','ACTIVE','WACCT-71354bce:189f6f8c594:-7ffd','',NULL),('WM-3282a7e8:18a07f75359:-7b62','00275','EVER','1/2',100000,'STOCK','ACTIVE','WACCT-71354bce:189f6f8c594:-7fff','',NULL),('WM-3282a7e8:18a07f75359:-7b89','00274','EVER','1/2',100000,'STOCK','ACTIVE','WACCT-71354bce:189f6f8c594:-8000','',NULL),('WM-3282a7e8:18a07f75359:-7bb0','00273','EVER','1/2',100000,'STOCK','ACTIVE','WACCT-5d78541:189dd34aeb5:-7fb8','',NULL),('WM-3282a7e8:18a07f75359:-7bd7','00272','EVER','1/2',100000,'STOCK','ACTIVE','WACCT-5d78541:189dd34aeb5:-7fbd','',NULL),('WM-3282a7e8:18a07f75359:-7bfe','00271','EVER','1/2',100000,'STOCK','ACTIVE','WACCT-5d78541:189dd34aeb5:-7fbe','',NULL),('WM-3282a7e8:18a07f75359:-7c25','00270','EVER','1/2',100000,'STOCK','ACTIVE','WACCT-5d78541:189dd34aeb5:-7fbf','',NULL),('WM-3282a7e8:18a07f75359:-7c4c','00269','EVER','1/2',100000,'STOCK','ACTIVE','WACCT-5d78541:189dd34aeb5:-7fc2','',NULL),('WM-3282a7e8:18a07f75359:-7c73','00268','EVER','1/2',100000,'STOCK','ACTIVE','WACCT-5d78541:189dd34aeb5:-7fc1','',NULL),('WM-3282a7e8:18a07f75359:-7c9a','00267','EVER','1/2',100000,'STOCK','ACTIVE','WACCT-5d78541:189dd34aeb5:-7fc7','',NULL),('WM-3282a7e8:18a07f75359:-7cc1','00266','EVER','1/2',100000,'STOCK','ACTIVE','WACCT-5d78541:189dd34aeb5:-7fe6','',NULL),('WM-3282a7e8:18a07f75359:-7ce8','00264','EVER','1/2',100000,'STOCK','ACTIVE','WACCT-71354bce:189f6f8c594:-7fa7','',NULL),('WM-3282a7e8:18a07f75359:-7d0f','00263','EVER','1/2',100000,'STOCK','ACTIVE','WACCT5ce2599f:189be8fb9f1:-7ff8','',NULL),('WM-3282a7e8:18a07f75359:-7d36','00262','EVER','1/2',100000,'STOCK','ACTIVE','WACCT-5d78541:189dd34aeb5:-7fdb','',NULL),('WM-3282a7e8:18a07f75359:-7d5d','00261','EVER','1/2',100000,'STOCK','ACTIVE','WACCT-5d78541:189dd34aeb5:-7fd8','',NULL),('WM-3282a7e8:18a07f75359:-7d84','00260','EVER','1/2',100000,'STOCK','ACTIVE','WACCT-71354bce:189f6f8c594:-7fe9','',NULL),('WM-3282a7e8:18a07f75359:-7dab','00259','EVER','1/2',100000,'STOCK','ACTIVE','WACCT-5d78541:189dd34aeb5:-7fda','',NULL),('WM-3282a7e8:18a07f75359:-7dd2','00258','EVER','1/2',100000,'STOCK','ACTIVE','WACCT5ce2599f:189be8fb9f1:-7ffa','',NULL),('WM-3282a7e8:18a07f75359:-7df9','00257','EVER','1/2',100000,'STOCK','ACTIVE','WACCT-5d78541:189dd34aeb5:-7fdc','',NULL),('WM-3282a7e8:18a07f75359:-7e20','00256','EVER','1/2',100000,'STOCK','ACTIVE','WACCT-5d78541:189dd34aeb5:-7fdd','',NULL),('WM-3282a7e8:18a07f75359:-7e47','00255','EVER','1/2',100000,'STOCK','ACTIVE','WACCT-5d78541:189dd34aeb5:-7fde','',NULL),('WM-3282a7e8:18a07f75359:-7e6e','00254','EVER','1/2',100000,'STOCK','ACTIVE','WACCT-5d78541:189dd34aeb5:-7fdf','',NULL),('WM-3282a7e8:18a07f75359:-7e95','00253','EVER','1/2',100000,'STOCK','ACTIVE','WACCT-5d78541:189dd34aeb5:-7fd2','',NULL),('WM-3282a7e8:18a07f75359:-7ebc','00252','EVER','1/2',100000,'STOCK','ACTIVE','WACCT-5d78541:189dd34aeb5:-7fd3','',NULL),('WM-3282a7e8:18a07f75359:-7ee3','00251','EVER','1/2',100000,'STOCK','ACTIVE','WACCT-5d78541:189dd34aeb5:-7fd4','',NULL),('WM-3282a7e8:18a07f75359:-7f57','00250','EVER','1/2',100000,'STOCK','ACTIVE','WACCT-5d78541:189dd34aeb5:-7fd5','',NULL),('WM-3282a7e8:18a1b099589:-1024','00389','EVER','1/2',100000,'STOCK','ACTIVE','WACCT54907434:18a0149c0b7:-7fd8','',NULL),('WM-3282a7e8:18a1b099589:-11f3','00388','EVER','1/2',100000,'STOCK','ACTIVE','WACCT3820fb32:189d2d45c3b:-7fd9','',NULL),('WM-3282a7e8:18a1b099589:-1365','00387','EVER','1/2',100000,'STOCK','ACTIVE','WACCT3820fb32:189d2d45c3b:-7fd6','',NULL),('WM-3282a7e8:18a1b099589:-14f0','00386','EVER','1/2',100000,'STOCK','ACTIVE','WACCT3820fb32:189d2d45c3b:-7fd8','',NULL),('WM-3282a7e8:18a1b099589:-154','00399','EVER','1/2',100000,'STOCK','ACTIVE','WACCT54907434:18a0149c0b7:-7fdc','',NULL),('WM-3282a7e8:18a1b099589:-166b','00385','EVER','1/2',100000,'STOCK','ACTIVE','WACCT3820fb32:189d2d45c3b:-7fcf','',NULL),('WM-3282a7e8:18a1b099589:-187f','00384','EVER','1/2',100000,'STOCK','ACTIVE','WACCT3820fb32:189d2d45c3b:-7fce','',NULL),('WM-3282a7e8:18a1b099589:-1a63','00383','EVER','1/2',100000,'STOCK','ACTIVE','WACCT-5d78541:189dd34aeb5:-7ff4','',NULL),('WM-3282a7e8:18a1b099589:-1c14','00381','EVER','1/2',100000,'STOCK','ACTIVE','WACCT-5d78541:189dd34aeb5:-7ff3','',NULL),('WM-3282a7e8:18a1b099589:-1ddb','00380','EVER','1/2',100000,'STOCK','ACTIVE','WACCT-5d78541:189dd34aeb5:-7ff0','',NULL),('WM-3282a7e8:18a1b099589:-1fb9','00379','EVER','1/2',100000,'STOCK','ACTIVE','WACCT-5d78541:189dd34aeb5:-7fee','',NULL),('WM-3282a7e8:18a1b099589:-2291','00378','EVER','1/2',100000,'STOCK','ACTIVE','WACCT-5d78541:189dd34aeb5:-7fed','',NULL),('WM-3282a7e8:18a1b099589:-2433','00376','EVER','1/2',100000,'STOCK','ACTIVE','WACCT-5d78541:189dd34aeb5:-7ffe','',NULL),('WM-3282a7e8:18a1b099589:-25d3','00375','EVER','1/2',100000,'STOCK','ACTIVE','WACCT-5d78541:189dd34aeb5:-7ffd','',NULL),('WM-3282a7e8:18a1b099589:-284d','00374','EVER','1/2',100000,'STOCK','ACTIVE','WACCT-5d78541:189dd34aeb5:-8000','',NULL),('WM-3282a7e8:18a1b099589:-2a19','00373','EVER','1/2',100000,'STOCK','ACTIVE','WACCT3820fb32:189d2d45c3b:-7fc7','',NULL),('WM-3282a7e8:18a1b099589:-2c1d','00372','EVERF','1/2',100000,'STOCK','ACTIVE','WACCT-5d78541:189dd34aeb5:-7ffc','',NULL),('WM-3282a7e8:18a1b099589:-2d6','00398','EVER','1/2',100000,'STOCK','ACTIVE','WACCT-71354bce:189f6f8c594:-7f0d','',NULL),('WM-3282a7e8:18a1b099589:-2e4f','00371','EVER','1/2',100000,'STOCK','ACTIVE','WACCT3820fb32:189d2d45c3b:-7ffb','',NULL),('WM-3282a7e8:18a1b099589:-32f3','00370','EVER','1/2',100000,'STOCK','ACTIVE','WACCT3820fb32:189d2d45c3b:-7fc9','',NULL),('WM-3282a7e8:18a1b099589:-35c6','00369','EVER','1/2',100000,'STOCK','ACTIVE','WACCT-71354bce:189f6f8c594:-7f14','',NULL),('WM-3282a7e8:18a1b099589:-3773','00368','EVER','1/2',100000,'STOCK','ACTIVE','WACCT4d8c0d7e:189b925a776:-7fba','',NULL),('WM-3282a7e8:18a1b099589:-398e','00367','EVER','1/2',100000,'STOCK','ACTIVE','WACCT-71354bce:189f6f8c594:-7f72','',NULL),('WM-3282a7e8:18a1b099589:-3bea','00366','EVER','1/2',100000,'STOCK','ACTIVE','WACCT-71354bce:189f6f8c594:-7f75','',NULL),('WM-3282a7e8:18a1b099589:-3d7a','00364','EVER','1/2',100000,'STOCK','ACTIVE','WACCT-71354bce:189f6f8c594:-7f76','',NULL),('WM-3282a7e8:18a1b099589:-4037','00363','EVER','1/2',100000,'STOCK','ACTIVE','WACCT-71354bce:189f6f8c594:-7f77','',NULL),('WM-3282a7e8:18a1b099589:-41c0','00362','EVER','1/2',100000,'STOCK','ACTIVE','WACCT-71354bce:189f6f8c594:-7f94','',NULL),('WM-3282a7e8:18a1b099589:-4405','00361','EVER','1/2',100000,'STOCK','ACTIVE','WACCT-71354bce:189f6f8c594:-7f7a','',NULL),('WM-3282a7e8:18a1b099589:-448','00396','EVER','1/2',100000,'STOCK','ACTIVE','WACCT54907434:18a0149c0b7:-7fd9','',NULL),('WM-3282a7e8:18a1b099589:-75c','00395','EVER','1/2',100000,'STOCK','ACTIVE','WACCT54907434:18a0149c0b7:-7fd7','',NULL),('WM-3282a7e8:18a1b099589:-8c7','00394','EVER','1/2',100000,'STOCK','ACTIVE','WACCT54907434:18a0149c0b7:-7fd6','',NULL),('WM-3282a7e8:18a1b099589:-a65','00393','EVER','1/2',100000,'STOCK','ACTIVE','WACCT-71354bce:189f6f8c594:-7f12','',NULL),('WM-3282a7e8:18a1b099589:-cdc','00391','EVER','1/2',100000,'STOCK','ACTIVE','WACCT54907434:18a0149c0b7:-7fd4','',NULL),('WM-3282a7e8:18a1b099589:-ead','00390','EVER','1/2',100000,'STOCK','ACTIVE','WACCT54907434:18a0149c0b7:-7fd3','',NULL),('WM-3282a7e8:18a1b099589:13d0','00409','EVER','1/2',100000,'STOCK','ACTIVE','WACCT54907434:18a0149c0b7:-7fe2','',NULL),('WM-3282a7e8:18a1b099589:279','00401','EVER','1/2',100000,'STOCK','ACTIVE','WACCT54907434:18a0149c0b7:-7fdb','',NULL),('WM-3282a7e8:18a1b099589:53e','00404','EVER','1/2',100000,'STOCK','ACTIVE','WACCT54907434:18a0149c0b7:-7fdd','',NULL),('WM-3282a7e8:18a1b099589:6a2','00405','EVER','1/2',100000,'STOCK','ACTIVE','WACCT54907434:18a0149c0b7:-7fe0','',NULL),('WM-3282a7e8:18a1b099589:824','00406','EVER','1/2',100000,'STOCK','ACTIVE','WACCT54907434:18a0149c0b7:-7fe5','',NULL),('WM-3282a7e8:18a1b099589:9a6','00407','EVER','1/2',100000,'STOCK','ACTIVE','WACCT54907434:18a0149c0b7:-7fe6','',NULL),('WM-3282a7e8:18a1b099589:9f','00400','EVER','1/2',100000,'STOCK','ACTIVE','WACCT54907434:18a0149c0b7:-7fda','',NULL),('WM-3282a7e8:18a1b099589:b74','00408','EVER','1/2',100000,'STOCK','ACTIVE','WACCT54907434:18a0149c0b7:-7fe7','',NULL),('WM-3c31de1f:18a6d15a604:-7714','0033','EVER','1/2',100000,'STOCK','ACTIVE','WACCT-7440d19c:18a697a40ba:-7ff9','',NULL),('WM-3c31de1f:18a6d15a604:-798c','0032','EVER','1/2',100000,'STOCK','ACTIVE','WACCT-7440d19c:18a697a40ba:-7ffa','',NULL),('WM-3c31de1f:18a6d15a604:-7b64','0031','EVER','1/2',100000,'STOCK','ACTIVE','WACCT-7440d19c:18a697a40ba:-7ffb','',NULL),('WM-40c963f2:189aec343e9:-6d7b','00040','EVER','1/2',100000,'STOCK','ACTIVE','WACCT4d8c0d7e:189b925a776:-7fe4','',NULL),('WM-40c963f2:189aec343e9:-6db7','00039','EVER','1/2',100000,'STOCK','ACTIVE','WACCT-71354bce:189f6f8c594:-7f27','',NULL),('WM-40c963f2:189aec343e9:-6df3','00038','EVER','1/2',100000,'STOCK','ACTIVE','WACCT-71354bce:189f6f8c594:-7f29','',NULL),('WM-40c963f2:189aec343e9:-6e32','00037','EVER','1/2',100000,'STOCK','ACTIVE','WACCT-71354bce:189f6f8c594:-7f2a','',NULL),('WM-40c963f2:189aec343e9:-6e8c','00036','EVER','1/2',100000,'STOCK','ACTIVE','WACCT-71354bce:189f6f8c594:-7f2b','',NULL),('WM-40c963f2:189aec343e9:-6ed4','00035','EVER','1/2',100000,'STOCK','ACTIVE','WACCT-71354bce:189f6f8c594:-7f2c','',NULL),('WM-40c963f2:189aec343e9:-6f0d','00034','EVER','1/2',100000,'STOCK','ACTIVE','WACCT-71354bce:189f6f8c594:-7f1f','',NULL),('WM-40c963f2:189aec343e9:-6f46','00033','EVER','1/2',100000,'STOCK','ACTIVE','WACCT-71354bce:189f6f8c594:-7f1e','',NULL),('WM-40c963f2:189aec343e9:-6f7f','00032','EVER','1/2',100000,'STOCK','ACTIVE','WACCT-71354bce:189f6f8c594:-7f1b','',NULL),('WM-40c963f2:189aec343e9:-6fbb','00031','EVER','1/2',100000,'STOCK','ACTIVE','WACCT-71354bce:189f6f8c594:-7f1d','',NULL),('WM-40c963f2:189aec343e9:-7019','00030','EVER','1/2',100000,'STOCK','ACTIVE','WACCT-71354bce:189f6f8c594:-7f1c','',NULL),('WM-40c963f2:189aec343e9:-7064','00029','EVER','1/2',100000,'STOCK','ACTIVE','WACCT-71354bce:189f6f8c594:-7f1a','',NULL),('WM-40c963f2:189aec343e9:-70a3','00028','EVER','1/2',100000,'STOCK','ACTIVE','WACCT-71354bce:189f6f8c594:-7f19','',NULL),('WM-40c963f2:189aec343e9:-7104','00027','EVER','1/2',100000,'STOCK','ACTIVE','WACCT-71354bce:189f6f8c594:-7f18','',NULL),('WM-40c963f2:189aec343e9:-714e','00026','EVER','1/2',100000,'STOCK','ACTIVE','WACCT-71354bce:189f6f8c594:-7f2e','',NULL),('WM-40c963f2:189aec343e9:-7187','00025','EVER','1/2',100000,'STOCK','ACTIVE','WACCT-71354bce:189f6f8c594:-7f2f','',NULL),('WM-40c963f2:189aec343e9:-71c6','00024','EVER','1/2',100000,'STOCK','ACTIVE','WACCT-71354bce:189f6f8c594:-7f30','',NULL),('WM-40c963f2:189aec343e9:-722f','00023','EVER','1/2',100000,'STOCK','ACTIVE','WACCT-71354bce:189f6f8c594:-7f32','',NULL),('WM-40c963f2:189aec343e9:-7292','00022','EVER','1/2',100000,'STOCK','ACTIVE','WACCT-71354bce:189f6f8c594:-7f17','',NULL),('WM-40c963f2:189aec343e9:-72da','00021','EVER','1/2',100000,'STOCK','ACTIVE','WACCT-71354bce:189f6f8c594:-7f16','',NULL),('WM-40c963f2:189aec343e9:-731c','00020','EVER','1/2',100000,'STOCK','ACTIVE','WACCT-71354bce:189f6f8c594:-7f15','',NULL),('WM-40c963f2:189aec343e9:-7358','00019','EVER','1/2',100000,'STOCK','ACTIVE','WACCT-71354bce:189f6f8c594:-7f13','',NULL),('WM-40c963f2:189aec343e9:-73ad','00018','EVER','1/2',100000,'STOCK','ACTIVE','WACCT-71354bce:189f6f8c594:-7f33','',NULL),('WM-40c963f2:189aec343e9:-73f7','00017','EVER','1/2',100000,'STOCK','ACTIVE','WACCT-71354bce:189f6f8c594:-7f34','',NULL),('WM-40c963f2:189aec343e9:-7456','00016','EVER','1/2',100000,'STOCK','ACTIVE','WACCT-71354bce:189f6f8c594:-7f35','',NULL),('WM-40c963f2:189aec343e9:-7492','00015','EVER','1/2',100000,'STOCK','ACTIVE','WACCT-71354bce:189f6f8c594:-7f37','',NULL),('WM-40c963f2:189aec343e9:-74eb','00014','EVER','1/2',100000,'STOCK','ACTIVE','WACCT-71354bce:189f6f8c594:-7f39','',NULL),('WM-40c963f2:189aec343e9:-7539','00013','EVER','1/2',100000,'STOCK','ACTIVE','WACCT-71354bce:189f6f8c594:-7f3a','',NULL),('WM-40c963f2:189aec343e9:-758b','00012','EVER','1/2',100000,'STOCK','ACTIVE','WACCT-71354bce:189f6f8c594:-7f3b','',NULL),('WM-40c963f2:189aec343e9:-75d3','00011','EVER','1/2',100000,'STOCK','ACTIVE','WACCT-71354bce:189f6f8c594:-7f3c','',NULL),('WM-40c963f2:189aec343e9:-760f','00010','EVER','1/2',100000,'STOCK','ACTIVE','WACCT-71354bce:189f6f8c594:-7f3d','',NULL),('WM-40c963f2:189aec343e9:-765e','00009','EVER','1/2',100000,'STOCK','ACTIVE','WACCT-71354bce:189f6f8c594:-7f63','',NULL),('WM-40c963f2:189aec343e9:-76cf','00008','EVER','1/2',100000,'STOCK','ACTIVE','WACCT-71354bce:189f6f8c594:-7f10','',NULL),('WM-40c963f2:189aec343e9:-7708','00007','EVER','1/2',100000,'STOCK','ACTIVE','WACCT-71354bce:189f6f8c594:-7f0f','',NULL),('WM-40c963f2:189aec343e9:-774b','00006','EVER','1/2',100000,'STOCK','ACTIVE','WACCT-71354bce:189f6f8c594:-7f0c','',NULL),('WM-40c963f2:189aec343e9:-779c','00005','EVER','1/2',100000,'STOCK','ACTIVE','WACCT-71354bce:189f6f8c594:-7f0a','',NULL),('WM-40c963f2:189aec343e9:-77ed','00004','EVER','1/2',100000,'STOCK','ACTIVE','WACCT-71354bce:189f6f8c594:-7f09','',NULL),('WM-42c3523d:18a25af43fa:-603e','999','EVER','1/2',100000,'STOCK','ACTIVE','WACCT2f1ef104:18a24e77b88:-7fe3','',NULL),('WM-42c3523d:18a25af43fa:-7c88','00123','EVER','1/2',100000,'STOCK','ACTIVE','WACCT4d8c0d7e:189b925a776:-7fb7','',NULL),('WM-51b8816b:189b8eff231:-6611','00243','EVER','1/2',100000,'STOCK','ACTIVE','WACCT-71354bce:189f6f8c594:-7f08','',NULL),('WM-51b8816b:189b8eff231:-6638','00242','EVER','1/2',100000,'STOCK','ACTIVE','WACCT-71354bce:189f6f8c594:-7f3e','',NULL),('WM-51b8816b:189b8eff231:-6662','00241','EVER','1/2',100000,'STOCK','ACTIVE','WACCT-71354bce:189f6f8c594:-7f3f','',NULL),('WM-51b8816b:189b8eff231:-668d','00240','EVER','1/2',100000,'STOCK','ACTIVE','WACCT-71354bce:189f6f8c594:-7f42','',NULL),('WM-51b8816b:189b8eff231:-66f5','00239','EVER','1/2',100000,'STOCK','ACTIVE','WACCT-71354bce:189f6f8c594:-7f41','',NULL),('WM-51b8816b:189b8eff231:-675c','00238','EVER','1/2',100000,'STOCK','ACTIVE','WACCT-71354bce:189f6f8c594:-7f43','',NULL),('WM-51b8816b:189b8eff231:-6790','00237','EVER','1/2',100000,'STOCK','ACTIVE','WACCT-71354bce:189f6f8c594:-7f44','',NULL),('WM-51b8816b:189b8eff231:-6825','00236','EVER','1/2',100000,'STOCK','ACTIVE','WACCT-71354bce:189f6f8c594:-7f46','',NULL),('WM-51b8816b:189b8eff231:-6855','00235','EVER','1/2',100000,'STOCK','ACTIVE','WACCT-71354bce:189f6f8c594:-7f45','',NULL),('WM-51b8816b:189b8eff231:-68c1','00234','EVER','1/2',100000,'STOCK','ACTIVE','WACCT-71354bce:189f6f8c594:-7f47','',NULL),('WM-51b8816b:189b8eff231:-6993','00233','EVER','1/2',100000,'STOCK','ACTIVE','WACCT54907434:18a0149c0b7:-7fed','',NULL),('WM-51b8816b:189b8eff231:-69ba','00232','EVER','1/2',100000,'STOCK','ACTIVE','WACCT54907434:18a0149c0b7:-7ff3','',NULL),('WM-51b8816b:189b8eff231:-69f5','00231','EVER','1/2',100000,'STOCK','ACTIVE','WACCT-71354bce:189f6f8c594:-7f49','',NULL),('WM-51b8816b:189b8eff231:-6a29','00230','EVER','1/2',100000,'STOCK','ACTIVE','WACCT54907434:18a0149c0b7:-7ff4','',NULL),('WM-51b8816b:189b8eff231:-6b49','00223','EVER','1/2',100000,'STOCK','ACTIVE','WACCT3820fb32:189d2d45c3b:-7ff5','',NULL),('WM-51b8816b:189b8eff231:-6b97','00222','EVER','1/2',100000,'STOCK','ACTIVE','WACCT3820fb32:189d2d45c3b:-7ff7','',NULL),('WM-51b8816b:189b8eff231:-6bca','00221','EVER','1/2',100000,'STOCK','ACTIVE','WACCT-71354bce:189f6f8c594:-7f4a','',NULL),('WM-51b8816b:189b8eff231:-6c9c','00220','EVER','1/2',100000,'STOCK','ACTIVE','WACCT3820fb32:189d2d45c3b:-7ffd','',NULL),('WM-51b8816b:189b8eff231:-6cea','00219','EVER','1/2',100000,'STOCK','ACTIVE','WACCT3820fb32:189d2d45c3b:-7ffe','',NULL),('WM-51b8816b:189b8eff231:-6d12','00218','EVER','1/2',100000,'STOCK','ACTIVE','WACCT5ce2599f:189be8fb9f1:-7ff0','',NULL),('WM-51b8816b:189b8eff231:-6d40','00217','EVER','1/2',100000,'STOCK','ACTIVE','WACCT5ce2599f:189be8fb9f1:-7fee','',NULL),('WM-51b8816b:189b8eff231:-6d6e','00216','EVER','1/2',100000,'STOCK','ACTIVE','WACCT5ce2599f:189be8fb9f1:-7ff3','',NULL),('WM-51b8816b:189b8eff231:-6d9d','00215','EVER','1/2',100000,'STOCK','ACTIVE','WACCT5ce2599f:189be8fb9f1:-7ff2','',NULL),('WM-51b8816b:189b8eff231:-6dcb','00214','EVER','1/2',100000,'STOCK','ACTIVE','WACCT5ce2599f:189be8fb9f1:-7ffd','',NULL),('WM-51b8816b:189b8eff231:-6e09','00213','EVER','1/2',100000,'STOCK','ACTIVE','WACCT5ce2599f:189be8fb9f1:-8000','',NULL),('WM-51b8816b:189b8eff231:-6e6c','00212','EVER','1/2',100000,'STOCK','ACTIVE','WACCT4d8c0d7e:189b925a776:-7fb5','',NULL),('WM-51b8816b:189b8eff231:-7025','00211','EVER','1/2',100000,'STOCK','ACTIVE','WACCT4d8c0d7e:189b925a776:-7fb6','',NULL),('WM-51b8816b:189b8eff231:-7051','0210','EVER','1/2',100000,'STOCK','ACTIVE','WACCT4d8c0d7e:189b925a776:-7fb9','',NULL),('WM-51b8816b:189b8eff231:-7082','00209','EVER','1/2',100000,'STOCK','ACTIVE','WACCT4d8c0d7e:189b925a776:-7fbb','',NULL),('WM-51b8816b:189b8eff231:-70c3','00208','EVER','1/2',100000,'STOCK','ACTIVE','WACCT4d8c0d7e:189b925a776:-7fd8','',NULL),('WM-51b8816b:189b8eff231:-715d','00207','EVER','1/2',100000,'STOCK','ACTIVE','WACCT5ce2599f:189be8fb9f1:-7ff5','',NULL),('WM-51b8816b:189b8eff231:-721a','0206','EVER','1/2',100000,'STOCK','ACTIVE','WACCT4d8c0d7e:189b925a776:-7fd9','',NULL),('WM-51b8816b:189b8eff231:-7253','0205','EVER','1/2',100000,'STOCK','ACTIVE','WACCT4d8c0d7e:189b925a776:-7fde','',NULL),('WM-51b8816b:189b8eff231:-72e3','0204','EVER','1/2',100000,'STOCK','ACTIVE','WACCT4d8c0d7e:189b925a776:-7fdb','',NULL),('WM-51b8816b:189b8eff231:-7392','0203','EVER','1/2',100000,'STOCK','ACTIVE','WACCT4d8c0d7e:189b925a776:-7fdd','',NULL),('WM-51b8816b:189b8eff231:-73d1','0202','EVER','1/2',100000,'STOCK','ACTIVE','WACCT4d8c0d7e:189b925a776:-7fdf','',NULL),('WM-51b8816b:189b8eff231:-740f','0201','EVER','1/2',100000,'STOCK','ACTIVE','WACCT4d8c0d7e:189b925a776:-7fe1','',NULL),('WM-51b8816b:189b8eff231:-7440','00200','EVER','1/2',100000,'STOCK','ACTIVE','WACCT4d8c0d7e:189b925a776:-7fe2','',NULL),('WM-51b8816b:189b8eff231:-74f4','00199','EVER','1/2',100000,'STOCK','ACTIVE','WACCT4d8c0d7e:189b925a776:-7fe3','',NULL),('WM-51b8816b:189b8eff231:-75af','00198','EVER','1/2',100000,'STOCK','ACTIVE','WACCT-71354bce:189f6f8c594:-7f4b','',NULL),('WM-51b8816b:189b8eff231:-75dd','00197','EVER','1/2',100000,'STOCK','ACTIVE','WACCT4d8c0d7e:189b925a776:-7ffa','',NULL),('WM-51b8816b:189b8eff231:-763b','00196','EVER','1/2',100000,'STOCK','ACTIVE','WACCT4d8c0d7e:189b925a776:-7ffb','',NULL),('WM-51b8816b:189b8eff231:-7671','00195','EVER','1/2',100000,'STOCK','ACTIVE','WACCT4d8c0d7e:189b925a776:-7ffd','',NULL),('WM-51b8816b:189b8eff231:-769c','00194','EVER','1/2',100000,'STOCK','ACTIVE','WACCT4d8c0d7e:189b925a776:-7ffc','',NULL),('WM-51b8816b:189b8eff231:-76c7','00193','EVER','1/2',100000,'STOCK','ACTIVE','WACCT4d8c0d7e:189b925a776:-7ffe','',NULL),('WM-51b8816b:189b8eff231:-7882','00192','EVER','1/2',100000,'STOCK','ACTIVE','WACCT4d8c0d7e:189b925a776:-8000','',NULL),('WM-69e15da8:18a5e882074:-7a7f','000115','EVER','1/2',100000,'STOCK','ACTIVE','WACCT-1e93ebd:18a5e033ca5:-7ffd','',NULL),('WM-69e15da8:18a5e882074:-7dee','0006','EVER','1/2',100000,'STOCK','ACTIVE','WACCT-1e93ebd:18a5e033ca5:-7ffe','',NULL),('WM-6cd314ad:18a43d9add5:-773e','00864','EVER','1/2',100000,'STOCK','ACTIVE','WACCT54907434:18a0149c0b7:-7f67','',NULL),('WM-6cd314ad:18a43d9add5:-78a2','00863','EVERW','1/2',100000,'STOCK','ACTIVE','WACCT54907434:18a0149c0b7:-7f68','',NULL),('WM-6cd314ad:18a43d9add5:-7a9f','00862','EVER','1/2',100000,'STOCK','ACTIVE','WACCT54907434:18a0149c0b7:-7f69','',NULL),('WM-6cd314ad:18a43d9add5:-7c75','00861','EVER','1/2',100000,'STOCK','ACTIVE','WACCT54907434:18a0149c0b7:-7f6b','',NULL),('WM-6cd314ad:18a43d9add5:-7ec7','00860','EVER','1/2',100000,'STOCK','ACTIVE','WACCT54907434:18a0149c0b7:-7f6c','',NULL),('WM1681dc23:18a72a06590:-104f','105','EVER','1/2',100000,'STOCK','ACTIVE','WACCT-6af7e488:18a725a15a2:-7fbb','',NULL),('WM1681dc23:18a72a06590:-131','2326','EVER','1/2',100000,'STOCK','ACTIVE','WACCT-6af7e488:18a725a15a2:-7fb3','',NULL),('WM1681dc23:18a72a06590:-1449','104','EVER','1/2',100000,'STOCK','ACTIVE','WACCT-6af7e488:18a725a15a2:-7fbc','',NULL),('WM1681dc23:18a72a06590:-1622','143','EVER','1/2',100000,'STOCK','ACTIVE','WACCT-6af7e488:18a725a15a2:-7fbd','',NULL),('WM1681dc23:18a72a06590:-1aa2','102','EVER','1/2',100000,'STOCK','ACTIVE','WACCT-6af7e488:18a725a15a2:-7fbe','',NULL),('WM1681dc23:18a72a06590:-1ca3','101','EVER','1/2',100000,'STOCK','ACTIVE','WACCT-6af7e488:18a725a15a2:-7fbf','',NULL),('WM1681dc23:18a72a06590:-1ea4','100','EVER','1/2',100000,'STOCK','ACTIVE','WACCT-6af7e488:18a725a15a2:-7fc0','',NULL),('WM1681dc23:18a72a06590:-20d5','99','EVER','1/2',100000,'STOCK','ACTIVE','WACCT-6af7e488:18a725a15a2:-7fc1','',NULL),('WM1681dc23:18a72a06590:-2816','98','EVER','1/2',100000,'STOCK','ACTIVE','WACCT-6af7e488:18a725a15a2:-7fc2','',NULL),('WM1681dc23:18a72a06590:-2a4c','97','EVER','1/2',100000,'STOCK','ACTIVE','WACCT-6af7e488:18a725a15a2:-7fc3','',NULL),('WM1681dc23:18a72a06590:-2ef8','142','EVER','1/2',100000,'STOCK','ACTIVE','WACCT-6af7e488:18a725a15a2:-7fc4','',NULL),('WM1681dc23:18a72a06590:-350d','95','EVER','1/2',100000,'STOCK','ACTIVE','WACCT-6af7e488:18a725a15a2:-7fc6','',NULL),('WM1681dc23:18a72a06590:-36c8','94','EVER','1/2',100000,'STOCK','ACTIVE','WACCT-6af7e488:18a725a15a2:-7fc7','',NULL),('WM1681dc23:18a72a06590:-387a','93','EVER','1/2',100000,'STOCK','ACTIVE','WACCT-6af7e488:18a725a15a2:-7fc8','',NULL),('WM1681dc23:18a72a06590:-3a4f','1798','EVER','1/2',100000,'STOCK','ACTIVE','WACCT-6af7e488:18a725a15a2:-7fc9','',NULL),('WM1681dc23:18a72a06590:-3c02','92','EVER','1/2',100000,'STOCK','ACTIVE','WACCT-6af7e488:18a725a15a2:-7fca','',NULL),('WM1681dc23:18a72a06590:-3ca','2336','EVER','1/2',100000,'STOCK','ACTIVE','WACCT-6af7e488:18a725a15a2:-7fb4','',NULL),('WM1681dc23:18a72a06590:-3de2','91','EVER','1/2',100000,'STOCK','ACTIVE','WACCT-6af7e488:18a725a15a2:-7fcb','',NULL),('WM1681dc23:18a72a06590:-40f0','2316','EVER','1/2',100000,'STOCK','ACTIVE','WACCT-7440d19c:18a697a40ba:-7b49','',NULL),('WM1681dc23:18a72a06590:-42bc','90','EVER','1/2',100000,'STOCK','ACTIVE','WACCT-6af7e488:18a725a15a2:-7fcc','',NULL),('WM1681dc23:18a72a06590:-44d4','89','EVER','1/2',100000,'STOCK','ACTIVE','WACCT-6af7e488:18a725a15a2:-7fcd','',NULL),('WM1681dc23:18a72a06590:-46dd','88','EVER','1/2',100000,'STOCK','ACTIVE','WACCT-6af7e488:18a725a15a2:-7fce','',NULL),('WM1681dc23:18a72a06590:-4a61','140','EVER','1/2',100000,'STOCK','ACTIVE','WACCT-6af7e488:18a725a15a2:-7fcf','',NULL),('WM1681dc23:18a72a06590:-4c6c','0087','EVER','1/2',100000,'STOCK','ACTIVE','WACCT-6af7e488:18a725a15a2:-7fd0','',NULL),('WM1681dc23:18a72a06590:-4e58','138','EVR','1/2',100000,'STOCK','ACTIVE','WACCT-6af7e488:18a725a15a2:-7fd1','',NULL),('WM1681dc23:18a72a06590:-50f7','087','EVER','1/2',100000,'STOCK','ACTIVE','WACCT-6af7e488:18a725a15a2:-7fd2','',NULL),('WM1681dc23:18a72a06590:-52d3','137','EVER','1/2',100000,'STOCK','ACTIVE','WACCT-6af7e488:18a725a15a2:-7fd3','',NULL),('WM1681dc23:18a72a06590:-553e','086','EVER','1/2',100000,'STOCK','ACTIVE','WACCT-6af7e488:18a725a15a2:-7fd4','',NULL),('WM1681dc23:18a72a06590:-589','2371','EVER','1/2',100000,'STOCK','ACTIVE','WACCT-6af7e488:18a725a15a2:-7fb7','',NULL),('WM1681dc23:18a72a06590:-5890','085','EVER','1/2',100000,'STOCK','ACTIVE','WACCT-6af7e488:18a725a15a2:-7fd5','',NULL),('WM1681dc23:18a72a06590:-5a78','084','EVER','1/2',100000,'STOCK','ACTIVE','WACCT-6af7e488:18a725a15a2:-7fd6','',NULL),('WM1681dc23:18a72a06590:-5c42','083','EVER','1/2',100000,'STOCK','ACTIVE','WACCT-6af7e488:18a725a15a2:-7fd7','',NULL),('WM1681dc23:18a72a06590:-6164','2309','EVER','1/2',100000,'STOCK','ACTIVE','WACCT-6af7e488:18a725a15a2:-7fd8','',NULL),('WM1681dc23:18a72a06590:-632f','2268','EVER','1/2',100000,'STOCK','ACTIVE','WACCT-6af7e488:18a725a15a2:-7fd9','',NULL),('WM1681dc23:18a72a06590:-652b','082','EVER','1/2',100000,'STOCK','ACTIVE','WACCT-6af7e488:18a725a15a2:-7fda','',NULL),('WM1681dc23:18a72a06590:-679b','081','EVER','1/2',100000,'STOCK','ACTIVE','WACCT-6af7e488:18a725a15a2:-7fdb','',NULL),('WM1681dc23:18a72a06590:-6b4a','080','EVER','1/2',100000,'STOCK','ACTIVE','WACCT-6af7e488:18a725a15a2:-7fdc','',NULL),('WM1681dc23:18a72a06590:-6d13','079','EVER','1/2',100000,'STOCK','ACTIVE','WACCT-6af7e488:18a725a15a2:-7fdd','',NULL),('WM1681dc23:18a72a06590:-6ede','078','EVER','1/2',100000,'STOCK','ACTIVE','WACCT-6af7e488:18a725a15a2:-7fde','',NULL),('WM1681dc23:18a72a06590:-7076','2341','EVER','1/2',100000,'STOCK','ACTIVE','WACCT-6af7e488:18a725a15a2:-7fdf','',NULL),('WM1681dc23:18a72a06590:-7334','077','EVER','1/2',100000,'STOCK','ACTIVE','WACCT-6af7e488:18a725a15a2:-7fe0','',NULL),('WM1681dc23:18a72a06590:-752e','076','EVER','1/2',100000,'STOCK','ACTIVE','WACCT-6af7e488:18a725a15a2:-7fe1','',NULL),('WM1681dc23:18a72a06590:-76fa','075','EVER','1/2',100000,'STOCK','ACTIVE','WACCT-6af7e488:18a725a15a2:-7fe2','',NULL),('WM1681dc23:18a72a06590:-7a19','073','EVER','1/2',100000,'STOCK','ACTIVE','WACCT-6af7e488:18a725a15a2:-7fe3','',NULL),('WM1681dc23:18a72a06590:-7be9','072','EVER','1/2',100000,'STOCK','ACTIVE','WACCT-6af7e488:18a725a15a2:-7fe4','',NULL),('WM1681dc23:18a72a06590:-7df6','0218','EVER','1/2',100000,'STOCK','ACTIVE','WACCT-6af7e488:18a725a15a2:-7fe5','',NULL),('WM1681dc23:18a72a06590:-929','144','EVER','1/2',100000,'STOCK','ACTIVE','WACCT-6af7e488:18a725a15a2:-7fb8','',NULL),('WM1681dc23:18a72a06590:-b2b','107','EVER','1/2',100000,'STOCK','ACTIVE','WACCT-6af7e488:18a725a15a2:-7fb9','',NULL),('WM1681dc23:18a72a06590:-cef','2339','EVER','1/2',100000,'STOCK','ACTIVE','WACCT-6af7e488:18a725a15a2:-7fba','',NULL),('WM1681dc23:18a72a06590:2d9','108','EVER','1/2',100000,'STOCK','ACTIVE','WACCT-6af7e488:18a725a15a2:-7fb1','',NULL),('WM1681dc23:18a72a06590:4d0','146','EVER','1/2',100000,'STOCK','ACTIVE','WACCT-6af7e488:18a725a15a2:-7fb0','',NULL),('WM1681dc23:18a72a06590:7ab','109','EVER','1/2',100000,'STOCK','ACTIVE','WACCT-6af7e488:18a725a15a2:-7faf','',NULL),('WM1681dc23:18a72a06590:967','110','EVER','1/2',100000,'STOCK','ACTIVE','WACCT-6af7e488:18a725a15a2:-7fae','',NULL),('WM1681dc23:18a72a06590:9e','145','EVER','1/2',100000,'STOCK','ACTIVE','WACCT-6af7e488:18a725a15a2:-7fb2','',NULL),('WM194222ae:18a69776d08:-6b35','001006','EVER','1/2',100000,'STOCK','ACTIVE','WACCT-7440d19c:18a697a40ba:-7ffc','',NULL),('WM194222ae:18a69776d08:-6d44','001005','EVER','1/2',100000,'STOCK','ACTIVE','WACCT-7440d19c:18a697a40ba:-7ffd','',NULL),('WM194222ae:18a69776d08:-740f','001004','EVER','1/2',100000,'STOCK','ACTIVE','WACCT-7440d19c:18a697a40ba:-7ffe','',NULL),('WM194222ae:18a69776d08:-75f6','001003','EVER','1/2',100000,'STOCK','ACTIVE','WACCT-7440d19c:18a697a40ba:-7fff','',NULL),('WM194222ae:18a69776d08:-794a','001002','EVER','1/2',100000,'STOCK','ACTIVE','WACCT-7440d19c:18a697a40ba:-8000','',NULL),('WM253d93cf:18a3fa48cff:-7856','00652','EVER','1/2',100000,'STOCK','ACTIVE','WACCT517ae648:18a06883977:-7fe8','',NULL),('WM253d93cf:18a3fa48cff:-79db','00651','EVERW','1/2',100000,'STOCK','ACTIVE','WACCT-71354bce:189f6f8c594:-7fe2','',NULL),('WM253d93cf:18a3fa48cff:-7ba0','00650','EVER','1/2',100000,'STOCK','ACTIVE','WACCT3820fb32:189d2d45c3b:-8000','',NULL),('WM2ede4148:18a6db038ea:-1006','0000036','EVER','1/2',100000,'STOCK','ACTIVE','WACCT-7440d19c:18a697a40ba:-7b46','',NULL),('WM2ede4148:18a6db038ea:-1809','00124','EVER','1/2',100000,'STOCK','ACTIVE','WACCT-7440d19c:18a697a40ba:-7b4b','',NULL),('WM2ede4148:18a6db038ea:-1a31','0035','EVER','1/2',100000,'STOCK','ACTIVE','WACCT-7440d19c:18a697a40ba:-7b50','',NULL),('WM2ede4148:18a6db038ea:-452','2020','EVER','1/2',100000,'STOCK','ACTIVE','WACCT-7440d19c:18a697a40ba:-7adc','',NULL),('WM2ede4148:18a6db038ea:-738a','034','EVER','1/2',100000,'STOCK','ACTIVE','WACCT-7440d19c:18a697a40ba:-7f9a','',NULL),('WM2ede4148:18a6db038ea:-7b5f','012','EVER','1/2',100000,'STOCK','ACTIVE','WACCT-7440d19c:18a697a40ba:-7f9d','',NULL),('WM2ede4148:18a6db038ea:-a68','0039','EVER','1/2',100000,'STOCK','ACTIVE','WACCT-7440d19c:18a697a40ba:-7b3e','',NULL),('WM2ede4148:18a6db038ea:-c00','120','EVER','1/2',100000,'STOCK','ACTIVE','WACCT-7440d19c:18a697a40ba:-7b41','',NULL),('WM2ede4148:18a6db038ea:-e09','000037','EVER','1/2',100000,'STOCK','ACTIVE','WACCT-7440d19c:18a697a40ba:-7b44','',NULL),('WM30c10c77:18a1fd6e98e:-125f','000008','EVER','1/2',100000,'STOCK','ACTIVE','WACCT-5f2287b5:18a1b111382:-7f90','',NULL),('WM30c10c77:18a1fd6e98e:-167c','00002','EVER','1/2',100000,'STOCK','ACTIVE','WACCT-5f2287b5:18a1b111382:-7f91','',NULL),('WM30c10c77:18a1fd6e98e:-1887','00001','00001','1/2',100000,'STOCK','ACTIVE','WACCT-5f2287b5:18a1b111382:-7f92','',NULL),('WM30c10c77:18a1fd6e98e:-1fdd','000147','EVER','1/2',100000,'STOCK','ACTIVE','WACCT-5f2287b5:18a1b111382:-7f94','',NULL),('WM30c10c77:18a1fd6e98e:-33bf','00452','EVER','1/2',100000,'STOCK','ACTIVE','WACCT-71354bce:189f6f8c594:-7f5b','',NULL),('WM30c10c77:18a1fd6e98e:-353b','00451','EVER','1/2',100000,'STOCK','ACTIVE','WACCT-71354bce:189f6f8c594:-7f5d','',NULL),('WM30c10c77:18a1fd6e98e:-36a2','00450','EVER','1/2',100000,'STOCK','ACTIVE','WACCT-71354bce:189f6f8c594:-7f5e','',NULL),('WM30c10c77:18a1fd6e98e:-3817','00449','EVER','1/2',100000,'STOCK','ACTIVE','WACCT-71354bce:189f6f8c594:-7f5f','',NULL),('WM30c10c77:18a1fd6e98e:-397e','00448','EVER','1/2',100000,'STOCK','ACTIVE','WACCT-71354bce:189f6f8c594:-7f60','',NULL),('WM30c10c77:18a1fd6e98e:-421c','00447','EVER','1/2',100000,'STOCK','ACTIVE','WACCT-71354bce:189f6f8c594:-7f65','',NULL),('WM30c10c77:18a1fd6e98e:-4244','00446','EVER','1/2',100000,'STOCK','ACTIVE','WACCT-71354bce:189f6f8c594:-7f62','',NULL),('WM30c10c77:18a1fd6e98e:-71eb','00443','EVER','1/2',100000,'STOCK','ACTIVE','WACCT-71354bce:189f6f8c594:-7f11','',NULL),('WM30c10c77:18a1fd6e98e:-7212','00442','EVER','1/2',100000,'STOCK','ACTIVE','WACCT-71354bce:189f6f8c594:-7f64','',NULL),('WM30c10c77:18a1fd6e98e:-7239','00431','EVER','1/2',100000,'STOCK','ACTIVE','WACCT-71354bce:189f6f8c594:-7f61','',NULL),('WM30c10c77:18a1fd6e98e:-7260','00430','EVER','1/2',100000,'STOCK','ACTIVE','WACCT-71354bce:189f6f8c594:-7f67','',NULL),('WM30c10c77:18a1fd6e98e:-7287','00429','EVER','1/2',100000,'STOCK','ACTIVE','WACCT-71354bce:189f6f8c594:-7f6c','',NULL),('WM30c10c77:18a1fd6e98e:-72ed','00428','EVER','1/2',100000,'STOCK','ACTIVE','WACCT54907434:18a0149c0b7:-8000','',NULL),('WM30c10c77:18a1fd6e98e:-7494','00424','EVER','1/2',100000,'STOCK','ACTIVE','WACCT54907434:18a0149c0b7:-7fff','',NULL),('WM30c10c77:18a1fd6e98e:-76ab','00427','EVER','1/2',100000,'STOCK','ACTIVE','WACCT54907434:18a0149c0b7:-7ffe','',NULL),('WM30c10c77:18a1fd6e98e:-7717','00426','EVER','1/2',100000,'STOCK','ACTIVE','WACCT54907434:18a0149c0b7:-7ffd','',NULL),('WM30c10c77:18a1fd6e98e:-776d','00425','EVER','1/2',100000,'STOCK','ACTIVE','WACCT54907434:18a0149c0b7:-7ffc','',NULL),('WM30c10c77:18a1fd6e98e:-77e1','00423','EVER','1/2',100000,'STOCK','ACTIVE','WACCT54907434:18a0149c0b7:-7fef','',NULL),('WM30c10c77:18a1fd6e98e:-780b','00422','EVER','1/2',100000,'STOCK','ACTIVE','WACCT54907434:18a0149c0b7:-7ffa','',NULL),('WM30c10c77:18a1fd6e98e:-7839','00421','EVER','1/2',100000,'STOCK','ACTIVE','WACCT54907434:18a0149c0b7:-7ff9','',NULL),('WM30c10c77:18a1fd6e98e:-787c','00420','EVER','1/2',100000,'STOCK','ACTIVE','WACCT54907434:18a0149c0b7:-7ff8','',NULL),('WM30c10c77:18a1fd6e98e:-78b8','00419','EVER','1/2',100000,'STOCK','ACTIVE','WACCT54907434:18a0149c0b7:-7ff6','',NULL),('WM30c10c77:18a1fd6e98e:-78fd','00418','EVER','1/2',100000,'STOCK','ACTIVE','WACCT54907434:18a0149c0b7:-7ff5','',NULL),('WM30c10c77:18a1fd6e98e:-793b','00417','EVER','1/2',100000,'STOCK','ACTIVE','WACCT54907434:18a0149c0b7:-7ff7','',NULL),('WM30c10c77:18a1fd6e98e:-7a1d','00416','EVER','1/2',100000,'STOCK','ACTIVE','WACCT54907434:18a0149c0b7:-7ff2','',NULL),('WM30c10c77:18a1fd6e98e:-7a59','00415','EVER','1/2',100000,'STOCK','ACTIVE','WACCT54907434:18a0149c0b7:-7ff1','',NULL),('WM30c10c77:18a1fd6e98e:-7a84','00414','EVER','1/2',100000,'STOCK','ACTIVE','WACCT54907434:18a0149c0b7:-7fe9','',NULL),('WM30c10c77:18a1fd6e98e:-7ad3','00413','EVER','1/2',100000,'STOCK','ACTIVE','WACCT54907434:18a0149c0b7:-7ff0','',NULL),('WM30c10c77:18a1fd6e98e:-7b11','00412','EVER','1/2',100000,'STOCK','ACTIVE','WACCT54907434:18a0149c0b7:-7fe8','',NULL),('WM30c10c77:18a1fd6e98e:-7b82','00411','EVER','1/2',100000,'STOCK','ACTIVE','WACCT54907434:18a0149c0b7:-7fea','',NULL),('WM30c10c77:18a1fd6e98e:-7bc4','00410','EVER','1/2',100000,'STOCK','ACTIVE','WACCT54907434:18a0149c0b7:-7fec','',NULL),('WM33b17f4:18a2acf769f:-798b','0000000001','EVER','1/2',100000,'STOCK','ACTIVE','WACCT-604a4012:18a2ad4e6cd:-7fff','',NULL),('WM5999ce7d:18a24e2b91f:-6ae3','000150','EVER','1/2',100000,'STOCK','ACTIVE','WACCT2f1ef104:18a24e77b88:-7ff9','',NULL),('WM5999ce7d:18a24e2b91f:-6d4d','7','EVER','1/2',100000,'STOCK','ACTIVE','WACCT2f1ef104:18a24e77b88:-7ffa','',NULL),('WM5999ce7d:18a24e2b91f:-6ee5','113','EVER','1/2',100000,'STOCK','ACTIVE','WACCT2f1ef104:18a24e77b88:-7ffb','',NULL),('WM5999ce7d:18a24e2b91f:-71ac','8','EVER','1/2',100000,'STOCK','ACTIVE','WACCT2f1ef104:18a24e77b88:-7ffc','',NULL),('WM5999ce7d:18a24e2b91f:-75fa','112','EVER','1/2',100000,'STOCK','ACTIVE','WACCT2f1ef104:18a24e77b88:-7ffd','',NULL),('WM5999ce7d:18a24e2b91f:-781e','111','EVER','1/2',100000,'STOCK','ACTIVE','WACCT2f1ef104:18a24e77b88:-7ffe','',NULL),('WM5999ce7d:18a24e2b91f:-7abd','000005','EVER','1/2',100000,'STOCK','ACTIVE','WACCT2f1ef104:18a24e77b88:-7fff','',NULL),('WM5999ce7d:18a24e2b91f:-7d19','000004','EVER','1/2',100000,'STOCK','ACTIVE','WACCT2f1ef104:18a24e77b88:-8000','',NULL),('WM645a3c69:189d2e31a68:-73b2','00224','EVER','1/2',100000,'STOCK','ACTIVE','WACCT3820fb32:189d2d45c3b:-7ff6','',NULL),('WM645a3c69:189d2e31a68:-790c','00229','EVER','1/2',100000,'STOCK','ACTIVE','WACCT3820fb32:189d2d45c3b:-7fef','',NULL),('WM645a3c69:189d2e31a68:-7953','00228','EVER','1/2',100000,'STOCK','ACTIVE','WACCT3820fb32:189d2d45c3b:-7ff0','',NULL),('WM645a3c69:189d2e31a68:-79a9','00227','EVER','1/2',100000,'STOCK','ACTIVE','WACCT54907434:18a0149c0b7:-7f8f','',NULL),('WM645a3c69:189d2e31a68:-7a4f','00226','EVER','1/2',100000,'STOCK','ACTIVE','WACCT3820fb32:189d2d45c3b:-7ff3','',NULL),('WM645a3c69:189d2e31a68:-7b36','00225','EVER','1/2',100000,'STOCK','ACTIVE','WACCT3820fb32:189d2d45c3b:-7ff8','',NULL),('WM66f3bebd:18a72584820:-3a54','071','EVER','1/2',100000,'STOCK','ACTIVE','WACCT-6af7e488:18a725a15a2:-7fe6','',NULL),('WM66f3bebd:18a72584820:-3c67','0786','EVER','1/2',100000,'STOCK','ACTIVE','WACCT-6af7e488:18a725a15a2:-7fe7','',NULL),('WM66f3bebd:18a72584820:-3e5e','0135','EVER','1/2',100000,'STOCK','ACTIVE','WACCT-6af7e488:18a725a15a2:-7fe8','',NULL),('WM66f3bebd:18a72584820:-40ee','0134','EVER','1/2',100000,'STOCK','ACTIVE','WACCT-6af7e488:18a725a15a2:-7fe9','',NULL),('WM66f3bebd:18a72584820:-436c','02325','EVER','1/2',100000,'STOCK','ACTIVE','WACCT-6af7e488:18a725a15a2:-7fea','',NULL),('WM66f3bebd:18a72584820:-463d','068','EVER','1/2',100000,'STOCK','ACTIVE','WACCT-6af7e488:18a725a15a2:-7feb','',NULL),('WM66f3bebd:18a72584820:-480a','0133','EVER','1/2',100000,'STOCK','ACTIVE','WACCT-6af7e488:18a725a15a2:-7fec','',NULL),('WM66f3bebd:18a72584820:-49aa','064','EVER','1/2',100000,'STOCK','ACTIVE','WACCT-6af7e488:18a725a15a2:-7fed','',NULL),('WM66f3bebd:18a72584820:-4bc3','063','EVER','1/2',100000,'STOCK','ACTIVE','WACCT-6af7e488:18a725a15a2:-7fee','',NULL),('WM66f3bebd:18a72584820:-4df5','060','EVER','1/2',100000,'STOCK','ACTIVE','WACCT-6af7e488:18a725a15a2:-7fef','',NULL),('WM66f3bebd:18a72584820:-5008','061','EVER','1/2',100000,'STOCK','ACTIVE','WACCT-6af7e488:18a725a15a2:-7ff0','',NULL),('WM66f3bebd:18a72584820:-5201','0132','EVER','1/2',100000,'STOCK','ACTIVE','WACCT-6af7e488:18a725a15a2:-7ff1','',NULL),('WM66f3bebd:18a72584820:-5689','062','EVER','1/2',100000,'STOCK','ACTIVE','WACCT-6af7e488:18a725a15a2:-7ff2','',NULL),('WM66f3bebd:18a72584820:-5ebb','0131','EVER','1/2',100000,'STOCK','ACTIVE','WACCT-6af7e488:18a725a15a2:-7ff3','',NULL),('WM66f3bebd:18a72584820:-608c','0130','EVER','1/2',100000,'STOCK','ACTIVE','WACCT-6af7e488:18a725a15a2:-7ff4','',NULL),('WM66f3bebd:18a72584820:-6255','00156','EVER','1/2',100000,'STOCK','ACTIVE','WACCT-6af7e488:18a725a15a2:-7ff5','',NULL),('WM66f3bebd:18a72584820:-645b','0129','EVER','1/2',100000,'STOCK','ACTIVE','WACCT-6af7e488:18a725a15a2:-7ff6','',NULL),('WM66f3bebd:18a72584820:-6823','059','EVER','1/2',100000,'STOCK','ACTIVE','WACCT-6af7e488:18a725a15a2:-7ff7','',NULL),('WM66f3bebd:18a72584820:-6a53','058','EVER','1/2',100000,'STOCK','ACTIVE','WACCT-6af7e488:18a725a15a2:-7ff8','',NULL),('WM66f3bebd:18a72584820:-6cf1','057','EVER','1/2',100000,'STOCK','ACTIVE','WACCT-6af7e488:18a725a15a2:-7ff9','',NULL),('WM66f3bebd:18a72584820:-6fd5','056','EVER','1/2',100000,'STOCK','ACTIVE','WACCT-6af7e488:18a725a15a2:-7ffa','',NULL),('WM66f3bebd:18a72584820:-71ae','0128','EVER','1/2',100000,'STOCK','ACTIVE','WACCT-6af7e488:18a725a15a2:-7ffb','',NULL),('WM66f3bebd:18a72584820:-741d','055','EVER','1/2',10000000,'STOCK','ACTIVE','WACCT-6af7e488:18a725a15a2:-7ffc','',NULL),('WM66f3bebd:18a72584820:-7840','054','EVER','1/2',100000,'STOCK','ACTIVE','WACCT-6af7e488:18a725a15a2:-7ffe','',NULL),('WM66f3bebd:18a72584820:-7c0d','0036','EVER','1/2',100000,'STOCK','ACTIVE','WACCT-6af7e488:18a725a15a2:-7ffd','',NULL),('WM6e761b08:18a490769bb:-4d27','00988','EVER','1/2',100000,'STOCK','ACTIVE','WACCT54907434:18a0149c0b7:-7fe4','',NULL),('WM6e761b08:18a490769bb:-4ecc','00987','EVER','1/2',100000,'STOCK','ACTIVE','WACCT3820fb32:189d2d45c3b:-7ffc','',NULL),('WM6e761b08:18a490769bb:-5051','00986','EVER','1/2',100000,'STOCK','ACTIVE','WACCT54907434:18a0149c0b7:-7faf','',NULL),('WM6e761b08:18a490769bb:-51b5','00985','EVER','1/2',100000,'STOCK','ACTIVE','WACCT54907434:18a0149c0b7:-7fd1','',NULL),('WM6e761b08:18a490769bb:-5319','00984','EVER','1/2',100000,'STOCK','ACTIVE','WACCT54907434:18a0149c0b7:-7fd0','',NULL),('WM6e761b08:18a490769bb:-547d','00983','EVER','1/2',100000,'STOCK','ACTIVE','WACCT54907434:18a0149c0b7:-7fcf','',NULL),('WM6e761b08:18a490769bb:-55e1','00981','EVER','1/2',100000,'STOCK','ACTIVE','WACCT54907434:18a0149c0b7:-7fce','',NULL),('WM6e761b08:18a490769bb:-5745','00980','EVER','1/2',100000,'STOCK','ACTIVE','WACCT54907434:18a0149c0b7:-7fcc','',NULL),('WM6e761b08:18a490769bb:-5902','00979','EVER','1/2',100000,'STOCK','ACTIVE','WACCT54907434:18a0149c0b7:-7fcb','',NULL),('WM6e761b08:18a490769bb:-5a66','00978','EVER','1/2',100000,'STOCK','ACTIVE','WACCT54907434:18a0149c0b7:-7fb2','',NULL),('WM6e761b08:18a490769bb:-5c22','00975','EVER','1/2',100000,'STOCK','ACTIVE','WACCT54907434:18a0149c0b7:-7fb3','',NULL),('WM6e761b08:18a490769bb:-5d8d','00974','EVER','1/2',100000,'STOCK','ACTIVE','WACCT54907434:18a0149c0b7:-7fb5','',NULL),('WM6e761b08:18a490769bb:-5ef1','00973','EVER','1/2',100000,'STOCK','ACTIVE','WACCT54907434:18a0149c0b7:-7fb4','',NULL),('WM6e761b08:18a490769bb:-6073','00972','EVER','1/2',100000,'STOCK','ACTIVE','WACCT54907434:18a0149c0b7:-7fb7','',NULL),('WM6e761b08:18a490769bb:-61d7','00970','EVER','1/2',100000,'STOCK','ACTIVE','WACCT54907434:18a0149c0b7:-7fba','',NULL),('WM6e761b08:18a490769bb:-63b5','00969','EVER','1/2',100000,'STOCK','ACTIVE','WACCT54907434:18a0149c0b7:-7fbb','',NULL),('WM6e761b08:18a490769bb:-6519','00967','EVER','1/2',100000,'STOCK','ACTIVE','WACCT54907434:18a0149c0b7:-7fbc','',NULL),('WM6e761b08:18a490769bb:-671c','00966','EVER','1/2',100000,'STOCK','ACTIVE','WACCT54907434:18a0149c0b7:-7fbd','',NULL),('WM6e761b08:18a490769bb:-690d','00965','EVER','1/2',100000,'STOCK','ACTIVE','WACCT54907434:18a0149c0b7:-7fbe','',NULL),('WM6e761b08:18a490769bb:-6a71','00963','EVER','1/2',100000,'STOCK','ACTIVE','WACCT54907434:18a0149c0b7:-7fbf','',NULL),('WM6e761b08:18a490769bb:-6c5e','00962','EVER','1/2',100000,'STOCK','ACTIVE','WACCT54907434:18a0149c0b7:-7fc0','',NULL),('WM6e761b08:18a490769bb:-6e00','00961','EVER','1/2',100000,'STOCK','ACTIVE','WACCT54907434:18a0149c0b7:-7fa2','',NULL),('WM6e761b08:18a490769bb:-6f95','00960','EVER','1/2',100000,'STOCK','ACTIVE','WACCT54907434:18a0149c0b7:-7fa4','',NULL),('WM6e761b08:18a490769bb:-7138','00959','EVERW','1/2',100000,'STOCK','ACTIVE','WACCT54907434:18a0149c0b7:-7fa5','',NULL),('WM6e761b08:18a490769bb:-736d','00958','EVER','1/2',100000,'STOCK','ACTIVE','WACCT54907434:18a0149c0b7:-7fa0','',NULL),('WM6e761b08:18a490769bb:-74f3','00957','EVER','1/2',100000,'STOCK','ACTIVE','WACCT54907434:18a0149c0b7:-7fa7','',NULL),('WM6e761b08:18a490769bb:-76aa','00956','EVER','1/2',100000,'STOCK','ACTIVE','WACCT54907434:18a0149c0b7:-7fa8','',NULL),('WM6e761b08:18a490769bb:-782a','00955','EVER','1/2',100000,'STOCK','ACTIVE','WACCT54907434:18a0149c0b7:-7fa9','',NULL),('WM6e761b08:18a490769bb:-79a3','00954','EVER','1/2',100000,'STOCK','ACTIVE','WACCT54907434:18a0149c0b7:-7faa','',NULL),('WM6e761b08:18a490769bb:-7b31','00953','EVER','1/2',100000,'STOCK','ACTIVE','WACCT54907434:18a0149c0b7:-7fab','',NULL),('WM6e761b08:18a490769bb:-7ca8','00952','EVER','1/2',100000,'STOCK','ACTIVE','WACCT54907434:18a0149c0b7:-7fad','',NULL),('WM6e761b08:18a490769bb:-7e81','00950','EVER','1/2',100000,'STOCK','ACTIVE','WACCT54907434:18a0149c0b7:-7fae','',NULL),('WMbe12291:18a3fa9b053:-1149','00732','EVER','1/2',100000,'STOCK','ACTIVE','WACCT54907434:18a0149c0b7:-7fc2','',NULL),('WMbe12291:18a3fa9b053:-12ad','00731','EVER','1/2',100000,'STOCK','ACTIVE','WACCT54907434:18a0149c0b7:-7fc3','',NULL),('WMbe12291:18a3fa9b053:-146b','00730','EVER','1/2',100000,'STOCK','ACTIVE','WACCT-71354bce:189f6f8c594:-7ff8','',NULL),('WMbe12291:18a3fa9b053:-1631','00727','EVER','1/2',100000,'STOCK','ACTIVE','WACCT-5d78541:189dd34aeb5:-7fc6','',NULL),('WMbe12291:18a3fa9b053:-17d1','00725','EVER','1/2',100000,'STOCK','ACTIVE','WACCT54907434:18a0149c0b7:-7f54','',NULL),('WMbe12291:18a3fa9b053:-19c1','00720','EVERR','1/2',100000,'STOCK','ACTIVE','WACCT54907434:18a0149c0b7:-7f63','',NULL),('WMbe12291:18a3fa9b053:-1c2b','00718','EVER','1/2',100000,'STOCK','ACTIVE','WACCT-5d78541:189dd34aeb5:-7fcd','',NULL),('WMbe12291:18a3fa9b053:-1c9','00754','EVER','1/2',100000,'STOCK','ACTIVE','WACCT3820fb32:189d2d45c3b:-7ff2','',NULL),('WMbe12291:18a3fa9b053:-1db1','00716','EVER','1/2',100000,'STOCK','ACTIVE','WACCT517ae648:18a06883977:-7fd1','',NULL),('WMbe12291:18a3fa9b053:-1f62','00715','EVER','1/2',100000,'STOCK','ACTIVE','WACCT-5f2287b5:18a1b111382:-7f93','',NULL),('WMbe12291:18a3fa9b053:-2167','00713','EVER','1/2',100000,'STOCK','ACTIVE','WACCT-71354bce:189f6f8c594:-7f20','',NULL),('WMbe12291:18a3fa9b053:-2338','00712','EVER','1/2',100000,'STOCK','ACTIVE','WACCT-5d78541:189dd34aeb5:-7ffb','',NULL),('WMbe12291:18a3fa9b053:-24c6','00711','EVER','1/2',100000,'STOCK','ACTIVE','WACCT-5d78541:189dd34aeb5:-7fe5','',NULL),('WMbe12291:18a3fa9b053:-26f5','00710','EVER','1/2',100000,'STOCK','ACTIVE','WACCT4d8c0d7e:189b925a776:-7ff9','',NULL),('WMbe12291:18a3fa9b053:-2bd1','00709','EVER','1/2',100000,'STOCK','ACTIVE','WACCT-71354bce:189f6f8c594:-7f93','',NULL),('WMbe12291:18a3fa9b053:-2d','00759','EVER','1/2',100000,'STOCK','ACTIVE','WACCT-71354bce:189f6f8c594:-7fdc','',NULL),('WMbe12291:18a3fa9b053:-2d48','00708','EVER','1/2',100000,'STOCK','ACTIVE','WACCT-5d78541:189dd34aeb5:-7fe1','',NULL),('WMbe12291:18a3fa9b053:-2f07','00707','EVER','1/2',100000,'STOCK','ACTIVE','WACCT-5d78541:189dd34aeb5:-7fef','',NULL),('WMbe12291:18a3fa9b053:-308c','00706','EVER','1/2',100000,'STOCK','ACTIVE','WACCT3820fb32:189d2d45c3b:-7fd2','',NULL),('WMbe12291:18a3fa9b053:-3233','00705','EVER','1/2',100000,'STOCK','ACTIVE','WACCT517ae648:18a06883977:-7fce','',NULL),('WMbe12291:18a3fa9b053:-32d','00751','EVER','1/2',100000,'STOCK','ACTIVE','WACCT3820fb32:189d2d45c3b:-7fec','',NULL),('WMbe12291:18a3fa9b053:-33f6','00704','EVER','1/2',100000,'STOCK','ACTIVE','WACCT-5f2287b5:18a1b111382:-7f9a','',NULL),('WMbe12291:18a3fa9b053:-355a','00703','EVER','1/2',100000,'STOCK','ACTIVE','WACCT-71354bce:189f6f8c594:-7f56','',NULL),('WMbe12291:18a3fa9b053:-370f','00702','EVER','1/2',100000,'STOCK','ACTIVE','WACCT-71354bce:189f6f8c594:-7fec','',NULL),('WMbe12291:18a3fa9b053:-3915','00701','EVER','1/2',100000,'STOCK','ACTIVE','WACCT54907434:18a0149c0b7:-7fc8','',NULL),('WMbe12291:18a3fa9b053:-3af8','00699','EVER','1/2',100000,'STOCK','ACTIVE','WACCT54907434:18a0149c0b7:-7fc9','',NULL),('WMbe12291:18a3fa9b053:-3c5c','00696','EVER','1/2',100000,'STOCK','ACTIVE','WACCT54907434:18a0149c0b7:-7fca','',NULL),('WMbe12291:18a3fa9b053:-3e9d','00698','EVER','1/2',100000,'STOCK','ACTIVE','WACCT54907434:18a0149c0b7:-7fc7','',NULL),('WMbe12291:18a3fa9b053:-401d','00697','EVER','1/2',100000,'STOCK','ACTIVE','WACCT-71354bce:189f6f8c594:-7faf','',NULL),('WMbe12291:18a3fa9b053:-41ab','00695','EVER','1/2',100000,'STOCK','ACTIVE','WACCT-5d78541:189dd34aeb5:-7fd6','',NULL),('WMbe12291:18a3fa9b053:-439d','00694','EVER','1/2',100000,'STOCK','ACTIVE','WACCT54907434:18a0149c0b7:-7f59','',NULL),('WMbe12291:18a3fa9b053:-4501','00692','EVER','1/2',100000,'STOCK','ACTIVE','WACCT517ae648:18a06883977:-7fd0','',NULL),('WMbe12291:18a3fa9b053:-4665','00691','EVER','1/2',100000,'STOCK','ACTIVE','WACCT-5f2287b5:18a1b111382:-7f95','',NULL),('WMbe12291:18a3fa9b053:-4821','00690','EVER','1/2',100000,'STOCK','ACTIVE','WACCT4d8c0d7e:189b925a776:-7fdc','',NULL),('WMbe12291:18a3fa9b053:-49fa','00689','EVER','1/2',100000,'STOCK','ACTIVE','WACCT-71354bce:189f6f8c594:-7f68','',NULL),('WMbe12291:18a3fa9b053:-4b81','00687','EVER','1/2',100000,'STOCK','ACTIVE','WACCT4d8c0d7e:189b925a776:-7fb8','',NULL),('WMbe12291:18a3fa9b053:-4d2d','00686','EVER','1/2',100000,'STOCK','ACTIVE','WACCT-5f2287b5:18a1b111382:-7f9b','',NULL),('WMbe12291:18a3fa9b053:-4ec2','00685','EVER','1/2',100000,'STOCK','ACTIVE','WACCT-71354bce:189f6f8c594:-7fdd','',NULL),('WMbe12291:18a3fa9b053:-5088','00684','EVER','1/2',100000,'STOCK','ACTIVE','WACCT-5d78541:189dd34aeb5:-7ff1','',NULL),('WMbe12291:18a3fa9b053:-5221','00683','EVER','1/2',100000,'STOCK','ACTIVE','WACCT-71354bce:189f6f8c594:-7f36','',NULL),('WMbe12291:18a3fa9b053:-5388','00682','EVER','1/2',100000,'STOCK','ACTIVE','WACCT517ae648:18a06883977:-7fcf','',NULL),('WMbe12291:18a3fa9b053:-54ae','00681','EVER','1/2',100000,'STOCK','ACTIVE','WACCT-71354bce:189f6f8c594:-7f22','',NULL),('WMbe12291:18a3fa9b053:-5643','00680','EVER','1/2',100000,'STOCK','ACTIVE','WACCT-71354bce:189f6f8c594:-7fe7','',NULL),('WMbe12291:18a3fa9b053:-5871','00679','EVER','1/2',100000,'STOCK','ACTIVE','WACCT-71354bce:189f6f8c594:-7ffc','',NULL),('WMbe12291:18a3fa9b053:-59f0','00678','EVER','1/2',100000,'STOCK','ACTIVE','WACCT3820fb32:189d2d45c3b:-7fed','',NULL),('WMbe12291:18a3fa9b053:-5a5','00750','EVER','1/2',100000,'STOCK','ACTIVE','WACCT3820fb32:189d2d45c3b:-7fe7','',NULL),('WMbe12291:18a3fa9b053:-5bb8','00677','EVER','1/2',100000,'STOCK','ACTIVE','WACCT-71354bce:189f6f8c594:-7f73','',NULL),('WMbe12291:18a3fa9b053:-5d4d','00676','EVER','1/2',100000,'STOCK','ACTIVE','WACCT-5f2287b5:18a1b111382:-7fa5','',NULL),('WMbe12291:18a3fa9b053:-5ece','00675','EVER','1/2',100000,'STOCK','ACTIVE','WACCT3820fb32:189d2d45c3b:-7fee','',NULL),('WMbe12291:18a3fa9b053:-6045','00674','EVER','1/2',100000,'STOCK','ACTIVE','WACCT54907434:18a0149c0b7:-7f86','',NULL),('WMbe12291:18a3fa9b053:-6221','00673','EVER','1/2',100000,'STOCK','ACTIVE','WACCT-5f2287b5:18a1b111382:-7f97','',NULL),('WMbe12291:18a3fa9b053:-6385','00671','EVER','1/2',100000,'STOCK','ACTIVE','WACCT-5d78541:189dd34aeb5:-7fc4','',NULL),('WMbe12291:18a3fa9b053:-6504','00670','EVER','1/2',100000,'STOCK','ACTIVE','WACCT3820fb32:189d2d45c3b:-7ff1','',NULL),('WMbe12291:18a3fa9b053:-6689','00669','EVER','1/2',100000,'STOCK','ACTIVE','WACCT-71354bce:189f6f8c594:-7f6a','',NULL),('WMbe12291:18a3fa9b053:-67ed','00668','EVER','1/2',100000,'STOCK','ACTIVE','WACCT-71354bce:189f6f8c594:-7fe6','',NULL),('WMbe12291:18a3fa9b053:-6951','00667','EVER','1/2',100000,'STOCK','ACTIVE','WACCT54907434:18a0149c0b7:-7f70','',NULL),('WMbe12291:18a3fa9b053:-6af4','00665','EVER','1/2',100000,'STOCK','ACTIVE','WACCT-71354bce:189f6f8c594:-7f0e','',NULL),('WMbe12291:18a3fa9b053:-6c58','00664','EVER','1/2',100000,'STOCK','ACTIVE','WACCT-71354bce:189f6f8c594:-7f24','',NULL),('WMbe12291:18a3fa9b053:-6dbc','00663','EVER','1/2',100000,'STOCK','ACTIVE','WACCT-5d78541:189dd34aeb5:-7fc5','',NULL),('WMbe12291:18a3fa9b053:-7033','00662','EVER','1/2',100000,'STOCK','ACTIVE','WACCT-5d78541:189dd34aeb5:-7ff7','',NULL),('WMbe12291:18a3fa9b053:-723d','00661','EVER','1/2',100000,'STOCK','ACTIVE','WACCT54907434:18a0149c0b7:-7fee','',NULL),('WMbe12291:18a3fa9b053:-73c2','00660','EVER','1/2',100000,'STOCK','ACTIVE','WACCT-5d78541:189dd34aeb5:-7fcc','',NULL),('WMbe12291:18a3fa9b053:-741','00740','EVER','1/2',100000,'STOCK','ACTIVE','WACCT-71354bce:189f6f8c594:-7f82','',NULL),('WMbe12291:18a3fa9b053:-7596','00659','EVER','1/2',100000,'STOCK','ACTIVE','WACCT3820fb32:189d2d45c3b:-7ffa','',NULL),('WMbe12291:18a3fa9b053:-770f','00658','EVER','1/2',100000,'STOCK','ACTIVE','WACCT517ae648:18a06883977:-7fe9','',NULL),('WMbe12291:18a3fa9b053:-7873','00657','EVER','1/2',100000,'STOCK','ACTIVE','WACCT-71354bce:189f6f8c594:-7f4f','',NULL),('WMbe12291:18a3fa9b053:-79d7','0656','EVER','1/2',100000,'STOCK','ACTIVE','WACCT5ce2599f:189be8fb9f1:-7ff4','',NULL),('WMbe12291:18a3fa9b053:-7b3b','0655','EVER','1/2',100000,'STOCK','ACTIVE','WACCT-71354bce:189f6f8c594:-7fb9','',NULL),('WMbe12291:18a3fa9b053:-7cb2','00654','EVER','1/2',100000,'STOCK','ACTIVE','WACCT54907434:18a0149c0b7:-7f8a','',NULL),('WMbe12291:18a3fa9b053:-7eed','00653','EVER','1/2',100000,'STOCK','ACTIVE','WACCT5ce2599f:189be8fb9f1:-7ff7','',NULL),('WMbe12291:18a3fa9b053:-9fb','00739','EVER','1/2',100000,'STOCK','ACTIVE','WACCT3820fb32:189d2d45c3b:-7fc8','',NULL),('WMbe12291:18a3fa9b053:-b5f','00738','EVER','1/2',100000,'STOCK','ACTIVE','WACCT-71354bce:189f6f8c594:-7f80','',NULL),('WMbe12291:18a3fa9b053:-cc3','00737','EVER','1/2',100000,'STOCK','ACTIVE','WACCT-5d78541:189dd34aeb5:-7fce','',NULL),('WMbe12291:18a3fa9b053:-e5c','00736','EVER','1/2',100000,'STOCK','ACTIVE','WACCT54907434:18a0149c0b7:-7f64','',NULL),('WMbe12291:18a3fa9b053:-fce','0733','EVER','1/2',100000,'STOCK','ACTIVE','WACCT517ae648:18a06883977:-7fc3','',NULL),('WMbe12291:18a3fa9b053:110e','00774','EVER','1/2',100000,'STOCK','ACTIVE','WACCT54907434:18a0149c0b7:-7fb6','',NULL),('WMbe12291:18a3fa9b053:1336','00775','EVER','1/2',100000,'STOCK','ACTIVE','WACCT-71354bce:189f6f8c594:-7ff7','',NULL),('WMbe12291:18a3fa9b053:1543','00777','EVER','1/2',100000,'STOCK','ACTIVE','WACCT-71354bce:189f6f8c594:-7fcc','',NULL),('WMbe12291:18a3fa9b053:16d8','00778','EVER','1/2',100000,'STOCK','ACTIVE','WACCT3820fb32:189d2d45c3b:-7fdc','',NULL),('WMbe12291:18a3fa9b053:186c','00779','EVER','1/2',100000,'STOCK','ACTIVE','WACCT3820fb32:189d2d45c3b:-7fe5','',NULL),('WMbe12291:18a3fa9b053:19e3','00780','EVER','1/2',100000,'STOCK','ACTIVE','WACCT3820fb32:189d2d45c3b:-7fe6','',NULL),('WMbe12291:18a3fa9b053:1b4e','00781','EVER','1/2',100000,'STOCK','ACTIVE','WACCT54907434:18a0149c0b7:-7f8c','',NULL),('WMbe12291:18a3fa9b053:1d01','00782','EVER','1/2',100000,'STOCK','ACTIVE','WACCT-71354bce:189f6f8c594:-7fd3','',NULL),('WMbe12291:18a3fa9b053:1e2','00760','EVER','1/2',100000,'STOCK','ACTIVE','WACCT-5d78541:189dd34aeb5:-7fc3','',NULL),('WMbe12291:18a3fa9b053:1e9b','00783','EVER','1/2',100000,'STOCK','ACTIVE','WACCT-71354bce:189f6f8c594:-7f87','',NULL),('WMbe12291:18a3fa9b053:20f3','00785','EVER','1/2',100000,'STOCK','ACTIVE','WACCT-5d78541:189dd34aeb5:-7ffa','',NULL),('WMbe12291:18a3fa9b053:2280','00786','EVER','1/2',100000,'STOCK','ACTIVE','WACCT54907434:18a0149c0b7:-7fb8','',NULL),('WMbe12291:18a3fa9b053:23e8','00787','EVER','1/2',100000,'STOCK','ACTIVE','WACCT-71354bce:189f6f8c594:-7fd2','',NULL),('WMbe12291:18a3fa9b053:254c','00788','EVER','1/2',100000,'STOCK','ACTIVE','WACCT54907434:18a0149c0b7:-7f89','',NULL),('WMbe12291:18a3fa9b053:26b0','00789','EVER','1/2',100000,'STOCK','ACTIVE','WACCT-5d78541:189dd34aeb5:-7fd7','',NULL),('WMbe12291:18a3fa9b053:2835','00790','EVER','1/2',100000,'STOCK','ACTIVE','WACCT-5d78541:189dd34aeb5:-7ff9','',NULL),('WMbe12291:18a3fa9b053:2a00','00791','EVER','1/2',100000,'STOCK','ACTIVE','WACCT517ae648:18a06883977:-7ff7','',NULL),('WMbe12291:18a3fa9b053:2b65','00792','EVER','1/2',100000,'STOCK','ACTIVE','WACCT54907434:18a0149c0b7:-7f57','',NULL),('WMbe12291:18a3fa9b053:2d42','00793','EVER','1/2',100000,'STOCK','ACTIVE','WACCT-71354bce:189f6f8c594:-7fdf','',NULL),('WMbe12291:18a3fa9b053:2ee8','00794','EVER','1/2',100000,'STOCK','ACTIVE','WACCT54907434:18a0149c0b7:-7f88','',NULL),('WMbe12291:18a3fa9b053:30a6','00795','EVER','1/2',100000,'STOCK','ACTIVE','WACCT54907434:18a0149c0b7:-7fb9','',NULL),('WMbe12291:18a3fa9b053:3234','00796','EVER','1/2',100000,'STOCK','ACTIVE','WACCT54907434:18a0149c0b7:-7f87','',NULL),('WMbe12291:18a3fa9b053:346','00761','EVER','1/2',100000,'STOCK','ACTIVE','WACCT-5d78541:189dd34aeb5:-7fe9','',NULL),('WMbe12291:18a3fa9b053:35ea','00797','EVER','1/2',100000,'STOCK','ACTIVE','WACCT-5f2287b5:18a1b111382:-7f98','',NULL),('WMbe12291:18a3fa9b053:379b','00798','EVER','1/2',100000,'STOCK','ACTIVE','WACCT54907434:18a0149c0b7:-7f85','',NULL),('WMbe12291:18a3fa9b053:391d','00799','EVER','1/2',100000,'STOCK','ACTIVE','WACCT54907434:18a0149c0b7:-7f7d','',NULL),('WMbe12291:18a3fa9b053:3a81','007800','EVER','1/2',100000,'STOCK','ACTIVE','WACCT54907434:18a0149c0b7:-7f7c','',NULL),('WMbe12291:18a3fa9b053:3e17','007801','EVER','1/2',100000,'STOCK','ACTIVE','WACCT54907434:18a0149c0b7:-7f7b','',NULL),('WMbe12291:18a3fa9b053:3f90','007802','EVER','1/2',100000,'STOCK','ACTIVE','WACCT54907434:18a0149c0b7:-7f79','',NULL),('WMbe12291:18a3fa9b053:4123','007803','EVER','1/2',100000,'STOCK','ACTIVE','WACCT54907434:18a0149c0b7:-7f7a','',NULL),('WMbe12291:18a3fa9b053:42aa','007804','EVER','1/2',100000,'STOCK','ACTIVE','WACCT54907434:18a0149c0b7:-7f76','',NULL),('WMbe12291:18a3fa9b053:4423','007805','EVER','1/2',100000,'STOCK','ACTIVE','WACCT54907434:18a0149c0b7:-7f75','',NULL),('WMbe12291:18a3fa9b053:48d3','007806','EVER','1/2',100000,'STOCK','ACTIVE','WACCT54907434:18a0149c0b7:-7f74','',NULL),('WMbe12291:18a3fa9b053:4b1','00765','EVER','1/2',100000,'STOCK','ACTIVE','WACCT-71354bce:189f6f8c594:-7fcd','',NULL),('WMbe12291:18a3fa9b053:4b39','00806','EVER','1/2',100000,'STOCK','ACTIVE','WACCT54907434:18a0149c0b7:-7f72','',NULL),('WMbe12291:18a3fa9b053:4c9d','00807','EVER','1/2',100000,'STOCK','ACTIVE','WACCT54907434:18a0149c0b7:-7f73','',NULL),('WMbe12291:18a3fa9b053:50c9','00808','EVER','1/2',100000,'STOCK','ACTIVE','WACCT54907434:18a0149c0b7:-7f71','',NULL),('WMbe12291:18a3fa9b053:5275','00809','EVER','1/2',100000,'STOCK','ACTIVE','WACCT54907434:18a0149c0b7:-7f6f','',NULL),('WMbe12291:18a3fa9b053:5432','00810','EVER','1/2',100000,'STOCK','ACTIVE','WACCT54907434:18a0149c0b7:-7f6d','',NULL),('WMbe12291:18a3fa9b053:615','00767','EVER','1/2',100000,'STOCK','ACTIVE','WACCT-71354bce:189f6f8c594:-7f21','',NULL),('WMbe12291:18a3fa9b053:7fb','00768','EVER','1/2',100000,'STOCK','ACTIVE','WACCT-5d78541:189dd34aeb5:-7fe7','',NULL),('WMbe12291:18a3fa9b053:9f8','00769','EVER','1/2',100000,'STOCK','ACTIVE','WACCT-5d78541:189dd34aeb5:-7fbc','',NULL),('WMbe12291:18a3fa9b053:b7e','0770','EVER','1/2',100000,'STOCK','ACTIVE','WACCT-71354bce:189f6f8c594:-7fc3','',NULL),('WMbe12291:18a3fa9b053:ce2','00771','EVER','1/2',100000,'STOCK','ACTIVE','WACCT-5d78541:189dd34aeb5:-7fea','',NULL),('WMbe12291:18a3fa9b053:e46','00772','EVER','1/2',100000,'STOCK','ACTIVE','WACCT-5f2287b5:18a1b111382:-7f99','',NULL),('WMbe12291:18a3fa9b053:faa','00773','EVER','1/2',100000,'STOCK','ACTIVE','WACCT-71354bce:189f6f8c594:-7f78','',NULL),('WMef5b2be:18a4568879e:-118f','00935','EVER','1/2',100000,'STOCK','ACTIVE','WACCT54907434:18a0149c0b7:-7f9c','',NULL),('WMef5b2be:18a4568879e:-12f3','00934','EVER','1/2',100000,'STOCK','ACTIVE','WACCT54907434:18a0149c0b7:-7f9d','',NULL),('WMef5b2be:18a4568879e:-1465','00933','EVER','1/2',100000,'STOCK','ACTIVE','WACCT54907434:18a0149c0b7:-7f9a','',NULL),('WMef5b2be:18a4568879e:-15dc','00932','EVER','1/2',100000,'STOCK','ACTIVE','WACCT54907434:18a0149c0b7:-7f99','',NULL),('WMef5b2be:18a4568879e:-175c','00931','EVER','1/2',100000,'STOCK','ACTIVE','WACCT54907434:18a0149c0b7:-7f98','',NULL),('WMef5b2be:18a4568879e:-18f3','00930','EVER','1/2',100000,'STOCK','ACTIVE','WACCT54907434:18a0149c0b7:-7f96','',NULL),('WMef5b2be:18a4568879e:-1aac','00929','EVER','1/2',100000,'STOCK','ACTIVE','WACCT54907434:18a0149c0b7:-7f97','',NULL),('WMef5b2be:18a4568879e:-1c10','00928','EVER','1/2',100000,'STOCK','ACTIVE','WACCT54907434:18a0149c0b7:-7f95','',NULL),('WMef5b2be:18a4568879e:-1dcf','00927','EVER','1/2',100000,'STOCK','ACTIVE','WACCT54907434:18a0149c0b7:-7f92','',NULL),('WMef5b2be:18a4568879e:-1f33','00926','EVERF','1/2',100000,'STOCK','ACTIVE','WACCT54907434:18a0149c0b7:-7f93','',NULL),('WMef5b2be:18a4568879e:-2097','00925','EVER','1/2',100000,'STOCK','ACTIVE','WACCT54907434:18a0149c0b7:-7f94','',NULL),('WMef5b2be:18a4568879e:-220e','00924','EVER','1/2',100000,'STOCK','ACTIVE','WACCT54907434:18a0149c0b7:-7f90','',NULL),('WMef5b2be:18a4568879e:-2453','00921','EVER','1/2',100000,'STOCK','ACTIVE','WACCT54907434:18a0149c0b7:-7f65','',NULL),('WMef5b2be:18a4568879e:-25f6','00920','EVER','1/2',100000,'STOCK','ACTIVE','WACCT517ae648:18a06883977:-7fee','',NULL),('WMef5b2be:18a4568879e:-275a','00919','EVER','1/2',100000,'STOCK','ACTIVE','WACCT517ae648:18a06883977:-7fdf','',NULL),('WMef5b2be:18a4568879e:-28be','00918','EVER','1/2',100000,'STOCK','ACTIVE','WACCT-5f2287b5:18a1b111382:-7f9c','',NULL),('WMef5b2be:18a4568879e:-2a22','00916','EVER','1/2',100000,'STOCK','ACTIVE','WACCT-5f2287b5:18a1b111382:-7f9d','',NULL),('WMef5b2be:18a4568879e:-2ba8','00915','EVER','1/2',100000,'STOCK','ACTIVE','WACCT-5f2287b5:18a1b111382:-7fa0','',NULL),('WMef5b2be:18a4568879e:-2d13','00914','EVER','1/2',100000,'STOCK','ACTIVE','WACCT-5f2287b5:18a1b111382:-7fa1','',NULL),('WMef5b2be:18a4568879e:-2e77','00913','EVER','1/2',100000,'STOCK','ACTIVE','WACCT-5f2287b5:18a1b111382:-7fa2','',NULL),('WMef5b2be:18a4568879e:-2fdb','00912','EVER','1/2',100000,'STOCK','ACTIVE','WACCT-5f2287b5:18a1b111382:-7fa3','',NULL),('WMef5b2be:18a4568879e:-315b','00911','EVER','1/2',100000,'STOCK','ACTIVE','WACCT-5f2287b5:18a1b111382:-7fa4','',NULL),('WMef5b2be:18a4568879e:-32bf','00910','EVER','1/2',100000,'STOCK','ACTIVE','WACCT517ae648:18a06883977:-7fc1','',NULL),('WMef5b2be:18a4568879e:-350f','00909','EVER','1/2',100000,'STOCK','ACTIVE','WACCT517ae648:18a06883977:-7fc4','',NULL),('WMef5b2be:18a4568879e:-3673','00908','EVER','1/2',100000,'STOCK','ACTIVE','WACCT517ae648:18a06883977:-7fc5','',NULL),('WMef5b2be:18a4568879e:-383e','00907','EVER','1/2',100000,'STOCK','ACTIVE','WACCT517ae648:18a06883977:-7fc6','',NULL),('WMef5b2be:18a4568879e:-39f5','00906','EVER','1/2',100000,'STOCK','ACTIVE','WACCT517ae648:18a06883977:-7fca','',NULL),('WMef5b2be:18a4568879e:-3c26','00905','EVER','1/2',100000,'STOCK','ACTIVE','WACCT517ae648:18a06883977:-7fc8','',NULL),('WMef5b2be:18a4568879e:-3d8a','00904','EVER','1/2',100000,'STOCK','ACTIVE','WACCT517ae648:18a06883977:-7fcc','',NULL),('WMef5b2be:18a4568879e:-3eee','00903','EVER','1/2',100000,'STOCK','ACTIVE','WACCT517ae648:18a06883977:-7fcd','',NULL),('WMef5b2be:18a4568879e:-4052','00902','EVER','1/2',100000,'STOCK','ACTIVE','WACCT517ae648:18a06883977:-7fd2','',NULL),('WMef5b2be:18a4568879e:-41b6','00901','EVER','1/2',100000,'STOCK','ACTIVE','WACCT517ae648:18a06883977:-7fd6','',NULL),('WMef5b2be:18a4568879e:-43a3','00897','EVER','1/2',100000,'STOCK','ACTIVE','WACCT517ae648:18a06883977:-7fd3','',NULL),('WMef5b2be:18a4568879e:-4528','00898','EVER','1/2',100000,'STOCK','ACTIVE','WACCT517ae648:18a06883977:-7fd5','',NULL),('WMef5b2be:18a4568879e:-4721','00896','EVER','1/2',100000,'STOCK','ACTIVE','WACCT517ae648:18a06883977:-7fd8','',NULL),('WMef5b2be:18a4568879e:-488d','00895','EVER','1/2',100000,'STOCK','ACTIVE','WACCT517ae648:18a06883977:-7fd9','',NULL),('WMef5b2be:18a4568879e:-49f1','00893','EVER','1/2',100000,'STOCK','ACTIVE','WACCT517ae648:18a06883977:-7fda','',NULL),('WMef5b2be:18a4568879e:-4b94','00892','EVER','1/2',100000,'STOCK','ACTIVE','WACCT517ae648:18a06883977:-7fdc','',NULL),('WMef5b2be:18a4568879e:-4d37','00891','EVER','1/2',100000,'STOCK','ACTIVE','WACCT517ae648:18a06883977:-7fde','',NULL),('WMef5b2be:18a4568879e:-4ea9','00890','EVER','1/2',100000,'STOCK','ACTIVE','WACCT517ae648:18a06883977:-7fe0','',NULL),('WMef5b2be:18a4568879e:-50a5','00889','EVER','1/2',100000,'STOCK','ACTIVE','WACCT517ae648:18a06883977:-7fe2','',NULL),('WMef5b2be:18a4568879e:-5209','00886','EVER','1/2',100000,'STOCK','ACTIVE','WACCT517ae648:18a06883977:-7fe3','',NULL),('WMef5b2be:18a4568879e:-536d','00885','EVER','1/2',100000,'STOCK','ACTIVE','WACCT517ae648:18a06883977:-7fe4','',NULL),('WMef5b2be:18a4568879e:-54d1','08784','EVER','1/2',100000,'STOCK','ACTIVE','WACCT517ae648:18a06883977:-7fe5','',NULL),('WMef5b2be:18a4568879e:-564a','00873','EVER','1/2',100000,'STOCK','ACTIVE','WACCT517ae648:18a06883977:-7fe6','',NULL),('WMef5b2be:18a4568879e:-57c9','00872','EVER','1/2',100000,'STOCK','ACTIVE','WACCT517ae648:18a06883977:-7fe7','',NULL),('WMef5b2be:18a4568879e:-5955','00871','EVER','1/2',100000,'STOCK','ACTIVE','WACCT517ae648:18a06883977:-7feb','',NULL),('WMef5b2be:18a4568879e:-5ab9','00869','EVER','1/2',100000,'STOCK','ACTIVE','WACCT517ae648:18a06883977:-7fec','',NULL),('WMef5b2be:18a4568879e:-5c1d','00868','EVER','1/2',100000,'STOCK','ACTIVE','WACCT517ae648:18a06883977:-7fed','',NULL),('WMef5b2be:18a4568879e:-5db3','00867','EVER','1/2',100000,'STOCK','ACTIVE','WACCT517ae648:18a06883977:-7ff0','',NULL),('WMef5b2be:18a4568879e:-5fce','00866','EVER','1/2',100000,'STOCK','ACTIVE','WACCT517ae648:18a06883977:-7ff1','',NULL),('WMef5b2be:18a4568879e:-6163','00865','EVER','1/2',100000,'STOCK','ACTIVE','WACCT517ae648:18a06883977:-7fef','',NULL),('WMef5b2be:18a4568879e:-62ed','00870','EVER','1/2',100000,'STOCK','ACTIVE','WACCT517ae648:18a06883977:-7ff2','',NULL),('WMef5b2be:18a4568879e:-6451','008588','EVER','1/2',100000,'STOCK','ACTIVE','WACCT517ae648:18a06883977:-7ff3','',NULL),('WMef5b2be:18a4568879e:-65f1','00858','EVER','1/2',100000,'STOCK','ACTIVE','WACCT517ae648:18a06883977:-7ff5','',NULL),('WMef5b2be:18a4568879e:-6778','00857','EVER','1/2',100000,'STOCK','ACTIVE','WACCT517ae648:18a06883977:-7ff6','',NULL),('WMef5b2be:18a4568879e:-68ff','00856','EVER','1/2',100000,'STOCK','ACTIVE','WACCT517ae648:18a06883977:-7ff8','',NULL),('WMef5b2be:18a4568879e:-6a63','00855','EVER','1/2',100000,'STOCK','ACTIVE','WACCT517ae648:18a06883977:-7ff9','',NULL),('WMef5b2be:18a4568879e:-6c67','00854','EVER','1/2',100000,'STOCK','ACTIVE','WACCT517ae648:18a06883977:-7ffa','',NULL),('WMef5b2be:18a4568879e:-6dcb','00853','EVER','1/2',100000,'STOCK','ACTIVE','WACCT517ae648:18a06883977:-7ffb','',NULL),('WMef5b2be:18a4568879e:-6f2f','00852','EVER','1/2',100000,'STOCK','ACTIVE','WACCT54907434:18a0149c0b7:-7f56','',NULL),('WMef5b2be:18a4568879e:-70cf','00851','EVER','1/2',100000,'STOCK','ACTIVE','WACCT54907434:18a0149c0b7:-7f58','',NULL),('WMef5b2be:18a4568879e:-7233','00850','EVER','1/2',100000,'STOCK','ACTIVE','WACCT54907434:18a0149c0b7:-7f5a','',NULL),('WMef5b2be:18a4568879e:-73af','00849','EVER','1/2',100000,'STOCK','ACTIVE','WACCT54907434:18a0149c0b7:-7f5b','',NULL),('WMef5b2be:18a4568879e:-757b','008488','EVER','1/2',100000,'STOCK','ACTIVE','WACCT54907434:18a0149c0b7:-7f5c','',NULL),('WMef5b2be:18a4568879e:-76f2','00847','EVER','1/2',100000,'STOCK','ACTIVE','WACCT54907434:18a0149c0b7:-7f5e','',NULL),('WMef5b2be:18a4568879e:-78a8','00846','EVER','1/2',100000,'STOCK','ACTIVE','WACCT54907434:18a0149c0b7:-7f60','',NULL),('WMef5b2be:18a4568879e:-7a83','00844','EVER','1/2',100000,'STOCK','ACTIVE','WACCT54907434:18a0149c0b7:-7f61','',NULL),('WMef5b2be:18a4568879e:-7c09','00843','EVER','1/2',100000,'STOCK','ACTIVE','WACCT54907434:18a0149c0b7:-7f62','',NULL),('WMef5b2be:18a4568879e:-7d97','00841','EVER','1/2',100000,'STOCK','ACTIVE','WACCT54907434:18a0149c0b7:-7f5f','',NULL),('WMef5b2be:18a4568879e:-7efb','00840','EVER','1/2',100000,'STOCK','ACTIVE','WACCT54907434:18a0149c0b7:-7f66','',NULL),('WMef5b2be:18a4568879e:-90c','00940','EVER','1/2',100000,'STOCK','ACTIVE','WACCT54907434:18a0149c0b7:-7fac','',NULL),('WMef5b2be:18a4568879e:-a70','00939','EVER','1/2',100000,'STOCK','ACTIVE','WACCT54907434:18a0149c0b7:-7fb0','',NULL),('WMef5b2be:18a4568879e:-c44','00938','EVER','1/2',100000,'STOCK','ACTIVE','WACCT54907434:18a0149c0b7:-7fc1','',NULL),('WMef5b2be:18a4568879e:-da8','00937','EVER','1/2',100000,'STOCK','ACTIVE','WACCT54907434:18a0149c0b7:-7fc5','',NULL),('WMef5b2be:18a4568879e:-ff3','00936','EVER','1/2',100000,'STOCK','ACTIVE','WACCT54907434:18a0149c0b7:-7f9f','',NULL),('WMf61295e:18a6da029ae:-7df9','007','EVER','1/2',100000,'STOCK','ACTIVE','WACCT-7440d19c:18a697a40ba:-7f9e','',NULL),('WMfe87b2e:18a2b3ea51e:-1028','00524','EVER','1/2',100000,'STOCK','ACTIVE','WACCT-5f2287b5:18a1b111382:-7f9f','',NULL),('WMfe87b2e:18a2b3ea51e:-121e','00523','EVER','1/2',100000,'STOCK','ACTIVE','WACCT54907434:18a0149c0b7:-7f55','',NULL),('WMfe87b2e:18a2b3ea51e:-1478','00522','EVER','1/2',100000,'STOCK','ACTIVE','WACCT-71354bce:189f6f8c594:-7fa9','',NULL),('WMfe87b2e:18a2b3ea51e:-1850','00521','EVER','1/2',100000,'STOCK','ACTIVE','WACCT4d8c0d7e:189b925a776:-7fda','',NULL),('WMfe87b2e:18a2b3ea51e:-1b4e','00519','EVER','1/2',100000,'STOCK','ACTIVE','WACCT3820fb32:189d2d45c3b:-7fdb','',NULL),('WMfe87b2e:18a2b3ea51e:-1d3d','00518','EVER','1/2',100000,'STOCK','ACTIVE','WACCT517ae648:18a06883977:-7fc9','',NULL),('WMfe87b2e:18a2b3ea51e:-1f02','00517','EVER','1/2',100000,'STOCK','ACTIVE','WACCT3820fb32:189d2d45c3b:-7fd1','',NULL),('WMfe87b2e:18a2b3ea51e:-2066','00516','EVER','1/2',100000,'STOCK','ACTIVE','WACCT-71354bce:189f6f8c594:-7f48','',NULL),('WMfe87b2e:18a2b3ea51e:-223f','00514','EVER','1/2',100000,'STOCK','ACTIVE','WACCT54907434:18a0149c0b7:-7f7f','',NULL),('WMfe87b2e:18a2b3ea51e:-23a3','00513','EVER','1/2',100000,'STOCK','ACTIVE','WACCT517ae648:18a06883977:-7fd7','',NULL),('WMfe87b2e:18a2b3ea51e:-250c','00511','EVER','1/2',100000,'STOCK','ACTIVE','WACCT54907434:18a0149c0b7:-7f91','',NULL),('WMfe87b2e:18a2b3ea51e:-2720','00510','EVER','1/2',100000,'STOCK','ACTIVE','WACCT-5d78541:189dd34aeb5:-7fe3','',NULL),('WMfe87b2e:18a2b3ea51e:-284','00535','EVER','1/2',100000,'STOCK','ACTIVE','WACCT-5d78541:189dd34aeb5:-7fcf','',NULL),('WMfe87b2e:18a2b3ea51e:-28f3','00509','EVER','1/2',100000,'STOCK','ACTIVE','WACCT-71354bce:189f6f8c594:-7f5c','',NULL),('WMfe87b2e:18a2b3ea51e:-2add','00506','EVER','1/2',100000,'STOCK','ACTIVE','WACCT3820fb32:189d2d45c3b:-7fd0','',NULL),('WMfe87b2e:18a2b3ea51e:-2d01','00502','EVER','1/2',100000,'STOCK','ACTIVE','WACCT-71354bce:189f6f8c594:-7fc7','',NULL),('WMfe87b2e:18a2b3ea51e:-2e96','00501','EVER','1/2',100000,'STOCK','ACTIVE','WACCT-5d78541:189dd34aeb5:-7fff','',NULL),('WMfe87b2e:18a2b3ea51e:-3267','00500','EVER','1/2',100000,'STOCK','ACTIVE','WACCT-5d78541:189dd34aeb5:-7ff5','',NULL),('WMfe87b2e:18a2b3ea51e:-33cb','00206','EVER','1/2',100000,'STOCK','ACTIVE','WACCT-71354bce:189f6f8c594:-7f7d','',NULL),('WMfe87b2e:18a2b3ea51e:-3532','00205','EVER','1/2',100000,'STOCK','ACTIVE','WACCT-71354bce:189f6f8c594:-7fef','',NULL),('WMfe87b2e:18a2b3ea51e:-36b4','00203','EVER','1/2',100000,'STOCK','ACTIVE','WACCT-71354bce:189f6f8c594:-7f9e','',NULL),('WMfe87b2e:18a2b3ea51e:-389e','00202','EVER','1/2',100000,'STOCK','ACTIVE','WACCT54907434:18a0149c0b7:-7fa6','',NULL),('WMfe87b2e:18a2b3ea51e:-3ae5','00201','EVER','1/2',100000,'STOCK','ACTIVE','WACCT-5d78541:189dd34aeb5:-7fcb','',NULL),('WMfe87b2e:18a2b3ea51e:-3cc0','00191','EVER','1/2',100000,'STOCK','ACTIVE','WACCT-71354bce:189f6f8c594:-7f95','',NULL),('WMfe87b2e:18a2b3ea51e:-3e32','00190','EVER','1/2',100000,'STOCK','ACTIVE','WACCT54907434:18a0149c0b7:-7f84','',NULL),('WMfe87b2e:18a2b3ea51e:-3f','00536','EVER','1/2',100000,'STOCK','ACTIVE','WACCT54907434:18a0149c0b7:-7feb','',NULL),('WMfe87b2e:18a2b3ea51e:-4254','00188','EVER','1/2',100000,'STOCK','ACTIVE','WACCT54907434:18a0149c0b7:-7fb1','',NULL),('WMfe87b2e:18a2b3ea51e:-4409','00187','EVER','1/2',100000,'STOCK','ACTIVE','WACCT54907434:18a0149c0b7:-7fcd','',NULL),('WMfe87b2e:18a2b3ea51e:-4638','00186','EVER','1/2',100000,'STOCK','ACTIVE','WACCT-71354bce:189f6f8c594:-7f71','',NULL),('WMfe87b2e:18a2b3ea51e:-47e1','00185','EVER','1/2',10000,'STOCK','ACTIVE','WACCT517ae648:18a06883977:-7fdd','',NULL),('WMfe87b2e:18a2b3ea51e:-4981','00183','EVER','1/2',100000,'STOCK','ACTIVE','WACCT-71354bce:189f6f8c594:-7f38','',NULL),('WMfe87b2e:18a2b3ea51e:-4ae5','00181','EVER','1/2',100000,'STOCK','ACTIVE','WACCT-5d78541:189dd34aeb5:-7fec','',NULL),('WMfe87b2e:18a2b3ea51e:-4caf','00180','EVER','1/2',100000,'STOCK','ACTIVE','WACCT-71354bce:189f6f8c594:-7ff9','',NULL),('WMfe87b2e:18a2b3ea51e:-4dd','00534','EVER','1/2',100000,'STOCK','ACTIVE','WACCT54907434:18a0149c0b7:-7fc6','',NULL),('WMfe87b2e:18a2b3ea51e:-4e3d','00179','EVER','1/2',100000,'STOCK','ACTIVE','WACCT54907434:18a0149c0b7:-7f82','',NULL),('WMfe87b2e:18a2b3ea51e:-5061','00178','EVER','1/2',100000,'STOCK','ACTIVE','WACCT-71354bce:189f6f8c594:-7f28','',NULL),('WMfe87b2e:18a2b3ea51e:-51e8','00177','EVER','1/2',100000,'STOCK','ACTIVE','WACCT-71354bce:189f6f8c594:-7f2d','',NULL),('WMfe87b2e:18a2b3ea51e:-548a','00176','EVER','1/2',100000,'STOCK','ACTIVE','WACCT54907434:18a0149c0b7:-7ffb','',NULL),('WMfe87b2e:18a2b3ea51e:-56f4','00175','EVER','1/2',100000,'STOCK','ACTIVE','WACCT-5d78541:189dd34aeb5:-7fd1','',NULL),('WMfe87b2e:18a2b3ea51e:-5890','00174','EVER','1/2',100000,'STOCK','ACTIVE','WACCT-71354bce:189f6f8c594:-7f6f','',NULL),('WMfe87b2e:18a2b3ea51e:-5a43','00173','EVER','1/2',100000,'STOCK','ACTIVE','WACCT-71354bce:189f6f8c594:-7f40','',NULL),('WMfe87b2e:18a2b3ea51e:-5bc5','00172','EVER','1/2',100000,'STOCK','ACTIVE','WACCT-71354bce:189f6f8c594:-7ff4','',NULL),('WMfe87b2e:18a2b3ea51e:-5d81','00171','EVER','1/2',100000,'STOCK','ACTIVE','WACCT-71354bce:189f6f8c594:-7f9d','',NULL),('WMfe87b2e:18a2b3ea51e:-5fd1','00170','EVER','1/2',100000,'STOCK','ACTIVE','WACCT-71354bce:189f6f8c594:-7fb1','',NULL),('WMfe87b2e:18a2b3ea51e:-615c','00169','EVER','1/2',100000,'STOCK','ACTIVE','WACCT-71354bce:189f6f8c594:-7f4c','',NULL),('WMfe87b2e:18a2b3ea51e:-62c0','00168','EVER','1/2',100000,'STOCK','ACTIVE','WACCT-71354bce:189f6f8c594:-7f54','',NULL),('WMfe87b2e:18a2b3ea51e:-6437','00167','EVER','1/2',100000,'STOCK','ACTIVE','WACCT-71354bce:189f6f8c594:-7f4e','',NULL),('WMfe87b2e:18a2b3ea51e:-65ff','00166','EVER','1/2',100000,'STOCK','ACTIVE','WACCT-71354bce:189f6f8c594:-7f6e','',NULL),('WMfe87b2e:18a2b3ea51e:-67d9','00165','EVER','1/2',100000,'STOCK','ACTIVE','WACCT-71354bce:189f6f8c594:-7f4d','',NULL),('WMfe87b2e:18a2b3ea51e:-68b','00533','EVER','1/2',100000,'STOCK','ACTIVE','WACCT5ce2599f:189be8fb9f1:-7ffb','',NULL),('WMfe87b2e:18a2b3ea51e:-69dc','00164','EVER','1/2',100000,'STOCK','ACTIVE','WACCT-71354bce:189f6f8c594:-7f50','',NULL),('WMfe87b2e:18a2b3ea51e:-6b5e','00163','EVER','1/2',100000,'STOCK','ACTIVE','WACCT-71354bce:189f6f8c594:-7f57','',NULL),('WMfe87b2e:18a2b3ea51e:-6d09','00162','EVER','1/2',100000,'STOCK','ACTIVE','WACCT-71354bce:189f6f8c594:-7f51','',NULL),('WMfe87b2e:18a2b3ea51e:-6e92','00161','EVER','1/2',100000,'STOCK','ACTIVE','WACCT-71354bce:189f6f8c594:-7f66','',NULL),('WMfe87b2e:18a2b3ea51e:-6ff6','00160','EVER','1/2',100000,'STOCK','ACTIVE','WACCT-71354bce:189f6f8c594:-7f5a','',NULL),('WMfe87b2e:18a2b3ea51e:-7ef','00532','EVER','1/2',100000,'STOCK','ACTIVE','WACCT54907434:18a0149c0b7:-7fe3','',NULL),('WMfe87b2e:18a2b3ea51e:-988','00531','EVER','1/2',100000,'STOCK','ACTIVE','WACCT-71354bce:189f6f8c594:-7f99','',NULL),('WMfe87b2e:18a2b3ea51e:-b5d','00530','EVER','1/2',100000,'STOCK','ACTIVE','WACCT-71354bce:189f6f8c594:-7f26','',NULL),('WMfe87b2e:18a2b3ea51e:-d3d','00529','EVER','1/2',100000,'STOCK','ACTIVE','WACCT5ce2599f:189be8fb9f1:-7fef','',NULL),('WMfe87b2e:18a2b3ea51e:-ec4','00528','EVER','1/2',100000,'STOCK','ACTIVE','WACCT-71354bce:189f6f8c594:-7f79','',NULL),('WMfe87b2e:18a2b3ea51e:109f','00558','EVER','1/2',100000,'STOCK','ACTIVE','WACCT54907434:18a0149c0b7:-7f9e','',NULL),('WMfe87b2e:18a2b3ea51e:1211','00559','EVER','1/2',100000,'STOCK','ACTIVE','WACCT5ce2599f:189be8fb9f1:-7ff1','',NULL),('WMfe87b2e:18a2b3ea51e:13b3','00560','EVER','1/2',100000,'STOCK','ACTIVE','WACCT54907434:18a0149c0b7:-7fd5','',NULL),('WMfe87b2e:18a2b3ea51e:155b','00561','EVER','1/2',100000,'STOCK','ACTIVE','WACCT-5d78541:189dd34aeb5:-7fca','',NULL),('WMfe87b2e:18a2b3ea51e:1712','00562','EVER','1/2',100000,'STOCK','ACTIVE','WACCT3820fb32:189d2d45c3b:-7fcb','',NULL),('WMfe87b2e:18a2b3ea51e:1876','00563','EVER','1/2',100000,'STOCK','ACTIVE','WACCT517ae648:18a06883977:-7fe1','',NULL),('WMfe87b2e:18a2b3ea51e:1b9e','00566','EVER','1/2',100000,'STOCK','ACTIVE','WACCT54907434:18a0149c0b7:-7f83','',NULL),('WMfe87b2e:18a2b3ea51e:1c2','00539','EVER','1/2',100000,'STOCK','ACTIVE','WACCT54907434:18a0149c0b7:-7fe1','',NULL),('WMfe87b2e:18a2b3ea51e:1d20','00567','EVER','1/2',100000,'STOCK','ACTIVE','WACCT54907434:18a0149c0b7:-7f80','',NULL),('WMfe87b2e:18a2b3ea51e:1f16','00568','EVER','1/2',100000,'STOCK','ACTIVE','WACCT-5d78541:189dd34aeb5:-7fbb','',NULL),('WMfe87b2e:18a2b3ea51e:20d2','00569','EVER','1/2',100000,'STOCK','ACTIVE','WACCT54907434:18a0149c0b7:-7f8b','',NULL),('WMfe87b2e:18a2b3ea51e:2254','00570','EVER','1/2',100000,'STOCK','ACTIVE','WACCT54907434:18a0149c0b7:-7f78','',NULL),('WMfe87b2e:18a2b3ea51e:2415','00571','EVER','1/2',100000,'STOCK','ACTIVE','WACCT54907434:18a0149c0b7:-7f7e','',NULL),('WMfe87b2e:18a2b3ea51e:2579','00572','EVER','1/2',100000,'STOCK','ACTIVE','WACCT-5d78541:189dd34aeb5:-7fe2','',NULL),('WMfe87b2e:18a2b3ea51e:26dd','00573','EVER','1/2',100000,'STOCK','ACTIVE','WACCT54907434:18a0149c0b7:-7f6a','',NULL),('WMfe87b2e:18a2b3ea51e:28fc','00575','EVER','1/2',100000,'STOCK','ACTIVE','WACCT-71354bce:189f6f8c594:-7fb8','',NULL),('WMfe87b2e:18a2b3ea51e:2b82','00576','EVER','1/2',100000,'STOCK','ACTIVE','WACCT-71354bce:189f6f8c594:-7f86','',NULL),('WMfe87b2e:18a2b3ea51e:2d04','00577','EVER','1/2',100000,'STOCK','ACTIVE','WACCT-5d78541:189dd34aeb5:-7fba','',NULL),('WMfe87b2e:18a2b3ea51e:2ef5','00578','EVER','1/2',100000,'STOCK','ACTIVE','WACCT3820fb32:189d2d45c3b:-7fca','',NULL),('WMfe87b2e:18a2b3ea51e:3085','00579','EVER','1/2',100000,'STOCK','ACTIVE','WACCT517ae648:18a06883977:-7ff4','',NULL),('WMfe87b2e:18a2b3ea51e:321a','00580','EVERW','1/2',100000,'STOCK','ACTIVE','WACCT-5d78541:189dd34aeb5:-7fc8','',NULL),('WMfe87b2e:18a2b3ea51e:3496','00581','EVER','1/2',100000,'STOCK','ACTIVE','WACCT-71354bce:189f6f8c594:-7f31','',NULL),('WMfe87b2e:18a2b3ea51e:371e','00583','EVER','1/2',100000,'STOCK','ACTIVE','WACCT-71354bce:189f6f8c594:-7f58','',NULL),('WMfe87b2e:18a2b3ea51e:3882','00584','EVER','1/2',100000,'STOCK','ACTIVE','WACCT54907434:18a0149c0b7:-7fa1','',NULL),('WMfe87b2e:18a2b3ea51e:390','00540','EVER','1/2',100000,'STOCK','ACTIVE','WACCT-71354bce:189f6f8c594:-7fa6','',NULL),('WMfe87b2e:18a2b3ea51e:3a0b','00585','EVER','1/2',100000,'STOCK','ACTIVE','WACCT54907434:18a0149c0b7:-7f77','',NULL),('WMfe87b2e:18a2b3ea51e:3c15','00586','EVER','1/2',100000,'STOCK','ACTIVE','WACCT-71354bce:189f6f8c594:-7f6d','',NULL),('WMfe87b2e:18a2b3ea51e:3e47','00587','EVER','1/2',100000,'STOCK','ACTIVE','WACCT-71354bce:189f6f8c594:-7f53','',NULL),('WMfe87b2e:18a2b3ea51e:3fab','00588','EVER','1/2',100000,'STOCK','ACTIVE','WACCT517ae648:18a06883977:-7fdb','',NULL),('WMfe87b2e:18a2b3ea51e:419c','00589','EVER','1/2',100000,'STOCK','ACTIVE','WACCT3820fb32:189d2d45c3b:-7fd5','',NULL),('WMfe87b2e:18a2b3ea51e:433e','00590','EVER','1/2',100000,'STOCK','ACTIVE','WACCT-71354bce:189f6f8c594:-7fde','',NULL),('WMfe87b2e:18a2b3ea51e:44fd','00591','EVER','1/2',100000,'STOCK','ACTIVE','WACCT-5f2287b5:18a1b111382:-7f9e','',NULL),('WMfe87b2e:18a2b3ea51e:46fb','00592','EVER','1/2',100000,'STOCK','ACTIVE','WACCT54907434:18a0149c0b7:-7f9b','',NULL),('WMfe87b2e:18a2b3ea51e:4890','00593','EVER','1/2',100000,'STOCK','ACTIVE','WACCT-71354bce:189f6f8c594:-7fc5','',NULL),('WMfe87b2e:18a2b3ea51e:4a17','00594','EVER','1/2',100000,'STOCK','ACTIVE','WACCT-5d78541:189dd34aeb5:-7fb9','',NULL),('WMfe87b2e:18a2b3ea51e:4b7b','00595','EVER','1/2',100000,'STOCK','ACTIVE','WACCT5ce2599f:189be8fb9f1:-7ff6','',NULL),('WMfe87b2e:18a2b3ea51e:4d38','00596','EVER','1/2',100000,'STOCK','ACTIVE','WACCT517ae648:18a06883977:-7fc7','',NULL),('WMfe87b2e:18a2b3ea51e:4ed8','00597','EVER','1/2',100000,'STOCK','ACTIVE','WACCT-71354bce:189f6f8c594:-7f8d','',NULL),('WMfe87b2e:18a2b3ea51e:5052','00598','EVER','1/2',100000,'STOCK','ACTIVE','WACCT-5d78541:189dd34aeb5:-7fe0','',NULL),('WMfe87b2e:18a2b3ea51e:5277','00599','EVER','1/2',100000,'STOCK','ACTIVE','WACCT-71354bce:189f6f8c594:-7f83','',NULL),('WMfe87b2e:18a2b3ea51e:53db','00600','EVER','1/2',100000,'STOCK','ACTIVE','WACCT5ce2599f:189be8fb9f1:-7fff','',NULL),('WMfe87b2e:18a2b3ea51e:5599','00601','EVER','1/2',100000,'STOCK','ACTIVE','WACCT54907434:18a0149c0b7:-7f5d','',NULL),('WMfe87b2e:18a2b3ea51e:572e','00602','EVER','1/2',100000,'STOCK','ACTIVE','WACCT4d8c0d7e:189b925a776:-7fe0','',NULL),('WMfe87b2e:18a2b3ea51e:5892','00603','EVER','1/2',100000,'STOCK','ACTIVE','WACCT54907434:18a0149c0b7:-7f8e','',NULL),('WMfe87b2e:18a2b3ea51e:5a7f','00604','EVER','1/2',100000,'STOCK','ACTIVE','WACCT-5d78541:189dd34aeb5:-7fc9','',NULL),('WMfe87b2e:18a2b3ea51e:5b7','00550','EVER','1/2',100000,'STOCK','ACTIVE','WACCT-71354bce:189f6f8c594:-7f25','',NULL),('WMfe87b2e:18a2b3ea51e:5c01','00605','EVER','1/2',100000,'STOCK','ACTIVE','WACCT54907434:18a0149c0b7:-7f8d','',NULL),('WMfe87b2e:18a2b3ea51e:5ddc','00606','EVER','1/2',100000,'STOCK','ACTIVE','WACCT-71354bce:189f6f8c594:-7f07','',NULL),('WMfe87b2e:18a2b3ea51e:5f4e','00607','EVER','1/2',100000,'STOCK','ACTIVE','WACCT-5d78541:189dd34aeb5:-7ff2','',NULL),('WMfe87b2e:18a2b3ea51e:60e5','00608','EVERW','1/2',100000,'STOCK','ACTIVE','WACCT-71354bce:189f6f8c594:-7f6b','',NULL),('WMfe87b2e:18a2b3ea51e:6249','00609','EVER','1/2',100000,'STOCK','ACTIVE','WACCT517ae648:18a06883977:-7fd4','',NULL),('WMfe87b2e:18a2b3ea51e:6400','00610','EVER','1/2',100000,'STOCK','ACTIVE','WACCT-71354bce:189f6f8c594:-7f23','',NULL),('WMfe87b2e:18a2b3ea51e:6582','00611','EVER','1/2',100000,'STOCK','ACTIVE','WACCT54907434:18a0149c0b7:-7f81','',NULL),('WMfe87b2e:18a2b3ea51e:67d5','00612','EVER','1/2',100000,'STOCK','ACTIVE','WACCT3820fb32:189d2d45c3b:-7fd7','',NULL),('WMfe87b2e:18a2b3ea51e:69ae','00613','EVER','1/2',100000,'STOCK','ACTIVE','WACCT-5d78541:189dd34aeb5:-7ff8','',NULL),('WMfe87b2e:18a2b3ea51e:6c19','00614','EVER','1/2',100000,'STOCK','ACTIVE','WACCT5ce2599f:189be8fb9f1:-7ffe','',NULL),('WMfe87b2e:18a2b3ea51e:6e82','00615','EVER','1/2',100000,'STOCK','ACTIVE','WACCT-5d78541:189dd34aeb5:-7ff6','',NULL),('WMfe87b2e:18a2b3ea51e:7063','00616','EVER','1/2',100000,'STOCK','ACTIVE','WACCT54907434:18a0149c0b7:-7f53','',NULL),('WMfe87b2e:18a2b3ea51e:71e4','00617','EVER','1/2',100000,'STOCK','ACTIVE','WACCT-71354bce:189f6f8c594:-7fd9','',NULL),('WMfe87b2e:18a2b3ea51e:7371','00618','EVER','1/2',100000,'STOCK','ACTIVE','WACCT-71354bce:189f6f8c594:-7f9f','',NULL),('WMfe87b2e:18a2b3ea51e:75ac','00619','EVER','1/2',100000,'STOCK','ACTIVE','WACCT54907434:18a0149c0b7:-7fa3','',NULL),('WMfe87b2e:18a2b3ea51e:7710','00620','EVER','1/2',100000,'STOCK','ACTIVE','WACCT-71354bce:189f6f8c594:-7f55','',NULL),('WMfe87b2e:18a2b3ea51e:787b','00621','EVER','1/2',100000,'STOCK','ACTIVE','WACCT517ae648:18a06883977:-7ffc','',NULL),('WMfe87b2e:18a2b3ea51e:790','00551','EVER','1/2',100000,'STOCK','ACTIVE','WACCT-5d78541:189dd34aeb5:-7fd9','',NULL),('WMfe87b2e:18a2b3ea51e:79fa','00622','EVER','1/2',100000,'STOCK','ACTIVE','WACCT-71354bce:189f6f8c594:-7f70','',NULL),('WMfe87b2e:18a2b3ea51e:7bcf','00623','EVER','1/2',100000,'STOCK','ACTIVE','WACCT-71354bce:189f6f8c594:-7f7f','',NULL),('WMfe87b2e:18a2b3ea51e:7d6b','00624','EVER','1/2',100000,'STOCK','ACTIVE','WACCT-71354bce:189f6f8c594:-7f52','',NULL),('WMfe87b2e:18a2b3ea51e:7ef4','00625','EVER','1/2',100000,'STOCK','ACTIVE','WACCT54907434:18a0149c0b7:-7fdf','',NULL),('WMfe87b2e:18a2b3ea51e:8f4','00552','EVER','1/2',100000,'STOCK','ACTIVE','WACCT517ae648:18a06883977:-7fc2','',NULL),('WMfe87b2e:18a2b3ea51e:a96','00553','EVER','1/2',100000,'STOCK','ACTIVE','WACCT5ce2599f:189be8fb9f1:-7ffc','',NULL),('WMfe87b2e:18a2b3ea51e:bfa','00555','EVER','1/2',100000,'STOCK','ACTIVE','WACCT3820fb32:189d2d45c3b:-7fcd','',NULL),('WMfe87b2e:18a2b3ea51e:d7c','00556','EVER','1/2',100000,'STOCK','ACTIVE','WACCT3820fb32:189d2d45c3b:-7fcc','',NULL),('WMfe87b2e:18a2b3ea51e:efc','00557','EVER','1/2',100000,'STOCK','ACTIVE','WACCT54907434:18a0149c0b7:-7fc4','',NULL),('WMfe87b2e:18a2bb5aaf6:-621d','00648','EVER','1/2',100000,'STOCK','ACTIVE','WACCT-71354bce:189f6f8c594:-7f69','',NULL),('WMfe87b2e:18a2bb5aaf6:-6381','00647','EVER','1/2',100000,'STOCK','ACTIVE','WACCT54907434:18a0149c0b7:-7f6e','',NULL),('WMfe87b2e:18a2bb5aaf6:-6503','00643','EVER','1/2',100000,'STOCK','ACTIVE','WACCT-71354bce:189f6f8c594:-7fe8','',NULL),('WMfe87b2e:18a2bb5aaf6:-685b','00642','EVER','1/2',100000,'STOCK','ACTIVE','WACCT3820fb32:189d2d45c3b:-7ff4','',NULL),('WMfe87b2e:18a2bb5aaf6:-6a0a','00641','EVER','1/2',100000,'STOCK','ACTIVE','WACCT517ae648:18a06883977:-7fea','',NULL),('WMfe87b2e:18a2bb5aaf6:-6ba8','00640','EVER','1/2',100000,'STOCK','ACTIVE','WACCT3820fb32:189d2d45c3b:-7fff','',NULL),('WMfe87b2e:18a2bb5aaf6:-6d0c','00639','EVER','1/2',100000,'STOCK','ACTIVE','WACCT-71354bce:189f6f8c594:-7f05','',NULL),('WMfe87b2e:18a2bb5aaf6:-6ea7','001638','EVER','1/2',100000,'STOCK','ACTIVE','WACCT-71354bce:189f6f8c594:-7f06','',NULL),('WMfe87b2e:18a2bb5aaf6:-709e','00637','EVER','1/2',100000,'STOCK','ACTIVE','WACCT-5d78541:189dd34aeb5:-7fe8','',NULL),('WMfe87b2e:18a2bb5aaf6:-727f','00636','EVER','1/2',100000,'STOCK','ACTIVE','WACCT-71354bce:189f6f8c594:-7f59','',NULL),('WMfe87b2e:18a2bb5aaf6:-7406','00635','EVER','1/2',100000,'STOCK','ACTIVE','WACCT5ce2599f:189be8fb9f1:-7ff9','',NULL),('WMfe87b2e:18a2bb5aaf6:-7578','00634','EVER','1/2',100000,'STOCK','ACTIVE','WACCT-71354bce:189f6f8c594:-7fd8','',NULL),('WMfe87b2e:18a2bb5aaf6:-76f5','00631','EVER','1/2',100000,'STOCK','ACTIVE','WACCT54907434:18a0149c0b7:-7fd2','',NULL),('WMfe87b2e:18a2bb5aaf6:-7877','00630','EVER','1/2',100000,'STOCK','ACTIVE','WACCT3820fb32:189d2d45c3b:-7fd3','',NULL),('WMfe87b2e:18a2bb5aaf6:-7b29','00629','EVER','1/2',100000,'STOCK','ACTIVE','WACCT-71354bce:189f6f8c594:-7f74','',NULL),('WMfe87b2e:18a2bb5aaf6:-7c94','00628','EVER','1/2',100000,'STOCK','ACTIVE','WACCT-71354bce:189f6f8c594:-7fcb','',NULL),('WMfe87b2e:18a2bb5aaf6:-7e06','00627','EVER','1/2',100000,'STOCK','ACTIVE','WACCT3820fb32:189d2d45c3b:-7fd4','',NULL),('WMfe87b2e:18a2bb5aaf6:-7fa7','00626','EVER','1/2',100000,'STOCK','ACTIVE','WACCT4d8c0d7e:189b925a776:-7fff','',NULL);
/*!40000 ALTER TABLE `waterworks_meter` ENABLE KEYS */;
UNLOCK TABLES;

--
-- Table structure for table `waterworks_metersize`
--

DROP TABLE IF EXISTS `waterworks_metersize`;
/*!40101 SET @saved_cs_client     = @@character_set_client */;
/*!40101 SET character_set_client = utf8 */;
CREATE TABLE `waterworks_metersize` (
  `objid` varchar(50) NOT NULL,
  `title` varchar(255) DEFAULT NULL,
  PRIMARY KEY (`objid`)
) ENGINE=InnoDB DEFAULT CHARSET=utf8;
/*!40101 SET character_set_client = @saved_cs_client */;

--
-- Dumping data for table `waterworks_metersize`
--

LOCK TABLES `waterworks_metersize` WRITE;
/*!40000 ALTER TABLE `waterworks_metersize` DISABLE KEYS */;
INSERT INTO `waterworks_metersize` VALUES ('1/2','1/2');
/*!40000 ALTER TABLE `waterworks_metersize` ENABLE KEYS */;
UNLOCK TABLES;

--
-- Table structure for table `waterworks_mobile_reading`
--

DROP TABLE IF EXISTS `waterworks_mobile_reading`;
/*!40101 SET @saved_cs_client     = @@character_set_client */;
/*!40101 SET character_set_client = utf8 */;
CREATE TABLE `waterworks_mobile_reading` (
  `objid` varchar(50) NOT NULL,
  `billid` varchar(50) DEFAULT NULL,
  `state` int(255) DEFAULT NULL,
  `readingdate` datetime DEFAULT NULL,
  `billprintdate` date DEFAULT NULL,
  `lng` float(255,0) DEFAULT NULL,
  `lat` float(255,0) DEFAULT NULL,
  `photo` mediumblob,
  `remarks` varchar(255) DEFAULT NULL,
  `reading` int(25) DEFAULT NULL,
  `volume` int(10) DEFAULT NULL,
  `amount` decimal(16,2) DEFAULT NULL,
  `dtuploaded` date DEFAULT NULL,
  PRIMARY KEY (`objid`),
  KEY `fk_waterworks_mobile_reading` (`billid`),
  CONSTRAINT `fk_waterworks_mobile_reading` FOREIGN KEY (`billid`) REFERENCES `waterworks_bill` (`objid`)
) ENGINE=InnoDB DEFAULT CHARSET=utf8;
/*!40101 SET character_set_client = @saved_cs_client */;

--
-- Dumping data for table `waterworks_mobile_reading`
--

LOCK TABLES `waterworks_mobile_reading` WRITE;
/*!40000 ALTER TABLE `waterworks_mobile_reading` DISABLE KEYS */;
/*!40000 ALTER TABLE `waterworks_mobile_reading` ENABLE KEYS */;
UNLOCK TABLES;

--
-- Table structure for table `waterworks_payment`
--

DROP TABLE IF EXISTS `waterworks_payment`;
/*!40101 SET @saved_cs_client     = @@character_set_client */;
/*!40101 SET character_set_client = utf8 */;
CREATE TABLE `waterworks_payment` (
  `objid` varchar(50) NOT NULL,
  `refno` varchar(50) DEFAULT NULL,
  `reftype` varchar(50) DEFAULT NULL,
  `refid` varchar(50) DEFAULT NULL,
  `refdate` date DEFAULT NULL,
  `discount` decimal(16,2) DEFAULT NULL,
  `amount` decimal(10,2) DEFAULT NULL,
  `voided` int(11) DEFAULT NULL,
  `txnmode` varchar(50) DEFAULT NULL,
  `remarks` varchar(255) DEFAULT NULL,
  `acctid` varchar(50) DEFAULT NULL,
  `billid` varchar(50) DEFAULT NULL,
  `appid` varchar(50) DEFAULT NULL,
  `compromiseid` varchar(50) DEFAULT NULL,
  `pmttxntype` varchar(50) DEFAULT NULL,
  `txndate` datetime DEFAULT NULL,
  PRIMARY KEY (`objid`),
  KEY `ix_refid` (`refid`),
  KEY `ix_refno` (`refno`),
  KEY `ix_refdate` (`refdate`),
  KEY `fk_waterworks_payment_acctid` (`acctid`),
  KEY `fk_waterworks_payment_billid` (`billid`),
  KEY `fk_waterworks_payment_appid` (`appid`),
  KEY `fk_waterworks_payment_compromiseid` (`compromiseid`),
  CONSTRAINT `fk_waterworks_payment_appid` FOREIGN KEY (`appid`) REFERENCES `waterworks_application` (`objid`),
  CONSTRAINT `fk_waterworks_payment_compromiseid` FOREIGN KEY (`compromiseid`) REFERENCES `waterworks_compromise` (`objid`)
) ENGINE=InnoDB DEFAULT CHARSET=utf8;
/*!40101 SET character_set_client = @saved_cs_client */;

--
-- Dumping data for table `waterworks_payment`
--

LOCK TABLES `waterworks_payment` WRITE;
/*!40000 ALTER TABLE `waterworks_payment` DISABLE KEYS */;
INSERT INTO `waterworks_payment` VALUES ('WP-2944cef5:18a8251926c:-7f12','6171915','cashreceipt',NULL,'2023-08-31',0.00,36.00,0,'CAPTURE',NULL,'WACCT54907434:18a0149c0b7:-7fcb','WBILL-2944cef5:18a8251926c:-7f16',NULL,NULL,'billing','2023-09-11 08:47:29'),('WP-2944cef5:18a8251926c:-7f19','6172741','cashreceipt',NULL,'2023-09-05',0.00,30.00,0,'CAPTURE',NULL,'WACCT54907434:18a0149c0b7:-7fcc','WBILL-2944cef5:18a8251926c:-7f1d',NULL,NULL,'billing','2023-09-11 08:02:56'),('WP-46eef0e9:18a86fcf72d:-7f69','6173265','cashreceipt',NULL,'2023-09-06',0.00,384.00,0,'CAPTURE',NULL,'WACCT54907434:18a0149c0b7:-7f8c','WBILL-46eef0e9:18a86fcf72d:-7f6d',NULL,NULL,'billing','2023-09-12 01:53:08'),('WP-46eef0e9:18a86fcf72d:-7f70','6172749','cashreceipt',NULL,'2023-09-06',0.00,84.00,0,'CAPTURE',NULL,'WACCT54907434:18a0149c0b7:-7f8f','WBILL-46eef0e9:18a86fcf72d:-7f74',NULL,NULL,'billing','2023-09-12 01:51:30'),('WP-46eef0e9:18a86fcf72d:-7f77','6172891','cashreceipt',NULL,'2023-09-05',0.00,156.00,0,'CAPTURE',NULL,'WACCT54907434:18a0149c0b7:-7f92','WBILL-46eef0e9:18a86fcf72d:-7f7b',NULL,NULL,'billing','2023-09-12 01:46:28'),('WP-46eef0e9:18a86fcf72d:-7f7e','6171614','cashreceipt',NULL,'2023-08-30',0.00,132.00,0,'CAPTURE',NULL,'WACCT54907434:18a0149c0b7:-7f93','WBILL-46eef0e9:18a86fcf72d:-7f82',NULL,NULL,'billing','2023-09-12 01:45:31'),('WP-46eef0e9:18a86fcf72d:-7f85','6171063','cashreceipt',NULL,'2023-08-29',0.00,48.00,0,'CAPTURE',NULL,'WACCT54907434:18a0149c0b7:-7f94','WBILL-46eef0e9:18a86fcf72d:-7f89',NULL,NULL,'billing','2023-09-12 01:44:35'),('WP-46eef0e9:18a86fcf72d:-7f8c','3173316','cashreceipt',NULL,'2023-09-07',0.00,390.00,0,'CAPTURE',NULL,'WACCT54907434:18a0149c0b7:-7f95','WBILL-46eef0e9:18a86fcf72d:-7f90',NULL,NULL,'billing','2023-09-12 01:43:39'),('WP-46eef0e9:18a86fcf72d:-7f93','6173317','cashreceipt',NULL,'2023-09-07',0.00,36.00,0,'CAPTURE',NULL,'WACCT54907434:18a0149c0b7:-7f99','WBILL-46eef0e9:18a86fcf72d:-7f97',NULL,NULL,'billing','2023-09-12 01:42:31'),('WP-46eef0e9:18a86fcf72d:-7f9a','6172876','cashreceipt',NULL,'2023-09-04',0.00,150.00,0,'CAPTURE',NULL,'WACCT54907434:18a0149c0b7:-7f9a','WBILL-46eef0e9:18a86fcf72d:-7f9e',NULL,NULL,'billing','2023-09-12 01:41:36'),('WP-46eef0e9:18a86fcf72d:-7fa1','6171095','cashreceipt',NULL,'2023-08-29',0.00,132.00,0,'CAPTURE',NULL,'WACCT54907434:18a0149c0b7:-7f9c','WBILL-46eef0e9:18a86fcf72d:-7fa5',NULL,NULL,'billing','2023-09-12 01:40:30'),('WP-46eef0e9:18a86fcf72d:-7fa8','5612962','cashreceipt',NULL,'2023-09-04',0.00,30.00,0,'CAPTURE',NULL,'WACCT54907434:18a0149c0b7:-7fa0','WBILL-46eef0e9:18a86fcf72d:-7fac',NULL,NULL,'billing','2023-09-12 01:39:32'),('WP-46eef0e9:18a86fcf72d:-7faf','5616371','cashreceipt',NULL,'2023-08-04',0.00,234.00,0,'CAPTURE',NULL,'WACCT54907434:18a0149c0b7:-7fa6','WBILL-46eef0e9:18a86fcf72d:-7fb3',NULL,NULL,'billing','2023-09-12 01:38:17'),('WP-46eef0e9:18a86fcf72d:-7fb6','6172294','cashreceipt',NULL,'2023-09-01',0.00,258.00,0,'CAPTURE',NULL,'WACCT54907434:18a0149c0b7:-7fad','WBILL-46eef0e9:18a86fcf72d:-7fba',NULL,NULL,'billing','2023-09-12 01:37:25'),('WP-46eef0e9:18a86fcf72d:-7fbd','6172655','cashreceipt',NULL,'2023-09-01',0.00,250.00,0,'CAPTURE',NULL,'WACCT54907434:18a0149c0b7:-7faf','WBILL-46eef0e9:18a86fcf72d:-7fc1',NULL,NULL,'billing','2023-09-12 01:36:20'),('WP-46eef0e9:18a86fcf72d:-7fc4','6171001','cashreceipt',NULL,'2023-08-25',0.00,84.00,0,'CAPTURE',NULL,'WACCT54907434:18a0149c0b7:-7fb2','WBILL-46eef0e9:18a86fcf72d:-7fc8',NULL,NULL,'billing','2023-09-12 01:35:14'),('WP-46eef0e9:18a86fcf72d:-7fcb','6173080','cashreceipt',NULL,'2023-09-05',0.00,264.00,0,'CAPTURE',NULL,'WACCT54907434:18a0149c0b7:-7fb3','WBILL-46eef0e9:18a86fcf72d:-7fcf',NULL,NULL,'billing','2023-09-12 01:34:02'),('WP-46eef0e9:18a86fcf72d:-7fd2','5615446','cashreceipt',NULL,'2023-08-30',0.00,186.00,0,'CAPTURE',NULL,'WACCT54907434:18a0149c0b7:-7fb6','WBILL-46eef0e9:18a86fcf72d:-7fd6',NULL,NULL,'billing','2023-09-12 01:32:35'),('WP-46eef0e9:18a86fcf72d:-7fd9','6173411','cashreceipt',NULL,'2023-09-07',0.00,144.00,0,'CAPTURE',NULL,'WACCT54907434:18a0149c0b7:-7fbc','WBILL-46eef0e9:18a86fcf72d:-7fdd',NULL,NULL,'billing','2023-09-12 01:30:07'),('WP-46eef0e9:18a86fcf72d:-7fe0','6171908','cashreceipt',NULL,'2023-08-31',0.00,30.00,0,'CAPTURE',NULL,'WACCT54907434:18a0149c0b7:-7fbd','WBILL-46eef0e9:18a86fcf72d:-7fe4',NULL,NULL,'billing','2023-09-12 01:29:09'),('WP-46eef0e9:18a86fcf72d:-7fe7','6173410','cashreceipt',NULL,'2023-09-07',0.00,30.00,0,'CAPTURE',NULL,'WACCT54907434:18a0149c0b7:-7fbe','WBILL-46eef0e9:18a86fcf72d:-7feb',NULL,NULL,'billing','2023-09-12 01:28:13'),('WP-46eef0e9:18a86fcf72d:-7fee','6173443','cashreceipt',NULL,'2023-09-08',0.00,618.00,0,'CAPTURE',NULL,'WACCT54907434:18a0149c0b7:-7fc1','WBILL-46eef0e9:18a86fcf72d:-7ff2',NULL,NULL,'billing','2023-09-12 01:27:15'),('WP-46eef0e9:18a86fcf72d:-7ff5','214748364','cashreceipt',NULL,'2023-08-04',0.00,30.00,0,'CAPTURE',NULL,'WACCT54907434:18a0149c0b7:-7fc6','WBILL-46eef0e9:18a86fcf72d:-7ff9',NULL,NULL,'billing','2023-09-12 01:26:17'),('WP-46eef0e9:18a86fcf72d:-7ffc','6172942','cashreceipt',NULL,'2023-09-05',0.00,222.00,0,'CAPTURE',NULL,'WACCT54907434:18a0149c0b7:-7fc9','WBILL-46eef0e9:18a86fcf72d:-8000',NULL,NULL,'billing','2023-09-12 01:24:59');
/*!40000 ALTER TABLE `waterworks_payment` ENABLE KEYS */;
UNLOCK TABLES;

--
-- Table structure for table `waterworks_payment_item`
--

DROP TABLE IF EXISTS `waterworks_payment_item`;
/*!40101 SET @saved_cs_client     = @@character_set_client */;
/*!40101 SET character_set_client = utf8 */;
CREATE TABLE `waterworks_payment_item` (
  `objid` varchar(50) NOT NULL,
  `parentid` varchar(50) DEFAULT NULL,
  `amount` decimal(10,2) DEFAULT NULL,
  `discount` decimal(10,2) DEFAULT NULL,
  `remarks` varchar(50) DEFAULT NULL,
  `refid` varchar(50) DEFAULT NULL,
  `reftype` varchar(50) DEFAULT NULL,
  `billitemid` varchar(50) DEFAULT NULL,
  `compromisefeeid` varchar(50) DEFAULT NULL,
  PRIMARY KEY (`objid`),
  KEY `ix_parentid` (`parentid`),
  KEY `ix_refid` (`refid`),
  KEY `ix_reftype` (`reftype`),
  KEY `fk_waterworks_payment_item_billitemid` (`billitemid`),
  KEY `fk_waterworks_payment_item_compromisefeeid` (`compromisefeeid`),
  CONSTRAINT `fk_waterworks_payment_item_billitemid` FOREIGN KEY (`billitemid`) REFERENCES `waterworks_billitem` (`objid`),
  CONSTRAINT `fk_waterworks_payment_item_compromisefeeid` FOREIGN KEY (`compromisefeeid`) REFERENCES `waterworks_compromise_fee` (`objid`),
  CONSTRAINT `fk_waterworks_payment_item_parentid` FOREIGN KEY (`parentid`) REFERENCES `waterworks_payment` (`objid`)
) ENGINE=InnoDB DEFAULT CHARSET=utf8;
/*!40101 SET character_set_client = @saved_cs_client */;

--
-- Dumping data for table `waterworks_payment_item`
--

LOCK TABLES `waterworks_payment_item` WRITE;
/*!40000 ALTER TABLE `waterworks_payment_item` DISABLE KEYS */;
INSERT INTO `waterworks_payment_item` VALUES ('WPI-2944cef5:18a8251926c:-7f11','WP-2944cef5:18a8251926c:-7f12',36.00,0.00,NULL,'WWLGR-2944cef5:18a8251926c:-7f13','waterworks_billitem','WWLGR-2944cef5:18a8251926c:-7f13',NULL),('WPI-2944cef5:18a8251926c:-7f18','WP-2944cef5:18a8251926c:-7f19',30.00,0.00,NULL,'WWLGR-2944cef5:18a8251926c:-7f1a','waterworks_billitem','WWLGR-2944cef5:18a8251926c:-7f1a',NULL),('WPI-46eef0e9:18a86fcf72d:-7f68','WP-46eef0e9:18a86fcf72d:-7f69',384.00,0.00,NULL,'WWLGR-46eef0e9:18a86fcf72d:-7f6a','waterworks_billitem','WWLGR-46eef0e9:18a86fcf72d:-7f6a',NULL),('WPI-46eef0e9:18a86fcf72d:-7f6f','WP-46eef0e9:18a86fcf72d:-7f70',84.00,0.00,NULL,'WWLGR-46eef0e9:18a86fcf72d:-7f71','waterworks_billitem','WWLGR-46eef0e9:18a86fcf72d:-7f71',NULL),('WPI-46eef0e9:18a86fcf72d:-7f76','WP-46eef0e9:18a86fcf72d:-7f77',156.00,0.00,NULL,'WWLGR-46eef0e9:18a86fcf72d:-7f78','waterworks_billitem','WWLGR-46eef0e9:18a86fcf72d:-7f78',NULL),('WPI-46eef0e9:18a86fcf72d:-7f7d','WP-46eef0e9:18a86fcf72d:-7f7e',132.00,0.00,NULL,'WWLGR-46eef0e9:18a86fcf72d:-7f7f','waterworks_billitem','WWLGR-46eef0e9:18a86fcf72d:-7f7f',NULL),('WPI-46eef0e9:18a86fcf72d:-7f84','WP-46eef0e9:18a86fcf72d:-7f85',48.00,0.00,NULL,'WWLGR-46eef0e9:18a86fcf72d:-7f86','waterworks_billitem','WWLGR-46eef0e9:18a86fcf72d:-7f86',NULL),('WPI-46eef0e9:18a86fcf72d:-7f8b','WP-46eef0e9:18a86fcf72d:-7f8c',390.00,0.00,NULL,'WWLGR-46eef0e9:18a86fcf72d:-7f8d','waterworks_billitem','WWLGR-46eef0e9:18a86fcf72d:-7f8d',NULL),('WPI-46eef0e9:18a86fcf72d:-7f92','WP-46eef0e9:18a86fcf72d:-7f93',36.00,0.00,NULL,'WWLGR-46eef0e9:18a86fcf72d:-7f94','waterworks_billitem','WWLGR-46eef0e9:18a86fcf72d:-7f94',NULL),('WPI-46eef0e9:18a86fcf72d:-7f99','WP-46eef0e9:18a86fcf72d:-7f9a',150.00,0.00,NULL,'WWLGR-46eef0e9:18a86fcf72d:-7f9b','waterworks_billitem','WWLGR-46eef0e9:18a86fcf72d:-7f9b',NULL),('WPI-46eef0e9:18a86fcf72d:-7fa0','WP-46eef0e9:18a86fcf72d:-7fa1',132.00,0.00,NULL,'WWLGR-46eef0e9:18a86fcf72d:-7fa2','waterworks_billitem','WWLGR-46eef0e9:18a86fcf72d:-7fa2',NULL),('WPI-46eef0e9:18a86fcf72d:-7fa7','WP-46eef0e9:18a86fcf72d:-7fa8',30.00,0.00,NULL,'WWLGR-46eef0e9:18a86fcf72d:-7fa9','waterworks_billitem','WWLGR-46eef0e9:18a86fcf72d:-7fa9',NULL),('WPI-46eef0e9:18a86fcf72d:-7fae','WP-46eef0e9:18a86fcf72d:-7faf',234.00,0.00,NULL,'WWLGR-46eef0e9:18a86fcf72d:-7fb0','waterworks_billitem','WWLGR-46eef0e9:18a86fcf72d:-7fb0',NULL),('WPI-46eef0e9:18a86fcf72d:-7fb5','WP-46eef0e9:18a86fcf72d:-7fb6',258.00,0.00,NULL,'WWLGR-46eef0e9:18a86fcf72d:-7fb7','waterworks_billitem','WWLGR-46eef0e9:18a86fcf72d:-7fb7',NULL),('WPI-46eef0e9:18a86fcf72d:-7fbc','WP-46eef0e9:18a86fcf72d:-7fbd',250.00,0.00,NULL,'WWLGR-46eef0e9:18a86fcf72d:-7fbe','waterworks_billitem','WWLGR-46eef0e9:18a86fcf72d:-7fbe',NULL),('WPI-46eef0e9:18a86fcf72d:-7fc3','WP-46eef0e9:18a86fcf72d:-7fc4',84.00,0.00,NULL,'WWLGR-46eef0e9:18a86fcf72d:-7fc5','waterworks_billitem','WWLGR-46eef0e9:18a86fcf72d:-7fc5',NULL),('WPI-46eef0e9:18a86fcf72d:-7fca','WP-46eef0e9:18a86fcf72d:-7fcb',264.00,0.00,NULL,'WWLGR-46eef0e9:18a86fcf72d:-7fcc','waterworks_billitem','WWLGR-46eef0e9:18a86fcf72d:-7fcc',NULL),('WPI-46eef0e9:18a86fcf72d:-7fd1','WP-46eef0e9:18a86fcf72d:-7fd2',186.00,0.00,NULL,'WWLGR-46eef0e9:18a86fcf72d:-7fd3','waterworks_billitem','WWLGR-46eef0e9:18a86fcf72d:-7fd3',NULL),('WPI-46eef0e9:18a86fcf72d:-7fd8','WP-46eef0e9:18a86fcf72d:-7fd9',144.00,0.00,NULL,'WWLGR-46eef0e9:18a86fcf72d:-7fda','waterworks_billitem','WWLGR-46eef0e9:18a86fcf72d:-7fda',NULL),('WPI-46eef0e9:18a86fcf72d:-7fdf','WP-46eef0e9:18a86fcf72d:-7fe0',30.00,0.00,NULL,'WWLGR-46eef0e9:18a86fcf72d:-7fe1','waterworks_billitem','WWLGR-46eef0e9:18a86fcf72d:-7fe1',NULL),('WPI-46eef0e9:18a86fcf72d:-7fe6','WP-46eef0e9:18a86fcf72d:-7fe7',30.00,0.00,NULL,'WWLGR-46eef0e9:18a86fcf72d:-7fe8','waterworks_billitem','WWLGR-46eef0e9:18a86fcf72d:-7fe8',NULL),('WPI-46eef0e9:18a86fcf72d:-7fed','WP-46eef0e9:18a86fcf72d:-7fee',618.00,0.00,NULL,'WWLGR-46eef0e9:18a86fcf72d:-7fef','waterworks_billitem','WWLGR-46eef0e9:18a86fcf72d:-7fef',NULL),('WPI-46eef0e9:18a86fcf72d:-7ff4','WP-46eef0e9:18a86fcf72d:-7ff5',30.00,0.00,NULL,'WWLGR-46eef0e9:18a86fcf72d:-7ff6','waterworks_billitem','WWLGR-46eef0e9:18a86fcf72d:-7ff6',NULL),('WPI-46eef0e9:18a86fcf72d:-7ffb','WP-46eef0e9:18a86fcf72d:-7ffc',222.00,0.00,NULL,'WWLGR-46eef0e9:18a86fcf72d:-7ffd','waterworks_billitem','WWLGR-46eef0e9:18a86fcf72d:-7ffd',NULL);
/*!40000 ALTER TABLE `waterworks_payment_item` ENABLE KEYS */;
UNLOCK TABLES;

--
-- Table structure for table `waterworks_recurringfee`
--

DROP TABLE IF EXISTS `waterworks_recurringfee`;
/*!40101 SET @saved_cs_client     = @@character_set_client */;
/*!40101 SET character_set_client = utf8 */;
CREATE TABLE `waterworks_recurringfee` (
  `objid` varchar(50) NOT NULL,
  `acctid` varchar(50) DEFAULT NULL,
  `itemid` varchar(50) DEFAULT NULL,
  `type` varchar(50) DEFAULT NULL,
  `startyear` int(5) DEFAULT NULL,
  `startmonth` int(5) DEFAULT NULL,
  `amount` decimal(16,2) DEFAULT NULL,
  `amtbilled` decimal(16,2) DEFAULT NULL,
  `system` int(255) DEFAULT NULL,
  `refid` varchar(50) DEFAULT NULL,
  `reftype` varchar(50) DEFAULT NULL,
  `state` varchar(50) DEFAULT NULL,
  `installmentamount` decimal(16,2) DEFAULT NULL,
  `term` int(10) DEFAULT NULL,
  `particulars` varchar(255) DEFAULT NULL,
  `principal` decimal(16,2) DEFAULT NULL,
  PRIMARY KEY (`objid`),
  KEY `fk_waterworks_recurringfee_acctid` (`acctid`)
) ENGINE=InnoDB DEFAULT CHARSET=utf8;
/*!40101 SET character_set_client = @saved_cs_client */;

--
-- Dumping data for table `waterworks_recurringfee`
--

LOCK TABLES `waterworks_recurringfee` WRITE;
/*!40000 ALTER TABLE `waterworks_recurringfee` DISABLE KEYS */;
/*!40000 ALTER TABLE `waterworks_recurringfee` ENABLE KEYS */;
UNLOCK TABLES;

--
-- Table structure for table `waterworks_schedule_group`
--

DROP TABLE IF EXISTS `waterworks_schedule_group`;
/*!40101 SET @saved_cs_client     = @@character_set_client */;
/*!40101 SET character_set_client = utf8 */;
CREATE TABLE `waterworks_schedule_group` (
  `objid` varchar(50) NOT NULL,
  `description` varchar(255) DEFAULT NULL,
  PRIMARY KEY (`objid`)
) ENGINE=InnoDB DEFAULT CHARSET=utf8;
/*!40101 SET character_set_client = @saved_cs_client */;

--
-- Dumping data for table `waterworks_schedule_group`
--

LOCK TABLES `waterworks_schedule_group` WRITE;
/*!40000 ALTER TABLE `waterworks_schedule_group` DISABLE KEYS */;
INSERT INTO `waterworks_schedule_group` VALUES ('S20','Schedule every 20 of the month');
/*!40000 ALTER TABLE `waterworks_schedule_group` ENABLE KEYS */;
UNLOCK TABLES;

--
-- Table structure for table `waterworks_stubout`
--

DROP TABLE IF EXISTS `waterworks_stubout`;
/*!40101 SET @saved_cs_client     = @@character_set_client */;
/*!40101 SET character_set_client = utf8 */;
CREATE TABLE `waterworks_stubout` (
  `objid` varchar(50) NOT NULL,
  `code` varchar(50) DEFAULT NULL,
  `description` varchar(255) DEFAULT NULL,
  `subareaid` varchar(50) NOT NULL,
  `barangay_objid` varchar(50) DEFAULT NULL,
  `barangay_name` varchar(100) DEFAULT NULL,
  `lng` float(255,0) DEFAULT NULL,
  `lat` float(255,0) DEFAULT NULL,
  PRIMARY KEY (`objid`),
  KEY `ix_zoneid` (`subareaid`),
  KEY `ix_barangay_objid` (`barangay_objid`),
  CONSTRAINT `fk_waterworks_stubout_subareaid` FOREIGN KEY (`subareaid`) REFERENCES `waterworks_subarea` (`objid`)
) ENGINE=InnoDB DEFAULT CHARSET=utf8;
/*!40101 SET character_set_client = @saved_cs_client */;

--
-- Dumping data for table `waterworks_stubout`
--

LOCK TABLES `waterworks_stubout` WRITE;
/*!40000 ALTER TABLE `waterworks_stubout` DISABLE KEYS */;
/*!40000 ALTER TABLE `waterworks_stubout` ENABLE KEYS */;
UNLOCK TABLES;

--
-- Table structure for table `waterworks_subarea`
--

DROP TABLE IF EXISTS `waterworks_subarea`;
/*!40101 SET @saved_cs_client     = @@character_set_client */;
/*!40101 SET character_set_client = utf8 */;
CREATE TABLE `waterworks_subarea` (
  `objid` varchar(50) NOT NULL,
  `areaid` varchar(50) DEFAULT NULL,
  `code` varchar(50) DEFAULT NULL,
  `description` varchar(255) DEFAULT NULL,
  `schedulegroupid` varchar(50) NOT NULL,
  `barangay_objid` varchar(50) DEFAULT NULL,
  `barangay_name` varchar(150) DEFAULT NULL,
  `year` int(11) DEFAULT NULL,
  `month` int(11) DEFAULT NULL,
  PRIMARY KEY (`objid`),
  KEY `fk_waterworks_subarea_areaid` (`areaid`),
  KEY `fk_waterworks_subarea_nextperiodid_schedulegroupid` (`schedulegroupid`),
  KEY `fk_waterworks_subarea_schedulegroupid` (`schedulegroupid`),
  CONSTRAINT `fk_waterworks_subarea_areaid` FOREIGN KEY (`areaid`) REFERENCES `waterworks_area` (`objid`),
  CONSTRAINT `fk_waterworks_subarea_schedulegroupid` FOREIGN KEY (`schedulegroupid`) REFERENCES `waterworks_schedule_group` (`objid`)
) ENGINE=InnoDB DEFAULT CHARSET=utf8;
/*!40101 SET character_set_client = @saved_cs_client */;

--
-- Dumping data for table `waterworks_subarea`
--

LOCK TABLES `waterworks_subarea` WRITE;
/*!40000 ALTER TABLE `waterworks_subarea` DISABLE KEYS */;
INSERT INTO `waterworks_subarea` VALUES ('001-BALINGASAG','01','001-BALINGASAG','BALINGASAG','S20','047220001','EAST-POBLACION',2023,9),('002','01','2-WP','WEST POBLACION','S20','047220002','WEST-POBLACION',2023,9),('01','01','01-MPS','MANABA PROPER SEASIDE','S20','047220022','MANABA',2023,9),('02','01','02-MPL','MANABA PROPER HLLSIDE','S20','047220022','MANABA',2023,9),('03','01','03-L','LAGNASON MANABA','S20','047220022','MANABA',2023,9),('04','01','04-LSM','LUYO SEASIDE MANABA','S20','047220022','MANABA',2023,9),('05','01','05-TM','TIWI-MANABA','S20','047220022','MANABA',2023,9),('06','01','06-TAGWAHAN-M','TAGWAHAN-MANABA','S20','047220022','MANABA',2023,9),('07','01','07-LHM','LUYO HILLSIDE MANABA','S20','047220022','MANABA',2023,9),('08','01','08-LUTAO','LUTAO-MANABA','S20','047220022','MANABA',2023,9),('1','01','1-EP','EAST POBLACION','S20','047130001','POBLACION',2023,9),('10','01','10-WU','WEST-ULBUJAN','S20','047220029','WEST-ULBUJAN',2023,9),('11-1','01','11-1-COGON','COGON','S20','047220028','EAST-ULBUJAN',2023,9),('11-2','01','11-2-(IBABAW)_EU','BARANGAY ROAD (IBABAW) EU','S20','047220028','EAST-ULBUJAN',2023,9),('12','01','12-LIBERTAD','LIBERTAD','S20','047220018','LIBERTAD',2023,9),('13','01','13-SAMPONG','SAMPONG','S20','047220025','SAMPONG',2023,10),('3','01','3-MALINAO','MALINAO','S20','047220021','MALINAO',2023,9),('4','01','4-CAYAM','CAYAM','S20','047220014','CAYAM',2023,9),('5','01','5-WL','WEST LUNGSODAAN','S20','047220020','WEST-LUNGSODAAN',2023,9),('6','01','6-EL','EAST-LUNGSODAAN','S20','047220019','EAST-LUNGSODAAN',2023,9),('7','01','7-MANABA','MANABA','S20','047220022','MANABA',2023,9),('8','01','8-EC','EAST-CANAYAON','S20','047220009','EAST-CANAYAON',2023,9),('9','01','9-EC1','EAST-CANAYAON','S20','047220009','EAST-CANAYAON',2023,9),('ULBUJAN','01','11-EU1','EAST-ULBUJAN','S20','047220028','EAST-ULBUJAN',2023,9);
/*!40000 ALTER TABLE `waterworks_subarea` ENABLE KEYS */;
UNLOCK TABLES;

--
-- Final view structure for view `vw_report_billing_summary`
--

/*!50001 DROP VIEW IF EXISTS `vw_report_billing_summary`*/;
/*!50001 SET @saved_cs_client          = @@character_set_client */;
/*!50001 SET @saved_cs_results         = @@character_set_results */;
/*!50001 SET @saved_col_connection     = @@collation_connection */;
/*!50001 SET character_set_client      = utf8mb4 */;
/*!50001 SET character_set_results     = utf8mb4 */;
/*!50001 SET collation_connection      = utf8mb4_general_ci */;
/*!50001 CREATE ALGORITHM=UNDEFINED */
/*!50013 DEFINER=`root`@`%` SQL SECURITY DEFINER */
/*!50001 VIEW `vw_report_billing_summary` AS select `wbp`.`year` AS `year`,`wbp`.`month` AS `month`,`wz`.`barangay_objid` AS `barangay_objid`,`wz`.`barangay_name` AS `barangay_name`,`wz`.`objid` AS `zone_objid`,`wz`.`code` AS `zone_code`,`wz`.`description` AS `zone_title`,(case when ((`cl`.`objid` = 'RESIDENTIAL') and (`acct`.`state` = 'ACTIVE') and (`wm`.`state` = 'ACTIVE')) then 1 else 0 end) AS `res_metered`,(case when ((`cl`.`objid` = 'RESIDENTIAL') and (`acct`.`state` = 'ACTIVE') and (`wm`.`state` = 'ACTIVE')) then `wc`.`volume` else 0 end) AS `res_meteredvol`,(case when ((`cl`.`objid` = 'RESIDENTIAL') and (`acct`.`state` = 'ACTIVE') and (`wm`.`state` = 'ACTIVE')) then `wc`.`amount` else 0 end) AS `res_meteredamt`,(case when ((`cl`.`objid` = 'RESIDENTIAL') and (`acct`.`state` = 'ACTIVE') and (`wm`.`state` = 'DEFECTIVE')) then 1 else 0 end) AS `res_defective`,(case when ((`cl`.`objid` = 'RESIDENTIAL') and (`acct`.`state` = 'ACTIVE') and (`wm`.`state` = 'DEFECTIVE')) then `wc`.`volume` else 0 end) AS `res_defectivevol`,(case when ((`cl`.`objid` = 'RESIDENTIAL') and (`acct`.`state` = 'ACTIVE') and (`wm`.`state` = 'DEFECTIVE')) then `wc`.`amount` else 0 end) AS `res_defectiveamt`,(case when ((`cl`.`objid` = 'RESIDENTIAL') and (`acct`.`state` = 'ACTIVE') and isnull(`wm`.`objid`)) then 1 else 0 end) AS `res_unmetered`,(case when ((`cl`.`objid` = 'RESIDENTIAL') and (`acct`.`state` = 'ACTIVE') and isnull(`wm`.`objid`)) then `wc`.`volume` else 0 end) AS `res_unmeteredvol`,(case when ((`cl`.`objid` = 'RESIDENTIAL') and (`acct`.`state` = 'ACTIVE') and isnull(`wm`.`objid`)) then `wc`.`amount` else 0 end) AS `res_unmeteredamt`,(case when ((`cl`.`objid` = 'COMMERCIAL') and (`acct`.`state` = 'ACTIVE') and (`wm`.`state` = 'ACTIVE')) then 1 else 0 end) AS `com_metered`,(case when ((`cl`.`objid` = 'COMMERCIAL') and (`acct`.`state` = 'ACTIVE') and (`wm`.`state` = 'ACTIVE')) then `wc`.`volume` else 0 end) AS `com_meteredvol`,(case when ((`cl`.`objid` = 'COMMERCIAL') and (`acct`.`state` = 'ACTIVE') and (`wm`.`state` = 'ACTIVE')) then `wc`.`amount` else 0 end) AS `com_meteredamt`,(case when ((`cl`.`objid` = 'COMMERCIAL') and (`acct`.`state` = 'ACTIVE') and (`wm`.`state` = 'DEFECTIVE')) then 1 else 0 end) AS `com_defective`,(case when ((`cl`.`objid` = 'COMMERCIAL') and (`acct`.`state` = 'ACTIVE') and (`wm`.`state` = 'DEFECTIVE')) then `wc`.`volume` else 0 end) AS `com_defectivevol`,(case when ((`cl`.`objid` = 'COMMERCIAL') and (`acct`.`state` = 'ACTIVE') and (`wm`.`state` = 'DEFECTIVE')) then `wc`.`amount` else 0 end) AS `com_defectiveamt`,(case when ((`cl`.`objid` = 'COMMERCIAL') and (`acct`.`state` = 'ACTIVE') and isnull(`wm`.`objid`)) then 1 else 0 end) AS `com_unmetered`,(case when ((`cl`.`objid` = 'COMMERCIAL') and (`acct`.`state` = 'ACTIVE') and isnull(`wm`.`objid`)) then `wc`.`volume` else 0 end) AS `com_unmeteredvol`,(case when ((`cl`.`objid` = 'COMMERCIAL') and (`acct`.`state` = 'ACTIVE') and isnull(`wm`.`objid`)) then `wc`.`amount` else 0 end) AS `com_unmeteredamt`,(case when ((`cl`.`objid` = 'INDUSTRIAL') and (`acct`.`state` = 'ACTIVE') and (`wm`.`state` = 'ACTIVE')) then 1 else 0 end) AS `ind_metered`,(case when ((`cl`.`objid` = 'INDUSTRIAL') and (`acct`.`state` = 'ACTIVE') and (`wm`.`state` = 'ACTIVE')) then `wc`.`volume` else 0 end) AS `ind_meteredvol`,(case when ((`cl`.`objid` = 'INDUSTRIAL') and (`acct`.`state` = 'ACTIVE') and (`wm`.`state` = 'ACTIVE')) then `wc`.`amount` else 0 end) AS `ind_meteredamt`,(case when ((`cl`.`objid` = 'INDUSTRIAL') and (`acct`.`state` = 'ACTIVE') and (`wm`.`state` = 'DEFECTIVE')) then 1 else 0 end) AS `ind_defective`,(case when ((`cl`.`objid` = 'INDUSTRIAL') and (`acct`.`state` = 'ACTIVE') and (`wm`.`state` = 'DEFECTIVE')) then `wc`.`volume` else 0 end) AS `ind_defectivevol`,(case when ((`cl`.`objid` = 'INDUSTRIAL') and (`acct`.`state` = 'ACTIVE') and (`wm`.`state` = 'DEFECTIVE')) then `wc`.`amount` else 0 end) AS `ind_defectiveamt`,(case when ((`cl`.`objid` = 'INDUSTRIAL') and (`acct`.`state` = 'ACTIVE') and isnull(`wm`.`objid`)) then 1 else 0 end) AS `ind_unmetered`,(case when ((`cl`.`objid` = 'INDUSTRIAL') and (`acct`.`state` = 'ACTIVE') and isnull(`wm`.`objid`)) then `wc`.`volume` else 0 end) AS `ind_unmeteredvol`,(case when ((`cl`.`objid` = 'INDUSTRIAL') and (`acct`.`state` = 'ACTIVE') and isnull(`wm`.`objid`)) then `wc`.`amount` else 0 end) AS `ind_unmeteredamt`,(case when ((`cl`.`objid` = 'GOVERNMENT') and (`acct`.`state` = 'ACTIVE') and (`wm`.`state` = 'ACTIVE')) then 1 else 0 end) AS `gov_metered`,(case when ((`cl`.`objid` = 'GOVERNMENT') and (`acct`.`state` = 'ACTIVE') and (`wm`.`state` = 'ACTIVE')) then `wc`.`volume` else 0 end) AS `gov_meteredvol`,(case when ((`cl`.`objid` = 'GOVERNMENT') and (`acct`.`state` = 'ACTIVE') and (`wm`.`state` = 'ACTIVE')) then `wc`.`amount` else 0 end) AS `gov_meteredamt`,(case when ((`cl`.`objid` = 'GOVERNMENT') and (`acct`.`state` = 'ACTIVE') and (`wm`.`state` = 'DEFECTIVE')) then 1 else 0 end) AS `gov_defective`,(case when ((`cl`.`objid` = 'GOVERNMENT') and (`acct`.`state` = 'ACTIVE') and (`wm`.`state` = 'DEFECTIVE')) then `wc`.`volume` else 0 end) AS `gov_defectivevol`,(case when ((`cl`.`objid` = 'GOVERNMENT') and (`acct`.`state` = 'ACTIVE') and (`wm`.`state` = 'DEFECTIVE')) then `wc`.`amount` else 0 end) AS `gov_defectiveamt`,(case when ((`cl`.`objid` = 'GOVERNMENT') and (`acct`.`state` = 'ACTIVE') and isnull(`wm`.`objid`)) then 1 else 0 end) AS `gov_unmetered`,(case when ((`cl`.`objid` = 'GOVERNMENT') and (`acct`.`state` = 'ACTIVE') and isnull(`wm`.`objid`)) then `wc`.`volume` else 0 end) AS `gov_unmeteredvol`,(case when ((`cl`.`objid` = 'GOVERNMENT') and (`acct`.`state` = 'ACTIVE') and isnull(`wm`.`objid`)) then `wc`.`amount` else 0 end) AS `gov_unmeteredamt`,(case when ((`cl`.`objid` = 'BULK') and (`acct`.`state` = 'ACTIVE') and (`wm`.`state` = 'ACTIVE')) then 1 else 0 end) AS `bulk_metered`,(case when ((`cl`.`objid` = 'BULK') and (`acct`.`state` = 'ACTIVE') and (`wm`.`state` = 'ACTIVE')) then `wc`.`volume` else 0 end) AS `bulk_meteredvol`,(case when ((`cl`.`objid` = 'BULK') and (`acct`.`state` = 'ACTIVE') and (`wm`.`state` = 'ACTIVE')) then `wc`.`amount` else 0 end) AS `bulk_meteredamt`,(case when ((`cl`.`objid` = 'BULK') and (`acct`.`state` = 'ACTIVE') and (`wm`.`state` = 'DEFECTIVE')) then 1 else 0 end) AS `bulk_defective`,(case when ((`cl`.`objid` = 'BULK') and (`acct`.`state` = 'ACTIVE') and (`wm`.`state` = 'DEFECTIVE')) then `wc`.`volume` else 0 end) AS `bulk_defectivevol`,(case when ((`cl`.`objid` = 'BULK') and (`acct`.`state` = 'ACTIVE') and (`wm`.`state` = 'DEFECTIVE')) then `wc`.`amount` else 0 end) AS `bulk_defectiveamt`,(case when ((`cl`.`objid` = 'BULK') and (`acct`.`state` = 'ACTIVE') and isnull(`wm`.`objid`)) then 1 else 0 end) AS `bulk_unmetered`,(case when ((`cl`.`objid` = 'BULK') and (`acct`.`state` = 'ACTIVE') and isnull(`wm`.`objid`)) then `wc`.`volume` else 0 end) AS `bulk_unmeteredvol`,(case when ((`cl`.`objid` = 'BULK') and (`acct`.`state` = 'ACTIVE') and isnull(`wm`.`objid`)) then `wc`.`amount` else 0 end) AS `bulk_unmeteredamt` from (((((((`waterworks_billing_period` `wbp` join `waterworks_bill` `wb` on((`wb`.`scheduleid` = `wbp`.`objid`))) join `waterworks_consumption` `wc` on((`wb`.`consumptionid` = `wc`.`objid`))) join `waterworks_account_info` `wa` on((`wa`.`objid` = `wb`.`acctinfoid`))) join `waterworks_account` `acct` on((`wb`.`acctid` = `acct`.`objid`))) join `waterworks_subarea` `wz` on((`wz`.`objid` = `wa`.`subareaid`))) join `waterworks_classification` `cl` on((`cl`.`objid` = `wa`.`classificationid`))) left join `waterworks_meter` `wm` on((`wm`.`objid` = `wa`.`meterid`))) where ((`wc`.`hold` = 0) and (`acct`.`state` = 'ACTIVE')) */;
/*!50001 SET character_set_client      = @saved_cs_client */;
/*!50001 SET character_set_results     = @saved_cs_results */;
/*!50001 SET collation_connection      = @saved_col_connection */;

--
-- Final view structure for view `vw_waterworks_account`
--

/*!50001 DROP VIEW IF EXISTS `vw_waterworks_account`*/;
/*!50001 SET @saved_cs_client          = @@character_set_client */;
/*!50001 SET @saved_cs_results         = @@character_set_results */;
/*!50001 SET @saved_col_connection     = @@collation_connection */;
/*!50001 SET character_set_client      = utf8 */;
/*!50001 SET character_set_results     = utf8 */;
/*!50001 SET collation_connection      = utf8_general_ci */;
/*!50001 CREATE ALGORITHM=UNDEFINED */
/*!50013 DEFINER=`root`@`localhost` SQL SECURITY DEFINER */
/*!50001 VIEW `vw_waterworks_account` AS select `wa`.`objid` AS `objid`,`wa`.`state` AS `state`,`wa`.`acctno` AS `acctno`,`wa`.`acctinfoid` AS `acctinfoid`,`wa`.`dtstarted` AS `dtstarted`,`wa`.`applicationid` AS `applicationid`,`wa`.`remarks` AS `remarks`,`wa`.`ukey` AS `ukey`,`wa`.`seqno` AS `seqno`,`wa`.`billid` AS `billid`,`wa`.`lng` AS `lng`,`wa`.`lat` AS `lat`,`wa`.`excludeinbatch` AS `excludeinbatch`,`ai`.`acctname` AS `acctname`,`ai`.`owner_objid` AS `owner_objid`,`ai`.`owner_name` AS `owner_name`,`ai`.`address_type` AS `address_type`,`ai`.`address_text` AS `address_text`,`ai`.`address_barangay_objid` AS `address_barangay_objid`,`ai`.`address_barangay_name` AS `address_barangay_name`,`ai`.`address_city` AS `address_city`,`ai`.`address_province` AS `address_province`,`ai`.`address_municipality` AS `address_municipality`,`ai`.`address_unitno` AS `address_unitno`,`ai`.`address_street` AS `address_street`,`ai`.`address_subdivision` AS `address_subdivision`,`ai`.`address_bldgno` AS `address_bldgno`,`ai`.`address_bldgname` AS `address_bldgname`,`ai`.`address_pin` AS `address_pin`,`ai`.`stuboutid` AS `stuboutid`,`ai`.`subareaid` AS `subareaid`,`ai`.`meterid` AS `meterid`,`ai`.`classificationid` AS `classificationid`,`ai`.`units` AS `units`,`ai`.`attributes` AS `attributes`,`ai`.`meterstate` AS `meterstate`,`ai`.`mobileno` AS `mobileno`,`ai`.`email` AS `email`,`ai`.`phoneno` AS `phoneno` from ((`waterworks_account` `wa` join `waterworks_account_info` `ai` on((`wa`.`acctinfoid` = `ai`.`objid`))) left join `waterworks_meter` `wm` on((`ai`.`meterid` = `wm`.`objid`))) */;
/*!50001 SET character_set_client      = @saved_cs_client */;
/*!50001 SET character_set_results     = @saved_cs_results */;
/*!50001 SET collation_connection      = @saved_col_connection */;

--
-- Final view structure for view `vw_waterworks_account_info`
--

/*!50001 DROP VIEW IF EXISTS `vw_waterworks_account_info`*/;
/*!50001 SET @saved_cs_client          = @@character_set_client */;
/*!50001 SET @saved_cs_results         = @@character_set_results */;
/*!50001 SET @saved_col_connection     = @@collation_connection */;
/*!50001 SET character_set_client      = utf8 */;
/*!50001 SET character_set_results     = utf8 */;
/*!50001 SET collation_connection      = utf8_general_ci */;
/*!50001 CREATE ALGORITHM=UNDEFINED */
/*!50013 DEFINER=`root`@`%` SQL SECURITY DEFINER */
/*!50001 VIEW `vw_waterworks_account_info` AS select `ai`.`objid` AS `objid`,`ai`.`acctname` AS `acctname`,`ai`.`owner_objid` AS `owner_objid`,`ai`.`owner_name` AS `owner_name`,`ai`.`address_type` AS `address_type`,`ai`.`address_text` AS `address_text`,`ai`.`address_barangay_objid` AS `address_barangay_objid`,`ai`.`address_barangay_name` AS `address_barangay_name`,`ai`.`address_city` AS `address_city`,`ai`.`address_province` AS `address_province`,`ai`.`address_municipality` AS `address_municipality`,`ai`.`address_unitno` AS `address_unitno`,`ai`.`address_street` AS `address_street`,`ai`.`address_subdivision` AS `address_subdivision`,`ai`.`address_bldgno` AS `address_bldgno`,`ai`.`address_bldgname` AS `address_bldgname`,`ai`.`address_pin` AS `address_pin`,`ai`.`stuboutid` AS `stuboutid`,`ai`.`subareaid` AS `subareaid`,`ai`.`meterid` AS `meterid`,`ai`.`classificationid` AS `classification_objid`,`ai`.`units` AS `units`,`ai`.`attributes` AS `attributes`,`ai`.`meterstate` AS `meterstate`,`ai`.`mobileno` AS `mobileno`,`ai`.`email` AS `email`,`ai`.`phoneno` AS `phoneno`,`wm`.`serialno` AS `meter_serialno`,`wm`.`capacity` AS `meter_capacity`,`wm`.`brand` AS `meter_brand`,`wms`.`title` AS `meter_size`,`sa`.`code` AS `subarea_code`,`a`.`code` AS `subarea_area_code`,`so`.`code` AS `stubout_code` from (((((`waterworks_account_info` `ai` left join `waterworks_subarea` `sa` on((`ai`.`subareaid` = `sa`.`objid`))) left join `waterworks_area` `a` on((`sa`.`areaid` = `a`.`objid`))) left join `waterworks_stubout` `so` on((`ai`.`stuboutid` = `so`.`objid`))) left join `waterworks_meter` `wm` on((`ai`.`meterid` = `wm`.`objid`))) left join `waterworks_metersize` `wms` on((`wm`.`sizeid` = `wms`.`objid`))) */;
/*!50001 SET character_set_client      = @saved_cs_client */;
/*!50001 SET character_set_results     = @saved_cs_results */;
/*!50001 SET collation_connection      = @saved_col_connection */;

--
-- Final view structure for view `vw_waterworks_application`
--

/*!50001 DROP VIEW IF EXISTS `vw_waterworks_application`*/;
/*!50001 SET @saved_cs_client          = @@character_set_client */;
/*!50001 SET @saved_cs_results         = @@character_set_results */;
/*!50001 SET @saved_col_connection     = @@collation_connection */;
/*!50001 SET character_set_client      = utf8 */;
/*!50001 SET character_set_results     = utf8 */;
/*!50001 SET collation_connection      = utf8_general_ci */;
/*!50001 CREATE ALGORITHM=UNDEFINED */
/*!50013 DEFINER=`root`@`%` SQL SECURITY DEFINER */
/*!50001 VIEW `vw_waterworks_application` AS select `app`.`objid` AS `objid`,`app`.`state` AS `state`,`app`.`dtcreated` AS `dtcreated`,`app`.`appno` AS `appno`,`app`.`apptype` AS `apptype`,`app`.`acctid` AS `acctid`,`app`.`acctinfoid` AS `acctinfoid`,`app`.`taskid` AS `taskid`,`wa`.`acctno` AS `acctno` from (`waterworks_application` `app` left join `waterworks_account` `wa` on((`app`.`acctid` = `wa`.`objid`))) */;
/*!50001 SET character_set_client      = @saved_cs_client */;
/*!50001 SET character_set_results     = @saved_cs_results */;
/*!50001 SET collation_connection      = @saved_col_connection */;

--
-- Final view structure for view `vw_waterworks_batch_billing`
--

/*!50001 DROP VIEW IF EXISTS `vw_waterworks_batch_billing`*/;
/*!50001 SET @saved_cs_client          = @@character_set_client */;
/*!50001 SET @saved_cs_results         = @@character_set_results */;
/*!50001 SET @saved_col_connection     = @@collation_connection */;
/*!50001 SET character_set_client      = utf8 */;
/*!50001 SET character_set_results     = utf8 */;
/*!50001 SET collation_connection      = utf8_general_ci */;
/*!50001 CREATE ALGORITHM=UNDEFINED */
/*!50013 DEFINER=`root`@`localhost` SQL SECURITY DEFINER */
/*!50001 VIEW `vw_waterworks_batch_billing` AS select `wb`.`objid` AS `objid`,`wb`.`state` AS `state`,`wb`.`subareaid` AS `subareaid`,`wb`.`dtposted` AS `dtposted`,`wb`.`reader_objid` AS `reader_objid`,`wb`.`reader_name` AS `reader_name`,`wb`.`taskid` AS `taskid`,`wb`.`readingdate` AS `readingdate`,`wb`.`year` AS `year`,`wb`.`month` AS `month`,`wb`.`scheduleid` AS `scheduleid`,`wb`.`objid` AS `batchno`,(case `wb`.`month` when 1 then 'JAN' when 2 then 'FEB' when 3 then 'MAR' when 4 then 'APR' when 5 then 'MAY' when 6 then 'JUN' when 7 then 'JUL' when 8 then 'AUG' when 9 then 'SEP' when 10 then 'OCT' when 11 then 'NOV' when 12 then 'DEC' end) AS `monthname`,`sarea`.`schedulegroupid` AS `subarea_schedulegroupid`,`sarea`.`code` AS `subarea_code`,`sarea`.`barangay_name` AS `subarea_barangay_name`,`area`.`code` AS `area_code`,`p`.`fromdate` AS `period_fromdate`,`p`.`todate` AS `period_todate`,`p`.`readingdate` AS `period_readingdate`,`p`.`readingenddate` AS `period_readingenddate`,`p`.`billdate` AS `period_billdate`,`p`.`billingenddate` AS `period_billingenddate`,`p`.`discdate` AS `period_discdate`,`p`.`duedate` AS `period_duedate`,`p`.`billexpirydate` AS `period_billexpirydate` from (((`waterworks_batch_billing` `wb` join `waterworks_subarea` `sarea` on((`wb`.`subareaid` = `sarea`.`objid`))) join `waterworks_area` `area` on((`sarea`.`areaid` = `area`.`objid`))) left join `waterworks_billing_period` `p` on(((`wb`.`year` = `p`.`year`) and (`wb`.`month` = `p`.`month`) and (`wb`.`scheduleid` = `p`.`scheduleid`)))) */;
/*!50001 SET character_set_client      = @saved_cs_client */;
/*!50001 SET character_set_results     = @saved_cs_results */;
/*!50001 SET collation_connection      = @saved_col_connection */;

--
-- Final view structure for view `vw_waterworks_batch_billing_error`
--

/*!50001 DROP VIEW IF EXISTS `vw_waterworks_batch_billing_error`*/;
/*!50001 SET @saved_cs_client          = @@character_set_client */;
/*!50001 SET @saved_cs_results         = @@character_set_results */;
/*!50001 SET @saved_col_connection     = @@collation_connection */;
/*!50001 SET character_set_client      = utf8 */;
/*!50001 SET character_set_results     = utf8 */;
/*!50001 SET collation_connection      = utf8_general_ci */;
/*!50001 CREATE ALGORITHM=UNDEFINED */
/*!50013 DEFINER=`root`@`localhost` SQL SECURITY DEFINER */
/*!50001 VIEW `vw_waterworks_batch_billing_error` AS select `err`.`objid` AS `objid`,`err`.`batchid` AS `batchid`,`err`.`billid` AS `billid`,`err`.`acctid` AS `acctid`,`err`.`action` AS `action`,`err`.`errmsg` AS `errmsg`,`wa`.`seqno` AS `seqno`,`wa`.`acctno` AS `acctno`,`wai`.`acctname` AS `acctname` from ((`waterworks_batch_billing_error` `err` join `waterworks_account` `wa` on((`wa`.`objid` = `err`.`acctid`))) join `waterworks_account_info` `wai` on((`wai`.`objid` = `wa`.`acctinfoid`))) */;
/*!50001 SET character_set_client      = @saved_cs_client */;
/*!50001 SET character_set_results     = @saved_cs_results */;
/*!50001 SET collation_connection      = @saved_col_connection */;

--
-- Final view structure for view `vw_waterworks_bill`
--

/*!50001 DROP VIEW IF EXISTS `vw_waterworks_bill`*/;
/*!50001 SET @saved_cs_client          = @@character_set_client */;
/*!50001 SET @saved_cs_results         = @@character_set_results */;
/*!50001 SET @saved_col_connection     = @@collation_connection */;
/*!50001 SET character_set_client      = utf8 */;
/*!50001 SET character_set_results     = utf8 */;
/*!50001 SET collation_connection      = utf8_general_ci */;
/*!50001 CREATE ALGORITHM=UNDEFINED */
/*!50013 DEFINER=`root`@`localhost` SQL SECURITY DEFINER */
/*!50001 VIEW `vw_waterworks_bill` AS select `wb`.`objid` AS `objid`,`wb`.`billno` AS `billno`,`wb`.`billdate` AS `billdate`,`wb`.`acctid` AS `acctid`,`wb`.`acctinfoid` AS `acctinfoid`,`wb`.`batchid` AS `batchid`,`wb`.`txnmode` AS `txnmode`,`wb`.`expirydate` AS `expirydate`,`wb`.`state` AS `state`,`wb`.`balanceforward` AS `balanceforward`,`wb`.`billed` AS `billed`,`wb`.`billrefno` AS `billrefno`,`wb`.`printed` AS `printed`,`wb`.`remarks` AS `remarks`,`wb`.`createdby_objid` AS `createdby_objid`,`wb`.`createdby_name` AS `createdby_name`,`wb`.`dtcreated` AS `dtcreated`,`wb`.`validitydate` AS `validitydate`,`wb`.`initial` AS `initial`,`wb`.`step` AS `step`,`wb`.`consumptionid` AS `consumptionid`,`wb`.`totalcredits` AS `totalcredits`,`wb`.`totalprevunpaid` AS `totalprevunpaid`,`wb`.`totalbillunpaid` AS `totalbillunpaid`,`wb`.`billamount` AS `billamount`,`wb`.`totalsurcharge` AS `totalsurcharge`,`wb`.`totalpayment` AS `totalpayment`,`wb`.`totaldiscount` AS `totaldiscount`,`wb`.`year` AS `year`,`wb`.`month` AS `month`,`wb`.`scheduleid` AS `scheduleid`,(case `wb`.`month` when 1 then 'JAN' when 2 then 'FEB' when 3 then 'MAR' when 4 then 'APR' when 5 then 'MAY' when 6 then 'JUN' when 7 then 'JUL' when 8 then 'AUG' when 9 then 'SEP' when 10 then 'OCT' when 11 then 'NOV' when 12 then 'DEC' end) AS `monthname`,`a`.`acctno` AS `acctno`,`ai`.`acctname` AS `acctname`,`a`.`state` AS `acctstate`,`a`.`seqno` AS `seqno`,`ai`.`subareaid` AS `subareaid`,`ai`.`address_text` AS `address_text`,`ai`.`classificationid` AS `classificationid`,`ai`.`stuboutid` AS `stuboutid`,`ai`.`meterid` AS `meterid`,`ai`.`meterstate` AS `meterstate`,`sarea`.`schedulegroupid` AS `subarea_schedulegroupid`,`sarea`.`code` AS `subarea_code`,`sarea`.`barangay_name` AS `subarea_barangay_name`,`area`.`code` AS `area_code`,`p`.`fromdate` AS `period_fromdate`,`p`.`todate` AS `period_todate`,`p`.`readingdate` AS `period_readingdate`,`p`.`readingenddate` AS `period_readingenddate`,`p`.`billdate` AS `period_billdate`,`p`.`billingenddate` AS `period_billingenddate`,`p`.`discdate` AS `period_discdate`,`p`.`duedate` AS `period_duedate`,`p`.`billexpirydate` AS `period_billexpirydate` from (((((`waterworks_bill` `wb` join `waterworks_account` `a` on((`a`.`objid` = `wb`.`acctid`))) join `waterworks_account_info` `ai` on((`wb`.`acctinfoid` = `ai`.`objid`))) join `waterworks_subarea` `sarea` on((`ai`.`subareaid` = `sarea`.`objid`))) join `waterworks_area` `area` on((`sarea`.`areaid` = `area`.`objid`))) left join `waterworks_billing_period` `p` on(((`wb`.`year` = `p`.`year`) and (`wb`.`month` = `p`.`month`) and (`wb`.`scheduleid` = `p`.`scheduleid`)))) */;
/*!50001 SET character_set_client      = @saved_cs_client */;
/*!50001 SET character_set_results     = @saved_cs_results */;
/*!50001 SET collation_connection      = @saved_col_connection */;

--
-- Final view structure for view `vw_waterworks_bill_consumption`
--

/*!50001 DROP VIEW IF EXISTS `vw_waterworks_bill_consumption`*/;
/*!50001 SET @saved_cs_client          = @@character_set_client */;
/*!50001 SET @saved_cs_results         = @@character_set_results */;
/*!50001 SET @saved_col_connection     = @@collation_connection */;
/*!50001 SET character_set_client      = utf8 */;
/*!50001 SET character_set_results     = utf8 */;
/*!50001 SET collation_connection      = utf8_general_ci */;
/*!50001 CREATE ALGORITHM=UNDEFINED */
/*!50013 DEFINER=`root`@`%` SQL SECURITY DEFINER */
/*!50001 VIEW `vw_waterworks_bill_consumption` AS select `wc`.`objid` AS `objid`,`wc`.`billid` AS `billid`,`wc`.`reading` AS `reading`,`wc`.`volume` AS `volume`,`wc`.`amount` AS `amount`,`wc`.`hold` AS `hold`,`wc`.`reason` AS `reason`,`wc`.`readingdate` AS `readingdate`,`wc`.`reader_objid` AS `reader_objid`,`wc`.`reader_name` AS `reader_name`,`prev`.`reading` AS `prev_reading`,`wb`.`batchid` AS `batchid` from ((`waterworks_consumption` `wc` left join `waterworks_bill` `wb` on((`wc`.`billid` = `wb`.`objid`))) left join `waterworks_consumption` `prev` on(((`prev`.`acctid` = `wc`.`acctid`) and (`prev`.`meterid` = `wc`.`meterid`) and (((`prev`.`year` * 12) + `prev`.`month`) = (((`wc`.`year` * 12) + `wc`.`month`) - 1))))) */;
/*!50001 SET character_set_client      = @saved_cs_client */;
/*!50001 SET character_set_results     = @saved_cs_results */;
/*!50001 SET collation_connection      = @saved_col_connection */;

--
-- Final view structure for view `vw_waterworks_change_request`
--

/*!50001 DROP VIEW IF EXISTS `vw_waterworks_change_request`*/;
/*!50001 SET @saved_cs_client          = @@character_set_client */;
/*!50001 SET @saved_cs_results         = @@character_set_results */;
/*!50001 SET @saved_col_connection     = @@collation_connection */;
/*!50001 SET character_set_client      = utf8 */;
/*!50001 SET character_set_results     = utf8 */;
/*!50001 SET collation_connection      = utf8_general_ci */;
/*!50001 CREATE ALGORITHM=UNDEFINED */
/*!50013 DEFINER=`root`@`localhost` SQL SECURITY DEFINER */
/*!50001 VIEW `vw_waterworks_change_request` AS select `wcr`.`objid` AS `objid`,`wcr`.`controlno` AS `controlno`,`wcr`.`apptype` AS `apptype`,`wcr`.`dtcreated` AS `dtcreated`,`wcr`.`acctid` AS `acctid`,`wcr`.`acctinfoid` AS `acctinfoid`,`wcr`.`newacctinfoid` AS `newacctinfoid`,`wcr`.`reason` AS `reason`,`wcr`.`taskid` AS `taskid`,`wa`.`acctno` AS `account_acctno`,`t`.`state` AS `task_state`,`t`.`startdate` AS `task_startdate`,`t`.`enddate` AS `task_enddate`,`t`.`assignee_objid` AS `task_assignee_objid`,`t`.`assignee_name` AS `task_assignee_name`,`t`.`actor_objid` AS `task_actor_objid`,`t`.`actor_name` AS `task_actor_name`,(select `sys_wf_node`.`title` from `sys_wf_node` where ((`sys_wf_node`.`processname` = 'waterworks_change_request') and (`sys_wf_node`.`name` = `t`.`state`))) AS `task_title` from ((`waterworks_change_request` `wcr` join `waterworks_change_request_task` `t` on((`wcr`.`taskid` = `t`.`taskid`))) join `waterworks_account` `wa` on((`wcr`.`acctid` = `wa`.`objid`))) */;
/*!50001 SET character_set_client      = @saved_cs_client */;
/*!50001 SET character_set_results     = @saved_cs_results */;
/*!50001 SET collation_connection      = @saved_col_connection */;

--
-- Final view structure for view `vw_waterworks_compromise`
--

/*!50001 DROP VIEW IF EXISTS `vw_waterworks_compromise`*/;
/*!50001 SET @saved_cs_client          = @@character_set_client */;
/*!50001 SET @saved_cs_results         = @@character_set_results */;
/*!50001 SET @saved_col_connection     = @@collation_connection */;
/*!50001 SET character_set_client      = utf8 */;
/*!50001 SET character_set_results     = utf8 */;
/*!50001 SET collation_connection      = utf8_general_ci */;
/*!50001 CREATE ALGORITHM=UNDEFINED */
/*!50013 DEFINER=`root`@`%` SQL SECURITY DEFINER */
/*!50001 VIEW `vw_waterworks_compromise` AS select `wcr`.`objid` AS `objid`,`wcr`.`controlno` AS `controlno`,`wcr`.`state` AS `state`,`wcr`.`dtcreated` AS `dtcreated`,`wcr`.`acctid` AS `acctid`,`wcr`.`acctinfoid` AS `acctinfoid`,`wcr`.`particulars` AS `particulars`,`wcr`.`taskid` AS `taskid`,`wcr`.`amount` AS `amount`,`wcr`.`downpaymentrate` AS `downpaymentrate`,`wcr`.`downpayment` AS `downpayment`,`wcr`.`term` AS `term`,`wcr`.`startduedate` AS `startduedate`,(`wcr`.`amount` - `wcr`.`downpayment`) AS `balance`,`wa`.`acctno` AS `acctno`,`t`.`state` AS `task_state`,`t`.`startdate` AS `task_startdate`,`t`.`enddate` AS `task_enddate`,`t`.`assignee_objid` AS `task_assignee_objid`,`t`.`assignee_name` AS `task_assignee_name`,`t`.`actor_objid` AS `task_actor_objid`,`t`.`actor_name` AS `task_actor_name`,(select `sys_wf_node`.`title` from `sys_wf_node` where ((`sys_wf_node`.`processname` = 'waterworks_compromise') and (`sys_wf_node`.`name` = `t`.`state`))) AS `task_title` from ((`waterworks_compromise` `wcr` join `waterworks_compromise_task` `t` on((`wcr`.`taskid` = `t`.`taskid`))) join `waterworks_account` `wa` on((`wcr`.`acctid` = `wa`.`objid`))) */;
/*!50001 SET character_set_client      = @saved_cs_client */;
/*!50001 SET character_set_results     = @saved_cs_results */;
/*!50001 SET collation_connection      = @saved_col_connection */;

--
-- Final view structure for view `vw_waterworks_compromise_billitem`
--

/*!50001 DROP VIEW IF EXISTS `vw_waterworks_compromise_billitem`*/;
/*!50001 SET @saved_cs_client          = @@character_set_client */;
/*!50001 SET @saved_cs_results         = @@character_set_results */;
/*!50001 SET @saved_col_connection     = @@collation_connection */;
/*!50001 SET character_set_client      = utf8 */;
/*!50001 SET character_set_results     = utf8 */;
/*!50001 SET collation_connection      = utf8_general_ci */;
/*!50001 CREATE ALGORITHM=UNDEFINED */
/*!50013 DEFINER=`root`@`%` SQL SECURITY DEFINER */
/*!50001 VIEW `vw_waterworks_compromise_billitem` AS select `wcb`.`objid` AS `objid`,`wcb`.`parentid` AS `parentid`,`wcb`.`billitemid` AS `billitemid`,`wcb`.`amount` AS `amount`,`wcb`.`amtpaid` AS `amtpaid`,`bi`.`year` AS `year`,`bi`.`month` AS `month`,`ia`.`title` AS `item_title` from ((`waterworks_compromise_billitem` `wcb` join `waterworks_billitem` `bi` on((`wcb`.`billitemid` = `bi`.`objid`))) join `waterworks_itemaccount` `ia` on((`bi`.`itemid` = `ia`.`objid`))) */;
/*!50001 SET character_set_client      = @saved_cs_client */;
/*!50001 SET character_set_results     = @saved_cs_results */;
/*!50001 SET collation_connection      = @saved_col_connection */;

--
-- Final view structure for view `vw_waterworks_consumption`
--

/*!50001 DROP VIEW IF EXISTS `vw_waterworks_consumption`*/;
/*!50001 SET @saved_cs_client          = @@character_set_client */;
/*!50001 SET @saved_cs_results         = @@character_set_results */;
/*!50001 SET @saved_col_connection     = @@collation_connection */;
/*!50001 SET character_set_client      = utf8 */;
/*!50001 SET character_set_results     = utf8 */;
/*!50001 SET collation_connection      = utf8_general_ci */;
/*!50001 CREATE ALGORITHM=UNDEFINED */
/*!50013 DEFINER=`root`@`%` SQL SECURITY DEFINER */
/*!50001 VIEW `vw_waterworks_consumption` AS select `wc`.`objid` AS `objid`,`wc`.`acctid` AS `acctid`,`wc`.`meterid` AS `meterid`,`wc`.`year` AS `year`,`wc`.`month` AS `month`,`wc`.`billid` AS `billid`,`wc`.`txnmode` AS `txnmode`,`wc`.`reading` AS `reading`,`wc`.`volume` AS `volume`,`wc`.`amount` AS `amount`,`wc`.`state` AS `state`,`wc`.`hold` AS `hold`,`wc`.`reason` AS `reason`,`wc`.`reader_objid` AS `reader_objid`,`wc`.`reader_name` AS `reader_name`,`wc`.`readingdate` AS `readingdate`,`prev`.`reading` AS `prev_reading`,`prev`.`month` AS `prev_month`,`prev`.`year` AS `prev_year`,`wb`.`batchid` AS `batchid` from ((`waterworks_consumption` `wc` left join `waterworks_bill` `wb` on((`wb`.`objid` = `wc`.`billid`))) left join `waterworks_consumption` `prev` on(((`prev`.`acctid` = `wc`.`acctid`) and (`prev`.`meterid` = `wc`.`meterid`) and (((`prev`.`year` * 12) + `prev`.`month`) = (((`wc`.`year` * 12) + `wc`.`month`) - 1))))) */;
/*!50001 SET character_set_client      = @saved_cs_client */;
/*!50001 SET character_set_results     = @saved_cs_results */;
/*!50001 SET collation_connection      = @saved_col_connection */;

--
-- Final view structure for view `vw_waterworks_disconnection`
--

/*!50001 DROP VIEW IF EXISTS `vw_waterworks_disconnection`*/;
/*!50001 SET @saved_cs_client          = @@character_set_client */;
/*!50001 SET @saved_cs_results         = @@character_set_results */;
/*!50001 SET @saved_col_connection     = @@collation_connection */;
/*!50001 SET character_set_client      = utf8 */;
/*!50001 SET character_set_results     = utf8 */;
/*!50001 SET collation_connection      = utf8_general_ci */;
/*!50001 CREATE ALGORITHM=UNDEFINED */
/*!50013 DEFINER=`root`@`localhost` SQL SECURITY DEFINER */
/*!50001 VIEW `vw_waterworks_disconnection` AS select `wcr`.`objid` AS `objid`,`wcr`.`controlno` AS `controlno`,`wcr`.`dtcreated` AS `dtcreated`,`wcr`.`acctid` AS `acctid`,`wcr`.`acctinfoid` AS `acctinfoid`,`wcr`.`reason` AS `reason`,`wcr`.`taskid` AS `taskid`,`wcr`.`amountdue` AS `amountdue`,`wa`.`acctno` AS `account_acctno`,`t`.`state` AS `task_state`,`t`.`startdate` AS `task_startdate`,`t`.`enddate` AS `task_enddate`,`t`.`assignee_objid` AS `task_assignee_objid`,`t`.`assignee_name` AS `task_assignee_name`,`t`.`actor_objid` AS `task_actor_objid`,`t`.`actor_name` AS `task_actor_name`,(select `sys_wf_node`.`title` from `sys_wf_node` where ((`sys_wf_node`.`processname` = 'waterworks_disconnection') and (`sys_wf_node`.`name` = `t`.`state`))) AS `task_title` from ((`waterworks_disconnection` `wcr` join `waterworks_disconnection_task` `t` on((`wcr`.`taskid` = `t`.`taskid`))) join `waterworks_account` `wa` on((`wcr`.`acctid` = `wa`.`objid`))) */;
/*!50001 SET character_set_client      = @saved_cs_client */;
/*!50001 SET character_set_results     = @saved_cs_results */;
/*!50001 SET collation_connection      = @saved_col_connection */;

--
-- Final view structure for view `vw_waterworks_payment_item`
--

/*!50001 DROP VIEW IF EXISTS `vw_waterworks_payment_item`*/;
/*!50001 SET @saved_cs_client          = @@character_set_client */;
/*!50001 SET @saved_cs_results         = @@character_set_results */;
/*!50001 SET @saved_col_connection     = @@collation_connection */;
/*!50001 SET character_set_client      = utf8mb4 */;
/*!50001 SET character_set_results     = utf8mb4 */;
/*!50001 SET collation_connection      = utf8mb4_general_ci */;
/*!50001 CREATE ALGORITHM=UNDEFINED */
/*!50013 DEFINER=`root`@`%` SQL SECURITY DEFINER */
/*!50001 VIEW `vw_waterworks_payment_item` AS select `wpi`.`objid` AS `objid`,`wbi`.`year` AS `year`,`wbi`.`month` AS `month`,`ia`.`title` AS `item_title`,`ia`.`sortorder` AS `item_sortorder`,`wpi`.`amount` AS `amount`,`wpi`.`discount` AS `discount`,`wpi`.`parentid` AS `pmtid` from ((`waterworks_payment_item` `wpi` join `waterworks_billitem` `wbi` on((`wpi`.`refid` = `wbi`.`objid`))) join `waterworks_itemaccount` `ia` on((`wbi`.`itemid` = `ia`.`objid`))) union all select `cr`.`objid` AS `objid`,`wb`.`year` AS `year`,`wb`.`month` AS `month`,'ADVANCE PAYMENT (CREDIT)' AS `item_title`,100 AS `item_sortorder`,`cr`.`dr` AS `amount`,0 AS `discount`,`wp`.`objid` AS `pmtid` from ((`waterworks_credit` `cr` join `waterworks_payment` `wp` on((`wp`.`objid` = `cr`.`paymentrefid`))) join `waterworks_bill` `wb` on(((`wp`.`billid` = `wb`.`objid`) and (`cr`.`dr` > 0)))) */;
/*!50001 SET character_set_client      = @saved_cs_client */;
/*!50001 SET character_set_results     = @saved_cs_results */;
/*!50001 SET collation_connection      = @saved_col_connection */;
/*!40103 SET TIME_ZONE=@OLD_TIME_ZONE */;

/*!40101 SET SQL_MODE=@OLD_SQL_MODE */;
/*!40014 SET FOREIGN_KEY_CHECKS=@OLD_FOREIGN_KEY_CHECKS */;
/*!40014 SET UNIQUE_CHECKS=@OLD_UNIQUE_CHECKS */;
/*!40101 SET CHARACTER_SET_CLIENT=@OLD_CHARACTER_SET_CLIENT */;
/*!40101 SET CHARACTER_SET_RESULTS=@OLD_CHARACTER_SET_RESULTS */;
/*!40101 SET COLLATION_CONNECTION=@OLD_COLLATION_CONNECTION */;
/*!40111 SET SQL_NOTES=@OLD_SQL_NOTES */;

-- Dump completed on 2023-09-27  6:12:25
